scenario_id,object_id,n_valid_steps,pose_minADE,npose_minADE,ade_delta,ade_delta_pct,pose_minFDE,npose_minFDE,fde_delta,fde_delta_pct
df23b6550b40a0b6,2620,42,0.6329039,5.146687,4.513783,87.70269,1.2815334,8.835283,7.55375,85.495285
e1d8ec4bf1152325,5200,71,0.5300398,3.1919746,2.6619349,83.39461,1.3856728,7.528174,6.142501,81.5935
547cfc8e45bfa9be,937,80,1.3251404,3.586822,2.2616816,63.055305,3.1612353,7.5096655,4.34843,57.904446
b7d2dd91dcd8f0d,1524,78,0.5485703,2.7960036,2.2474332,80.380196,0.9382743,5.8678765,4.929602,84.00999
9b5668505d9b683e,1892,34,0.5942758,2.6215644,2.0272887,77.33125,1.1969192,4.8972306,3.7003114,75.559265
f445cb876402f3a4,1154,78,0.91919756,2.8752196,1.956022,68.03035,1.6500951,5.5612097,3.9111147,70.32848
2614c8e809ffc58d,6930,80,6.4667106,8.378144,1.9114337,22.814524,10.521006,14.551463,4.0304575,27.697954
995ecce33ead6f6d,5598,6,0.7383094,2.5899134,1.851604,71.49289,1.2059864,4.850661,3.6446743,75.13769
87a9a5bb1fd7cd17,36,80,0.64703333,2.1863213,1.5392879,70.40539,0.37971708,4.976557,4.59684,92.36989
73a9bd15abfe1326,1688,73,2.0278091,3.5402343,1.5124252,42.721046,3.2339838,6.2418704,3.0078866,48.18887
18c0f0fe66950a38,4081,80,0.26023883,1.7386055,1.4783666,85.031746,0.61455536,4.2108293,3.596274,85.405365
5e0d87f12a74c632,4718,24,0.4701521,1.9385257,1.4683735,75.746925,0.7449399,3.6950877,2.9501476,79.83972
bf929ba7ba2daa5a,5419,60,0.85438603,2.2899487,1.4355626,62.689728,1.3260841,3.7399971,2.413913,64.543175
d41b067dc64a3342,3326,69,0.7966094,2.1978767,1.4012673,63.7555,2.046089,4.320756,2.274667,52.64512
3dd089a044301484,1801,47,2.6206157,4.0145698,1.393954,34.722374,4.8782477,6.3762355,1.4979877,23.493294
b1528553c99957c9,2491,80,1.1379453,2.4507353,1.31279,53.56719,3.2485914,5.585719,2.3371277,41.841125
4e51cd63d721bc81,3183,80,2.2404466,3.5527635,1.3123169,36.93792,4.3574867,7.568238,3.210751,42.424023
cb9627f53f5dce69,2832,25,0.49870473,1.8065028,1.3077981,72.39392,0.6570997,3.2550015,2.5979018,79.812614
11afdcdd1a5f91c4,400,80,0.705189,1.9888523,1.2836633,64.54292,1.3975474,4.509305,3.1117578,69.00748
d59b23818d056c6d,4661,80,2.758522,3.9731812,1.2146592,30.571451,5.647518,7.641484,1.9939656,26.09396
199cd31f14c89ee1,2854,74,1.2048559,2.4142456,1.2093897,50.093895,2.5095234,5.3343897,2.8248663,52.955753
25def949c619625d,3770,80,0.63681674,1.8147179,1.1779011,64.908226,1.2274028,3.67931,2.4519072,66.6404
e4ac922c000fa959,1706,80,2.4323897,3.6097057,1.177316,32.615288,4.674311,7.2004514,2.5261402,35.083084
bbe9639bffe40da5,6622,69,1.0809841,2.2472606,1.1662765,51.897697,1.0220581,4.794213,3.7721548,78.68142
32c9cfa3b5c7080f,2186,80,0.9509615,2.0541942,1.1032327,53.70635,2.3235145,4.477814,2.1542997,48.11052
864ba8308eeec24c,2651,80,0.5707327,1.6610969,1.0903642,65.64122,1.2436347,3.4900362,2.2464015,64.366135
effe653b8f2acd8d,5682,80,0.58395123,1.6689947,1.0850434,65.0118,2.0450044,3.7055795,1.6605752,44.81283
1dc1ccc6abc79efa,3827,80,1.3261857,2.3920085,1.0658228,44.55765,2.7802737,5.44822,2.667946,48.969135
d59a8c97c0980d2a,6056,40,1.4400401,2.4928699,1.0528297,42.233643,2.8291793,5.269722,2.4405427,46.312553
6786c97c43bc3189,1243,80,0.49583688,1.5461805,1.0503436,67.9315,1.3452393,3.8486428,2.5034037,65.0464
5425f0c481d7d97c,2840,80,0.47623724,1.5227692,1.0465319,68.72557,1.2176362,3.31918,2.101544,63.315155
af9dbdcd1d514f77,3106,79,3.3294013,4.371635,1.0422337,23.840822,5.070966,6.589018,1.5180521,23.039125
938996bf114271cf,1542,80,1.0045036,2.033853,1.0293494,50.610806,2.51675,4.289919,1.7731688,41.333385
b6b8ab25a92dc4f9,3609,80,4.7977962,5.823667,1.0258708,17.615547,10.689834,12.069682,1.3798485,11.432351
11a35dc852dd3ff9,2790,80,0.12929466,1.1545812,1.0252866,88.8016,0.32861328,2.39675,2.0681367,86.289215
59354509b119d00a,3342,32,0.15009473,1.1745478,1.024453,87.22106,0.17067508,2.4258893,2.2552142,92.96443
7851fede3ef0dbd0,2990,80,0.6500229,1.6713836,1.0213606,61.108692,2.399967,3.0289898,0.62902284,20.766752
67c985e6803a25bc,3173,80,1.3514396,2.372056,1.0206164,43.026657,2.795627,4.9933105,2.1976833,44.012554
fa952b896db6143,5002,80,0.943806,1.9642826,1.0204766,51.95162,1.6666361,3.7957823,2.129146,56.09242
13ceed86f58effc3,846,80,0.310382,1.3301743,1.0197923,76.66606,0.6852354,2.8700395,2.184804,76.12453
eebce1c44fb58740,1839,35,1.6860697,2.7008586,1.0147889,37.572826,2.8948197,5.039405,2.1445851,42.55632
74925b002db2fce3,710,80,0.3056856,1.3140243,1.0083387,76.73668,0.6355584,2.7982967,2.1627383,77.28767
fafa1b8fdeaef613,676,77,0.81295323,1.8162138,1.0032606,55.239124,1.4846207,3.773982,2.2893615,60.661697
5bfa4277928b69e2,6244,80,6.0553794,7.0492835,0.9939041,14.099364,15.003041,16.764606,1.7615652,10.507644
4fa7fdc3b59033dc,5614,80,1.3180249,2.3054433,0.9874184,42.829872,2.308745,4.521125,2.21238,48.93428
49b5d0dc6cb63def,637,79,0.5714896,1.5564747,0.9849851,63.28308,2.1546452,4.2561297,2.1014845,49.37548
c70f3823a1f4b39e,4471,77,0.9118766,1.8946278,0.9827512,51.87041,1.89362,4.479111,2.5854912,57.72331
1f01ba5de06eefab,3961,77,4.5597997,5.5420213,0.9822216,17.723166,10.287035,12.416242,2.1292067,17.14856
74e81892c576c1e0,1510,75,0.77450633,1.7382483,0.963742,55.443287,1.6894867,4.013452,2.3239653,57.9044
31f0c15b3b7290ac,2493,80,1.0244944,1.9825394,0.958045,48.324135,2.3407288,4.281689,1.9409604,45.33165
1bb085667eadc231,464,80,0.8629074,1.8201408,0.9572334,52.591175,1.4885044,3.0001924,1.511688,50.386368
662d7e4ded8de553,3159,80,0.9618474,1.9188118,0.9569644,49.87276,2.3102598,4.1046143,1.7943544,43.71554
497c59c0beee7859,1474,80,0.2529405,1.2095314,0.9565909,79.08772,0.5178909,2.6237948,2.1059039,80.261765
3282b7210eb668f5,1262,80,1.0029445,1.9588782,0.9559337,48.800056,2.2991767,4.2092094,1.9100327,45.37747
36632ac939549826,1280,43,0.25328693,1.2073958,0.95410883,79.02204,0.40068313,2.8910143,2.4903312,86.140396
e6bc797c0b9ff9b9,854,78,0.3301308,1.2764853,0.9463545,74.13751,0.43736756,2.5108657,2.0734982,82.58101
fcd0472aa3fb5380,75,77,0.4272202,1.372851,0.9456308,68.880806,0.8623946,2.8015208,1.9391263,69.21691
b097409cff1c4629,4643,80,1.2077157,2.152109,0.94439316,43.88222,2.5186331,4.8097076,2.2910745,47.63438
4979ec60d0f56fd8,2206,80,2.7335057,3.6740804,0.94057465,25.600275,6.805222,8.81828,2.0130582,22.828241
7d1368aa79ab7914,4069,80,0.3367223,1.2768446,0.9401223,73.62856,0.7259374,2.8640625,2.1381252,74.65358
34d8cf51fb3fa674,3706,80,0.27081105,1.2100408,0.9392297,77.619675,0.48359567,2.4957259,2.0121303,80.62305
60c4de02c26c2da7,3447,80,1.3593439,2.297463,0.93811905,40.832825,2.6321027,4.486284,1.854181,41.329998
4061bab692bcbf80,3329,80,0.7754173,1.7111727,0.9357554,54.68503,1.6350796,3.6581287,2.023049,55.30284
21d0aea8d84b83f8,1040,80,0.9241748,1.8590845,0.9349097,50.28871,2.2144349,4.086211,1.8717763,45.807137
449495eb04178e2d,143,72,0.6921986,1.6270771,0.9348785,57.457542,1.3396444,3.173615,1.8339705,57.788063
64f73dc1cc0db186,13,80,0.41940767,1.3510939,0.9316862,68.95792,0.87594473,2.8839946,2.00805,69.62739
eb786ab2ed1c47fe,1611,77,0.5361632,1.4657263,0.92956305,63.41996,1.049369,3.0549226,2.0055537,65.6499
2c8f1d0a33a16a1f,3469,78,0.32241407,1.2512352,0.9288212,74.23234,0.6638011,2.7030058,2.0392046,75.44211
97a0571d3800d4c0,3476,80,0.55657536,1.4851593,0.9285839,62.5242,1.2624513,3.2363236,1.9738723,60.99119
15dd723e2f0475cf,4367,78,0.41534653,1.3425748,0.92722833,69.06344,1.0282968,2.9541237,1.9258269,65.19114
7eb7d2549f248a83,454,80,0.3476118,1.2726343,0.9250225,72.685646,0.68315625,2.5713787,1.8882225,73.4323
18ac1d042cd1e81,4662,80,0.4132999,1.3382343,0.9249344,69.11603,0.50249374,2.5901358,2.0876422,80.59972
78ad573283fb5a49,2670,80,0.29399806,1.2171055,0.92310745,75.84449,0.55794597,2.592853,2.034907,78.481384
971dfb467b358604,5125,38,0.18449375,1.1073384,0.92284465,83.33899,0.30153745,2.3869255,2.085388,87.36712
729a979ba8cbe536,4273,80,0.20747097,1.1291846,0.92171365,81.62648,0.6160749,3.0417528,2.4256778,79.74605
529c6e28ed055a2f,274,76,0.620072,1.5383557,0.9182837,59.69255,1.3366183,3.423557,2.0869389,60.958202
9dcfac545d6dfff8,5272,80,0.9804548,1.8958299,0.9153751,48.28361,1.9354565,3.9133081,1.9778516,50.54168
9d601141b0363feb,3334,80,0.3925361,1.3061069,0.9135708,69.9461,0.7725744,2.6803627,1.9077883,71.1765
556eab28e902b799,1114,75,2.9619355,3.8754554,0.91351986,23.571936,5.923744,7.476871,1.5531268,20.772417
dda5896f9ca1a6e2,3087,80,0.9502077,1.8624436,0.91223586,48.98059,3.1818914,5.0343895,1.852498,36.796875
43d8c298ce70093,4822,80,0.19796762,1.1084006,0.91043293,82.13934,0.28580645,2.3403385,2.054532,87.78782
8450e1592a9f214,3517,5,1.9456661,2.8528898,0.9072237,31.800165,2.5946362,3.9295657,1.3349295,33.971424
dd696a40788e0714,1079,78,0.30015385,1.2010748,0.900921,75.00956,0.6999968,2.6593864,1.9593896,73.67825
1441b2233c6e5146,5363,80,0.2941348,1.194958,0.9008232,75.385345,0.65739524,2.5380979,1.8807026,74.0989
1efafdbd162361e0,3339,80,0.54731876,1.4471501,0.89983135,62.179546,1.1328641,3.5511503,2.4182863,68.09868
2d97c5d2b679b550,2156,80,1.4702288,2.3696728,0.899444,37.956463,2.6395512,5.1726193,2.5330682,48.970707
15d32870678fc078,654,80,0.571879,1.4713085,0.89942944,61.131264,1.4210287,3.3042479,1.8832191,56.993885
3b42cd06908e38c2,2961,80,0.52644295,1.4251277,0.8986848,63.05995,1.0820503,2.4182305,1.3361802,55.25446
589e9dd426923162,4100,80,2.252522,3.1508985,0.89837646,28.511757,5.5404363,7.268658,1.7282219,23.776354
78fa65ea7819e84d,1206,80,0.89176655,1.7899675,0.898201,50.179737,1.8226179,3.748008,1.9253901,51.371025
4382cc6f1e8deda0,1470,80,0.44515967,1.342943,0.8977833,66.85193,1.0524637,3.071417,2.0189533,65.73361
4fed8b621e8b52c7,3786,80,0.47937456,1.3764187,0.8970442,65.17233,1.4368253,3.2514744,1.8146491,55.81004
170399d989240d55,1252,80,0.6586031,1.5538226,0.89521956,57.61401,1.4561471,3.4130068,1.9568597,57.335358
e54a77ad521ee39,22,79,0.41064143,1.3018134,0.89117193,68.4562,0.815775,2.802297,1.9865222,70.88906
e2e2fb9f9ef4589c,1576,78,0.97130436,1.8615296,0.89022523,47.822247,2.1896002,4.098049,1.9084489,46.569695
d8c0eef73d757b23,3358,80,0.8159231,1.7056282,0.88970506,52.1629,1.5349643,3.437575,1.9026108,55.347466
71ed8f3b9fbc2ba1,4086,80,0.69875795,1.588354,0.88959605,56.007416,1.4151447,3.347588,1.9324434,57.726437
18f3910300aee44c,3325,80,0.9919529,1.8807182,0.88876534,47.2567,1.8253825,3.7602925,1.93491,51.456367
9cde87893b8b4a5c,4263,80,0.6542827,1.5419229,0.88764024,57.567097,1.6899117,3.4457533,1.7558416,50.956684
1333a8922dc53f35,900,76,1.0829155,1.9699689,0.8870534,45.0288,2.3083177,4.078452,1.7701344,43.402115
387bc7cfce10067d,26,80,0.42586294,1.3123977,0.8865348,67.55077,0.89486074,2.8368394,1.9419787,68.45571
15ba624c7ff6b480,4102,80,0.44659323,1.3306907,0.8840975,66.43899,0.8882991,2.7842915,1.8959924,68.09605
48037a366207e35e,2134,25,0.8892793,1.7729877,0.8837084,49.842896,1.1471779,2.862534,1.7153561,59.924393
c051802736973af7,2523,80,0.25268432,1.1361854,0.88350105,77.76029,0.6132137,2.2981536,1.6849399,73.31711
fed2e61984201b6,4043,80,0.94077224,1.8220001,0.8812279,48.365963,2.3958285,4.33906,1.9432313,44.78462
de1a4420c21a92a6,1815,80,0.44791943,1.3288658,0.88094634,66.293106,0.9840134,2.8778238,1.8938105,65.80703
c215579c44e19ead,867,80,0.5792696,1.4580619,0.87879235,60.271263,0.93313515,2.867349,1.9342138,67.45652
eb0b99aa1426c924,4013,80,1.1696458,2.0474162,0.8777704,42.872105,2.1863387,4.1136107,1.9272721,46.851105
85d6ef715077c105,4037,80,0.22734849,1.1042894,0.8769409,79.41223,0.34143823,2.2682343,1.926796,84.94695
abdc1aa5fde95af4,2583,80,0.8915369,1.7683871,0.8768502,49.584743,1.479255,3.2806275,1.8013725,54.90939
aff0750333eee293,2068,80,0.7502886,1.6260517,0.87576306,53.858257,1.6427194,3.4773605,1.8346411,52.759586
c394a2ea0825b1ce,3133,80,1.173412,2.0467227,0.8733107,42.668736,2.9372997,4.537718,1.6004181,35.269226
6a495aaad06f8e7e,73,80,0.7042717,1.5771214,0.8728497,55.344486,1.296647,3.2669265,1.9702796,60.30988
5a392626b4152f17,3907,80,0.91688555,1.7883183,0.8714327,48.72917,1.7897121,3.7094963,1.9197842,51.753227
2963c3607b8019b9,3249,80,0.10847316,0.97982013,0.87134695,88.929276,0.18577185,2.2167275,2.0309556,91.61954
646597b908236566,4141,80,1.4849346,2.35535,0.87041545,36.954823,3.1530633,5.0486937,1.8956304,37.546947
81832996f5ffce66,1560,80,1.1706517,2.0401387,0.86948705,42.61902,2.87424,4.818376,1.9441361,40.34837
fb3c27453bf9ccf,4461,75,1.3297015,2.1987953,0.8690938,39.525906,2.2779868,4.3856754,2.1076887,48.058475
bd564e98cc5c9347,2306,80,1.6050466,2.4738045,0.86875784,35.11829,3.6375124,5.3960304,1.758518,32.589104
675e56cb8a9421fb,2625,75,0.26191565,1.1278522,0.8659365,76.77748,0.5173771,2.4542835,1.9369063,78.919426
48a383ad74aa979c,498,60,0.17236064,1.0378058,0.86544514,83.39182,0.16902803,2.166311,1.997283,92.197426
fd10631f5e461350,4479,80,1.0699213,1.934789,0.8648677,44.70088,2.6391222,4.429048,1.7899258,40.41333
c54ec77eae49cc98,1908,80,0.18532889,1.0498438,0.8645149,82.347,0.2671543,2.205319,1.9381646,87.88591
99819e509907299c,6873,80,1.1013335,1.965255,0.8639215,43.959766,2.2201645,4.094002,1.8738372,45.77031
c058d5c920a886c0,1977,80,0.31831673,1.1804782,0.8621615,73.034935,0.72736853,2.5322905,1.8049219,71.27626
d1b1fd6112892b45,2291,80,0.26644745,1.1271955,0.86074805,76.361916,0.8617726,2.4675984,1.6058259,65.07647
22b2d0608d31e8a1,415,80,1.0922168,1.9520991,0.85988224,44.049107,2.3851979,4.211808,1.8266103,43.368793
3dcf83891c34263f,2133,70,0.3240552,1.1834974,0.85944223,72.61885,0.8018057,2.722304,1.9204984,70.5468
824a0d32dc5d333c,2485,80,0.44898373,1.3076583,0.8586746,65.66506,1.0295211,2.925521,1.8959998,64.80897
246caa1b0ffeca8d,5001,80,0.09210947,0.9494627,0.8573532,90.298775,0.078508206,2.0202422,1.941734,96.11392
7f1775686712791a,433,80,0.3463483,1.2034562,0.8571079,71.22053,0.7726318,2.611238,1.8386061,70.411285
5ba66be810a4b85c,1937,80,0.87857884,1.734307,0.8557282,49.341217,1.7453722,3.6175146,1.8721424,51.752174
26597a5a95c142ef,1549,76,0.115267456,0.9699468,0.85467935,88.116104,0.08384374,2.2286322,2.1447885,96.237885
b5e5ece83279cb91,3446,80,0.17564714,1.0293132,0.85366607,82.9355,0.19886166,2.2239802,2.0251186,91.058304
2622a8c1b17ed41a,2811,80,0.88707983,1.7391726,0.85209274,48.994144,1.6745163,3.4530776,1.7785612,51.506554
7f4e6e89749705ab,1647,80,0.48463792,1.3357477,0.8511098,63.717854,0.8078991,2.7550519,1.9471527,70.67572
790c12ffed169b7d,268,67,0.053762805,0.90128934,0.84752655,94.034904,0.09892065,2.0611155,1.9621948,95.20062
f73be7f4cfdfdbff,443,80,2.9245868,3.77012,0.84553313,22.427221,6.1096935,8.006416,1.8967228,23.690035
451d377d1ea1534e,4230,80,0.24166545,1.0856546,0.84398913,77.74011,0.6690166,2.496174,1.8271575,73.19832
95bf06646c5767f1,2560,79,0.46987736,1.3119254,0.84204805,64.18414,1.0456938,3.2254596,2.1797657,67.58
2b5401ba7bc0c2ad,1750,80,0.70674133,1.5473801,0.84063876,54.326584,1.4607968,3.3088336,1.8480368,55.85161
1c3ddd4b0e5af46d,1357,80,0.23106727,1.0706017,0.8395344,78.41706,0.5170247,2.364653,1.8476284,78.135284
d598b0f0b0bb4501,1969,77,0.49122435,1.3305051,0.8392808,63.079857,1.0653845,2.951731,1.8863465,63.90645
b513c33786e77eaf,833,80,0.31151518,1.1494242,0.837909,72.89815,0.58285564,2.440324,1.8574684,76.11565
b1f47d991f499a7f,1694,74,2.292529,3.13021,0.8376808,26.761171,4.261095,6.4994235,2.2383285,34.438877
c302ab40cd9cc976,1034,67,0.33310008,1.1653725,0.8322724,71.416855,0.7913461,2.440716,1.64937,67.57729
52908d272436da52,3384,64,0.5690693,1.4011838,0.8321145,59.38653,1.0426761,2.9576647,1.9149886,64.74664
792a0e054c4f287f,56,80,0.8045678,1.634497,0.82992923,50.77582,1.7523149,3.6399324,1.8876175,51.858585
1c8c1efe9255be88,4405,77,0.7550491,1.5844396,0.8293905,52.345985,1.5386328,2.874719,1.3360862,46.477108
f04895c4ed5c7b22,803,75,0.62936825,1.4582859,0.8289177,56.841915,1.4757088,3.3569422,1.8812333,56.04009
add0b1aa8a1258ae,930,78,0.6611371,1.4893974,0.8282603,55.61043,1.5476769,3.3241389,1.776462,53.44127
beb7e72c37256948,6232,80,1.1059269,1.932167,0.8262402,42.762356,2.2029107,4.021172,1.8182614,45.217197
d8db476d708725a0,8070,80,1.1011959,1.9253323,0.8241364,42.80489,2.2980282,4.1392426,1.8412144,44.481915
6ee3d96a9d544c01,2668,70,0.4929319,1.3143486,0.8214167,62.49611,1.0109109,2.733769,1.7228581,63.02135
8c270fe5647eb33f,2184,80,0.77357733,1.593181,0.8196037,51.444477,1.7108576,4.0279403,2.3170826,57.525246
147ed73b2ae2a066,5053,74,0.3577841,1.1757969,0.8180128,69.57093,0.7785189,3.073584,2.2950652,74.67065
c42dde0e999e51d7,2237,80,0.6283921,1.4453892,0.81699705,56.524364,1.327897,3.1992254,1.8713285,58.49317
81884bc54dcc5a28,6509,80,0.60263914,1.4182512,0.815612,57.50829,0.9405199,2.8716514,1.9311315,67.248116
ab69a4132dbc3a47,1756,80,0.17610468,0.991315,0.81521034,82.235245,0.51014525,1.8974442,1.3872991,73.11409
52a6a31516bde069,3266,53,0.8207532,1.6341662,0.813413,49.775417,1.6643679,3.4034734,1.7391055,51.097958
e6bf6dc67cd0b3a0,3285,80,1.5104201,2.323073,0.8126528,34.981804,3.392321,5.0625076,1.6701865,32.99129
fd588bf4c9b5971d,4649,80,0.58174896,1.3937726,0.81202364,58.26084,1.1813171,3.0211275,1.8398104,60.898136
f65740d5f3c16e7b,82,75,1.122319,1.934194,0.811875,41.97485,2.5759056,4.3438883,1.7679827,40.700466
a09a2a737eb37c68,5860,73,0.33602682,1.1462171,0.8101903,70.683846,0.69603974,2.5821517,1.886112,73.0442
96b35f1ccf11ad45,1810,80,0.7824732,1.5893795,0.80690634,50.76864,1.3057089,3.2123766,1.9066677,59.353806
262a80d4301a0e2,1734,80,0.7731787,1.5792704,0.80609167,51.04203,1.8423994,3.5959902,1.7535908,48.765175
15b6afac916abc25,1671,80,2.1758742,2.981934,0.80605984,27.031443,5.1039863,6.8175726,1.7135863,25.134846
8ad2d9ab99b564ac,4776,76,0.54629064,1.3519007,0.80561006,59.59092,1.0108484,3.123913,2.1130648,67.6416
5f86451143403a0d,47,80,0.39092132,1.1948426,0.8039212,67.28261,0.6657768,2.439139,1.7733622,72.70444
737b99db2eeccb1b,1463,80,1.7877995,2.5913575,0.803558,31.009153,4.053299,5.863655,1.8103561,30.874193
bbb62071a4dc6691,8834,80,0.44091925,1.2443067,0.8033874,64.56506,1.0219214,2.7225409,1.7006195,62.46442
b138a10b40a28766,4346,80,1.0500164,1.8530304,0.80301404,43.33518,2.4954123,4.2054753,1.710063,40.662773
154947dc932db2e,3038,80,1.3255827,2.1259124,0.8003297,37.646408,3.5378108,5.364991,1.8271804,34.057472
7721ff4800156886,1577,80,0.7133195,1.5109608,0.79764134,52.790337,1.7446235,3.545153,1.8005294,50.78848
455b5f07240945a7,2991,80,1.0226371,1.8190603,0.7964232,43.78212,2.1737695,3.9380124,1.7642429,44.80034
a4f4dd5895225b74,806,80,0.45792332,1.2530133,0.79508996,63.454235,0.9193566,2.6758785,1.7565219,65.642815
e5ccd3a2e0e69a45,3309,80,0.15705918,0.9511601,0.7941009,83.48762,0.30008012,2.13719,1.83711,85.95913
92f631b572fa1e7f,6481,80,0.7248429,1.5184923,0.79364944,52.26562,1.4890484,3.25466,1.7656115,54.248726
948760286866e94b,2683,73,1.2144015,2.007358,0.7929566,39.5025,2.8195033,4.4760046,1.6565013,37.00848
7ef61cac9680f9fd,896,80,0.16266471,0.9555356,0.7928709,82.97659,0.24223515,1.9640977,1.7218626,87.66685
95420b3bcc798c13,4304,74,0.5497397,1.3420057,0.792266,59.03596,1.0406021,2.9286928,1.8880907,64.46872
c4f69c6b5e708c93,6668,80,0.44210282,1.2340072,0.79190445,64.17341,1.1441729,2.8859265,1.7417536,60.353355
696d414b7c440196,627,80,1.6929909,2.4845996,0.7916087,31.860615,2.7531512,4.516847,1.763696,39.04706
1772895bbe6d9b34,6072,80,0.5176083,1.3091462,0.7915379,60.462147,1.1520209,2.9766705,1.8246496,61.29834
87c92f90d4013d88,2203,79,0.8115922,1.6026665,0.7910743,49.359882,1.7826399,3.5695624,1.7869226,50.059994
d604994a9a0f1832,6254,75,2.7138326,3.5046477,0.7908151,22.564754,6.199719,7.847661,1.6479421,20.99915
8dce8a5fd9c58757,4171,80,1.3868577,2.174257,0.7873993,36.214638,2.742959,4.549863,1.8069038,39.713367
ab03d3ca1fcea46b,3172,80,0.734876,1.5213922,0.78651625,51.69714,1.643839,3.4550622,1.8112231,52.422302
ef36fa85fca5e8a5,4879,41,0.3126468,1.0990636,0.7864168,71.55335,0.82422,2.4171443,1.5929244,65.90109
ba3be339ec353d6c,2234,80,1.2139221,1.9988258,0.78490365,39.268238,1.9810009,3.459879,1.478878,42.743637
c59ed57d4295f9c2,3692,80,0.13759014,0.92237586,0.78478575,85.08308,0.17696138,1.9588356,1.7818742,90.96599
c93bfbfb8a56af70,2141,77,0.67816824,1.4626485,0.7844803,53.63423,1.2172487,3.0015125,1.7842638,59.445488
5ce13e00b105267e,58,80,0.6494836,1.4329479,0.78346425,54.675,1.3631351,3.1872191,1.824084,57.231213
276dc316af4df70f,3862,80,1.1550405,1.9379944,0.78295386,40.40021,2.4072838,4.1706924,1.7634087,42.280956
80efbf873c5e38be,1037,80,0.53868943,1.3214462,0.78275675,59.234856,1.2624657,3.0818567,1.819391,59.035545
8e8bfa9156541979,3002,80,11.357294,12.13967,0.7823763,6.4447904,23.101738,25.052656,1.9509182,7.787271
d5dcd2659aeefa41,1039,80,0.27558833,1.0566449,0.7810566,73.91855,0.742735,2.3175712,1.5748361,67.952
434eb20314b13b2c,4889,80,0.8565613,1.6371739,0.7806126,47.680492,1.840343,3.9301734,2.0898304,53.174
e29bd3fdeb762c10,3755,76,0.35756838,1.1380866,0.7805182,68.58162,0.6086461,2.5832207,1.9745746,76.43848
cbb6efec9852807,921,79,0.341622,1.1217171,0.7800951,69.54472,0.67040277,2.4875276,1.8171248,73.04943
65d3c61c276660a8,2600,80,1.0995939,1.8796476,0.78005373,41.5,2.0735111,3.8474674,1.7739563,46.107117
380c94b201710e16,2420,77,0.08120289,0.858145,0.77694213,90.53739,0.072345175,1.8633583,1.7910131,96.117485
427faea7e6e98758,2958,66,2.5928178,3.3693936,0.7765758,23.047941,5.5731063,7.338145,1.7650385,24.052925
3f5c25d7205f8dff,4530,80,1.905575,2.6818805,0.77630544,28.94631,3.6832583,5.8544483,2.17119,37.08616
3abe666aa823803f,4656,80,1.3262126,2.1016035,0.77539086,36.895203,2.878029,4.5420146,1.6639855,36.635406
f4039d06efce7f88,971,80,0.49452192,1.2695336,0.7750117,61.046963,1.0154167,3.0346236,2.019207,66.53896
acce09983a2db616,641,80,0.552865,1.3264447,0.7735797,58.319782,1.3126527,3.0804315,1.7677788,57.387375
cf7373408f2222b5,1016,80,0.87628096,1.6498048,0.77352387,46.88578,1.9082563,3.673924,1.7656677,48.059452
47e2f206342b3f2,8919,80,1.2177385,1.9889927,0.7712542,38.77612,2.656315,4.3875823,1.7312672,39.45834
367e2c6f8db20161,1650,80,0.31076857,1.0815856,0.77081704,71.26731,0.8051088,2.5607674,1.7556586,68.55986
c60661ef18cded78,2024,80,0.28434747,1.0539619,0.7696144,73.02109,0.6317176,1.9693264,1.3376088,67.92215
911736add85f437d,3482,80,0.81252337,1.5820782,0.76955485,48.642025,1.9039968,3.636749,1.7327522,47.645638
b105ad93932c7b7f,55,80,0.4352235,1.2017217,0.7664982,63.78334,1.0445751,2.354831,1.3102559,55.641186
55ad95e0bdba6b6,6480,80,1.0017359,1.767108,0.76537204,43.312126,2.27355,3.876684,1.6031339,41.353226
74c00c0afee5e879,296,80,0.3335114,1.0988233,0.7653119,69.648315,0.5416275,1.7847326,1.243105,69.652176
8583371c8eab1563,134,80,0.7212622,1.4833419,0.7620797,51.37586,1.4989475,3.1971424,1.6981949,53.116024
f5ee22ec38ade4e5,3825,79,0.86812437,1.6294671,0.76134276,46.72342,1.809802,3.5483024,1.7385004,48.99527
d4fe81ab4c846d50,2483,80,0.9888762,1.7494996,0.76062334,43.476624,2.3320615,4.1050515,1.77299,43.190445
8d3c1bb534e5521,4753,80,0.24827567,1.0069029,0.7586273,75.34264,0.33391306,2.1159348,1.7820218,84.219124
585cff22184d4c95,1368,80,0.7965499,1.5543042,0.7577543,48.751995,1.829607,3.3675473,1.5379403,45.66945
6e51d1234a15e720,7909,80,0.38254264,1.1401217,0.7575791,66.44721,1.3397181,2.5580537,1.2183356,47.627445
4f249a7ecc2f7ecf,699,80,0.68405265,1.441056,0.75700337,52.531155,1.3635947,3.5834432,2.2198486,61.947365
db1b9059a07e90f9,4667,80,0.7809518,1.536878,0.7559262,49.18583,2.7230768,4.649333,1.9262562,41.43081
d8a38944573584a1,5694,80,0.39126402,1.147146,0.75588197,65.892395,1.2717544,3.0747511,1.8029968,58.638786
1d32f918882e1228,2427,63,1.2685646,2.0241816,0.755617,37.329506,2.764214,4.2022824,1.4380684,34.221127
6282cf3de563c79a,5268,70,0.16066085,0.91533685,0.754676,82.4479,0.36287126,2.0390296,1.6761583,82.20373
93ca41642542ffa8,1512,67,0.34383786,1.0962536,0.7524158,68.63519,0.86936224,2.479285,1.6099228,64.93496
e508e8ac65f47948,2601,30,0.28905883,1.041424,0.75236523,72.24389,0.49881342,2.373822,1.8750086,78.98691
8e3739112f0f5f25,3876,80,0.12950443,0.878708,0.74920356,85.26195,0.15756436,2.062564,1.9049995,92.360756
88596ca0970eb369,3263,80,0.17789814,0.9267374,0.74883926,80.803825,0.310172,1.8845835,1.5744115,83.54162
5901d69f4a70538e,4088,80,1.271458,2.0196643,0.74820626,37.04607,2.845091,5.035742,2.1906507,43.502045
f65d1911234812de,2285,80,0.8131585,1.5612439,0.7480854,47.915985,2.8880887,2.891054,0.0029652119,0.10256509
94975955428fd57e,839,74,0.7025905,1.4490745,0.746484,51.514538,1.5944855,3.1104205,1.515935,48.7373
28032b338efb6bf9,5128,80,4.817968,5.564299,0.7463312,13.412852,8.798674,10.084727,1.2860537,12.752488
a7aa2f08aa337996,1325,80,0.4032666,1.14889,0.7456234,64.89946,0.89551526,2.4089344,1.5134192,62.825256
438cd1832f0c647a,438,75,0.42393076,1.1693673,0.74543655,63.746994,0.8628967,2.8780484,2.0151517,70.01799
3f6d18ea7f96ba97,5349,80,0.61514914,1.3600018,0.74485266,54.7685,1.4610889,3.1650257,1.7039368,53.83643
245f40e87480ba50,5898,80,1.6756265,2.419142,0.7435155,30.734676,2.9564114,4.6865015,1.7300901,36.916454
59b8519b1a0edf7a,987,80,0.7118038,1.4553066,0.74350286,51.089085,1.4108845,3.080175,1.6692904,54.194664
2d342fd9ee017d02,826,80,0.9360431,1.6793789,0.7433358,44.262543,2.2779179,3.9740722,1.6961544,42.68051
de49bd13b41e3144,1443,80,2.427722,3.1707416,0.7430196,23.43362,5.3326793,6.9380126,1.6053333,23.13823
b4ed35b340517a5c,2774,70,0.70949566,1.4509951,0.7414994,51.10282,1.6419232,3.2895668,1.6476436,50.086945
72597d738f25d12a,3286,80,0.96543443,1.7038739,0.73843944,43.338856,2.3123162,3.809109,1.4967928,39.29509
3d055e0641eafeb3,2451,80,0.15055819,0.8873469,0.73678875,83.032776,0.174963,1.9227622,1.7477992,90.90044
1e0467f46d81522d,2779,80,0.26775253,1.0031189,0.73536634,73.308,0.86186826,1.8109548,0.94908655,52.408073
c0bbc103a37b5a96,477,80,1.8315738,2.5631325,0.7315587,28.541586,4.0376744,6.337176,2.2995014,36.2859
d2e9cf2a9c866ccc,3741,39,0.35640505,1.0879132,0.73150814,67.23957,0.5299254,1.4774612,0.9475358,64.132706
b1041ea7dbedd3a8,3341,80,2.634127,3.3648918,0.73076487,21.717337,5.4029546,6.7472253,1.3442707,19.923311
7a35cc877fb52cdc,1902,80,0.8389269,1.5679692,0.7290423,46.495956,1.7619244,3.5414112,1.7794868,50.247955
77b619bb085de049,4784,80,1.1663287,1.8941233,0.72779465,38.42383,2.464692,4.392086,1.9273939,43.883335
b0a9a3f3457b4d84,5016,80,0.90187675,1.6290224,0.7271456,44.636932,1.9928678,3.6774924,1.6846246,45.80906
fccd9a25a2a57a73,1210,76,0.8460325,1.5726862,0.7266537,46.20462,1.7037616,3.5564706,1.852709,52.094036
d94818cadd43f404,1948,80,1.007762,1.7308811,0.72311914,41.777515,1.9641877,5.028954,3.0647664,60.942425
63f56afdc108180a,3845,67,0.5705576,1.2931619,0.7226043,55.878872,1.2660384,3.2969606,2.0309222,61.599834
8a89468ec8e3ff7c,5097,80,1.0768205,1.7985379,0.72171736,40.128006,2.389107,4.005037,1.6159298,40.34744
e2b10fd050d114c0,2090,80,0.72924805,1.450954,0.7217059,49.740097,1.4652684,3.3890557,1.9237874,56.764706
52eb29b97584b17c,257,80,0.41330463,1.1347967,0.7214921,63.578976,1.3238955,2.804798,1.4809024,52.798904
bc55572ee22ecdd9,1616,80,1.3239226,2.0453548,0.7214322,35.271736,2.7185345,4.3453555,1.626821,37.438156
796ed0eaa68db7ac,3375,80,0.7816602,1.5026611,0.7210009,47.981606,2.2682068,3.777559,1.5093522,39.955753
ea727717276fe62d,269,80,0.43368846,1.1545389,0.7208504,62.43622,0.84281975,2.507464,1.6646442,66.387566
1544349f1c340ef4,2395,80,0.6544339,1.3729731,0.7185392,52.33454,1.945583,3.1718125,1.2262295,38.660217
b35b8f0d86b962b1,3206,80,0.99777424,1.714628,0.71685374,41.80812,2.456272,4.0186477,1.5623758,38.878147
32fd91438db25a5b,3274,80,1.4731202,2.1886642,0.715544,32.693184,4.184778,4.7796645,0.5948863,12.446194
134b5aa792a456ec,1625,80,0.23005612,0.9455682,0.7155121,75.67007,0.777635,2.0222952,1.2446603,61.54691
78f3f4ad43b98bd6,2482,80,4.754429,5.4696403,0.7152114,13.076022,10.846583,11.927136,1.080553,9.059618
d3b3dd302c7ff7bc,2013,80,0.2816543,0.9966728,0.7150185,71.74055,0.06220321,1.9516922,1.889489,96.81286
f13dfef48c14efb,417,80,1.6786935,2.3927107,0.71401715,29.841349,3.1582305,4.70153,1.5432994,32.825474
4fb217ef6e1e4298,1572,80,0.446428,1.1587533,0.7123253,61.473423,1.8318264,0.65870297,-1.1731235,-178.09598
ff26bbb4147ed356,5378,80,0.59440494,1.3065779,0.712173,54.506737,1.6582621,3.2258897,1.5676275,48.5952
ad80ce75d047e876,3533,80,0.4263459,1.1374764,0.7111305,62.518265,0.9818022,2.4967277,1.5149255,60.676437
a9ec6b4f003695e9,1107,80,0.75753707,1.4667928,0.70925575,48.354187,1.6636593,3.2280333,1.564374,48.46214
332e3eb8d7bebc54,14,80,1.5966576,2.3056588,0.7090012,30.75048,3.2517796,4.9459667,1.6941872,34.253914
6fbea3f6582a9513,772,80,0.5023483,1.2112132,0.7088649,58.5252,0.93699884,2.7437289,1.80673,65.849434
3238a8bc8cfcb261,3628,80,0.29254523,1.0013912,0.708846,70.786125,1.5706562,2.151165,0.5805088,26.985788
7f0c1d750a27fa4f,1561,78,0.9648731,1.6736374,0.7087643,42.34874,2.283375,4.075103,1.7917278,43.96767
aee8d5949bef3e4c,986,80,0.26051268,0.96835357,0.7078409,73.09736,0.69019485,2.379447,1.6892521,70.99348
d0118520c5120e14,3045,78,1.4948963,2.2020712,0.7071749,32.11408,2.9245331,4.8821087,1.9575756,40.096928
de24613088e88d,2007,71,0.36060044,1.0653907,0.70479023,66.15321,0.86981153,2.447495,1.5776834,64.46115
9a473cd298ed4989,744,80,1.2059611,1.9085344,0.7025733,36.81219,2.8493505,4.3569255,1.507575,34.601807
74c51fe0c507b973,3112,31,1.0845817,1.7863433,0.7017616,39.28481,2.1124568,3.4702408,1.357784,39.126507
daa89939e4175b4f,2935,80,0.980677,1.6816524,0.7009754,41.683727,2.3303695,3.7852926,1.4549232,38.436214
3c92d07632be05c0,503,80,1.6197946,2.3203833,0.7005887,30.1928,3.6252372,5.2646217,1.6393845,31.139645
dbc138d6ee9d07b6,6029,80,0.6049845,1.3021895,0.69720495,53.540974,1.9596477,4.095737,2.1360893,52.15397
324f154fd3442a0a,1837,80,1.3865837,2.0835595,0.6969758,33.45121,3.2807508,4.7895885,1.5088377,31.502449
2fd6b2808abac9cd,2615,80,1.3347756,2.0315168,0.6967412,34.2966,2.7150316,4.320014,1.6049824,37.15225
499a2e3d60f875e9,3402,71,0.5966708,1.293276,0.69660515,53.863613,1.1450744,2.7928693,1.647795,59.000076
f34f0f3757eb23ea,4140,80,0.9801566,1.676157,0.6960004,41.523582,2.2792964,3.9538236,1.6745272,42.352097
c7016299c1bf27bf,2608,80,0.8455232,1.5414143,0.6958911,45.14627,2.220326,3.2964382,1.0761123,32.6447
82be8dec1f7e549a,4165,75,1.8811059,2.5760436,0.6949377,26.97694,3.7920504,5.401648,1.6095977,29.79827
b812dd827342439e,792,80,0.5952407,1.2897989,0.69455814,53.850113,1.6094798,3.1802647,1.5707849,49.391644
ee561006a53e2418,3178,80,1.7427889,2.4365814,0.69379246,28.474012,3.6528704,5.1499953,1.4971249,29.070414
9fd2c96132b5bbaa,1687,72,0.8607814,1.5524027,0.69162136,44.55167,2.1019187,3.721471,1.6195524,43.519146
5669b1652372b867,2409,80,1.2676888,1.9588467,0.69115794,35.283924,2.848869,4.402978,1.5541089,35.29677
ed48375facbe24d,3806,78,0.55022913,1.2392771,0.689048,55.6008,1.4247422,2.9949694,1.5702271,52.428825
76ef1efb0d6c5c2,386,80,0.83823365,1.5258946,0.687661,45.066086,1.964725,3.277123,1.312398,40.04726
d53b026b24fa32ed,1540,80,0.759915,1.4474671,0.6875521,47.50036,1.7803426,3.3708525,1.5905099,47.1842
967a64370561d42f,289,80,2.8234713,3.5103288,0.68685746,19.566757,5.6360407,6.68061,1.0445695,15.635839
e6787a5ed22b4c65,4054,80,1.5578887,2.243518,0.68562937,30.560455,3.1619601,4.725086,1.5631261,33.08143
b2e1f5719ba16629,2650,80,0.9960209,1.6816185,0.68559754,40.770103,2.1984248,3.6607256,1.4623008,39.945652
aed3c2868f9bed4f,7119,80,0.69029385,1.3756695,0.68537563,49.821243,1.9263765,3.437206,1.5108296,43.955166
14f685c30aba4899,601,73,0.64248383,1.3273758,0.68489194,51.59744,1.3958377,3.142183,1.7463454,55.577457
dfeca78d5de8ba6e,1972,79,0.43184102,1.1161286,0.68428755,61.30903,0.9871918,2.42656,1.4393681,59.31723
f0751dda03db34c7,144,64,0.22281487,0.90691,0.68409514,75.43143,0.43461478,1.7258437,1.2912289,74.81726
95ad2be2ca11dbab,5438,80,1.020502,1.70394,0.68343806,40.10928,2.9384212,4.7609086,1.8224874,38.280243
fa1500d872bb868a,2947,56,0.11108345,0.79236853,0.6812851,85.980835,0.30500838,1.7611839,1.4561754,82.681625
8a9ab8318f811d79,2352,62,0.13138361,0.8117486,0.680365,83.81474,0.37911415,1.8790249,1.4999107,79.82389
9f2f72a3109a6868,1692,80,0.7220512,1.4022653,0.6802141,48.508232,1.9531672,3.5746853,1.6215181,45.361145
dc4968d2d777de4,3280,80,0.51825225,1.1957603,0.677508,56.659187,1.6058718,2.9824147,1.3765429,46.155315
c0b4f7fe61498a93,1763,80,1.103512,1.7806187,0.6771066,38.02648,2.4207358,3.9145403,1.4938045,38.160404
df17af0a9c7a2da5,2492,80,1.2378962,1.9149185,0.67702234,35.355152,2.9827957,4.4885454,1.5057497,33.546494
aa6fe79739b127c4,192,76,0.71040696,1.3868787,0.67647177,48.77656,1.4035429,3.6668396,2.2632966,61.72336
e7c4811cd6f06924,615,80,0.59458387,1.2702497,0.67566586,53.191578,1.3150789,2.930547,1.6154681,55.12514
fe51445d725b8b8b,4210,80,0.76023835,1.4357706,0.6755323,47.050156,2.1784708,3.4514194,1.2729485,36.881886
f8820605af7addb4,4250,80,0.61452234,1.2895219,0.6749996,52.344948,1.5979812,3.105879,1.5078979,48.549793
d926857df4a15b0d,4670,80,1.7795563,2.4542,0.67464375,27.489355,2.803602,3.8925638,1.0889618,27.975441
b668c89e3a585ccb,3643,77,0.72688574,1.4014401,0.6745544,48.132942,1.363174,2.9533272,1.5901532,53.84277
e9b8893b86477fa6,1488,78,0.67768085,1.350375,0.6726942,49.81536,1.4561793,2.7232947,1.2671155,46.52877
4b51fe5bc8e7d813,1924,80,0.5874144,1.2597973,0.67238295,53.37231,1.1976062,2.7874794,1.5898732,57.036232
208c708a8f454038,1975,66,0.49933606,1.1712811,0.67194504,57.368385,1.0560546,2.454547,1.3984923,56.97558
4026bce6ccb648ad,1116,80,1.1543452,1.8260295,0.6716844,36.783875,3.1011698,4.4866343,1.3854644,30.879816
ce91156892f8aafd,829,79,0.33699593,1.0085142,0.6715182,66.5849,0.44421184,2.4939103,2.0496984,82.18813
61ec51d63397f03e,2512,80,1.5789766,2.2503238,0.67134714,29.833359,3.3832672,4.8713074,1.4880402,30.54704
3d76f6d70fa5327a,4032,80,0.7043726,1.3749999,0.6706273,48.7729,1.4100763,2.8866267,1.4765505,51.15142
e8a92c517b5cd5a5,944,80,0.76138395,1.431649,0.670265,46.81769,2.4709883,3.4946547,1.0236664,29.292349
632b92333469ea05,3918,78,1.2239538,1.8938149,0.6698611,35.37099,2.560306,4.048819,1.488513,36.764126
e15a386c73f00084,2931,80,1.0404869,1.7097216,0.66923463,39.142902,2.5236626,4.0841103,1.5604477,38.207775
1dcd33a8a397858d,2573,80,1.3685639,2.0377083,0.6691444,32.838085,2.9621513,4.305728,1.3435767,31.204403
49d0497e109051a8,2085,80,0.67092246,1.339669,0.66874653,49.91879,1.291912,3.0775354,1.7856234,58.021217
ba6842e0caabbc13,2263,78,1.7897483,2.4575303,0.66778195,27.172888,3.8840919,5.4270077,1.5429158,28.430323
c2f8ee14d291b993,1644,76,0.6484332,1.3153253,0.66689205,50.701683,1.3171406,3.5352223,2.2180817,62.74235
76408c03eac7b09e,2429,80,1.1965308,1.8573946,0.66086376,35.58015,2.4949162,3.9456325,1.4507163,36.767647
140117c81b4ef9fb,3052,80,0.38464525,1.044005,0.6593598,63.156765,1.3646538,2.1867187,0.8220649,37.593536
597a57843eea2d24,4603,59,0.66160977,1.3206409,0.65903115,49.902374,1.2377274,2.6530118,1.4152844,53.34633
4bbc020617e73a68,3492,80,4.282927,4.941377,0.6584501,13.325235,6.617913,7.9869785,1.3690658,17.141224
c2a292b66c9076d6,1590,77,0.37320963,1.030514,0.6573044,63.784134,1.3582965,2.190471,0.8321744,37.99066
6a035d6210e0387d,4006,65,0.77483666,1.431848,0.6570114,45.885555,1.8802582,3.409339,1.5290807,44.84977
19fa2406723b9a6f,5109,80,0.90765065,1.562178,0.65452737,41.898384,2.2679996,3.6840847,1.416085,38.437904
fb56f02e5cb0d557,4319,80,5.326858,5.9807806,0.65392256,10.933732,13.172221,14.084454,0.9122324,6.476875
a65acd56a50ef60d,191,80,0.3752125,1.0288415,0.653629,63.530582,1.0738279,2.2153568,1.141529,51.527996
86d36ab990c52bc5,626,70,0.3808643,1.0340266,0.65316236,63.16688,0.33253926,1.9038813,1.571342,82.53361
38b0d8d15ced1e47,680,32,0.36209047,1.0138398,0.6517494,64.28524,0.4635065,2.1466374,1.683131,78.40779
957f5e1c163b2b36,387,80,1.399878,2.0511863,0.6513083,31.752762,2.1706789,3.0873861,0.9167073,29.692019
cb481a607e0df310,3462,80,0.49806514,1.1486558,0.65059066,56.63931,0.5048477,2.2549973,1.7501495,77.612045
e61e6782843325b8,2509,80,1.1021192,1.7523477,0.6502285,37.106136,2.5451322,4.458941,1.9138088,42.920704
f9c8a7c426af2b43,2571,80,0.31092486,0.96074426,0.6498194,67.63708,0.37712643,2.2186477,1.8415213,83.00197
9360429f4cceaa84,158,80,1.360373,2.0096931,0.6493201,32.309418,2.912059,3.0400538,0.12799478,4.21028
c7a6e93097b37d87,6010,32,0.3826012,1.0318264,0.6492252,62.920006,0.82076883,2.6751497,1.8543808,69.31877
ed744d08da9b82cf,3198,60,0.8701153,1.5172353,0.64712,42.651264,2.491571,3.2284591,0.7368882,22.824764
3f1599e8fa742bad,3785,80,0.6294743,1.2763959,0.64692163,50.683464,1.9248333,3.1310813,1.206248,38.524967
a02b2cbee37c2068,2940,80,1.3101642,1.9558805,0.6457163,33.0141,2.825758,4.512933,1.6871748,37.38533
31437726c416d5cd,4582,56,1.525848,2.1714327,0.6455847,29.730818,4.114372,4.70996,0.5955882,12.645292
db1ad5f4e3481c58,2723,80,1.4837568,2.1286113,0.64485455,30.294613,2.8058767,4.3943877,1.588511,36.148632
a4214bdad39ceb5c,1822,80,0.26572698,0.90936184,0.64363486,70.77874,0.6017712,1.738195,1.1364238,65.37954
a1b2baa3ab2b3680,20,76,2.602804,3.2432442,0.6404402,19.7469,2.1590474,3.814223,1.6551757,43.394833
a5dbd7f2ffcb1514,1351,80,0.37223303,1.0106068,0.63837373,63.16737,0.6429789,2.597119,1.9541402,75.24261
20e4b00675efdab6,7669,80,2.09169,2.7298791,0.6381891,23.377924,4.4593663,5.782609,1.3232427,22.883142
762af5938f81804c,1615,80,5.324033,5.961968,0.63793516,10.700077,12.745472,13.609709,0.86423683,6.350149
e53f407fc4532e2d,3846,80,1.0574065,1.694734,0.63732743,37.606342,2.509373,4.0231385,1.5137656,37.626484
2ae936b8e71dc6d3,1607,63,0.25566447,0.8929174,0.6372529,71.367516,0.51838964,2.1372278,1.6188381,75.74476
6cb0d80df177d8d8,3890,80,0.6660104,1.3031106,0.6371002,48.890724,1.5499841,3.438097,1.8881129,54.91738
81040f926eadaf9d,1202,71,2.011865,2.6485922,0.63672733,24.040218,4.2871857,5.7485948,1.4614091,25.422022
434614382f3388d2,2534,78,1.4324605,2.0689735,0.636513,30.764675,3.1802256,5.0478787,1.8676531,36.99877
a968bf5c1f13a83e,1399,80,0.57645094,1.2113975,0.6349466,52.414387,2.1345088,2.8967953,0.7622864,26.31482
9a7b0a5f6fd83e13,5589,80,0.89009064,1.5239376,0.63384694,41.592712,2.3713007,4.041203,1.6699023,41.32191
342a810b4ffaafcc,1059,57,1.7066314,2.3377097,0.63107824,26.995579,3.2950974,4.8680477,1.5729504,32.31173
a4feb413b3abc056,5495,67,0.35660723,0.9863968,0.6297896,63.84749,0.64347553,1.9585477,1.3150722,67.14527
2b127b5e3140e44,263,80,0.14132358,0.76977366,0.6284501,81.64089,0.10903525,1.6968561,1.5878209,93.57428
58680a14d2134686,2438,79,2.2941942,2.9212115,0.62701726,21.464289,7.789868,9.18301,1.3931422,15.170866
9d3935b1dc8c9008,3425,80,0.2594396,0.8838726,0.62443304,70.6474,0.48426375,2.3739839,1.8897201,79.60122
a07f81f679b534d7,119,74,3.4103749,4.0341544,0.62377954,15.462461,7.0261583,8.351079,1.3249207,15.865263
8de73d22ffcd354,1733,62,0.20588821,0.828767,0.6228788,75.15729,0.30539456,1.7824993,1.4771048,82.867065
a89a0828a0f202a,6314,80,0.36818618,0.98774195,0.6195558,62.72446,0.73608345,2.1310909,1.3950074,65.45978
feda64fd6ff90708,1914,47,0.22311756,0.8425211,0.6194035,73.51787,0.47270146,1.9066855,1.433984,75.20821
5c21ca073d3296db,999,71,0.9759903,1.5942205,0.6182302,38.77947,2.7171845,3.771097,1.0539124,27.947104
f1cfedcab4e953b6,916,80,1.796479,2.413135,0.61665606,25.554148,3.5007942,5.3517857,1.8509915,34.586426
6e869df1276bb280,450,56,0.5193771,1.1353368,0.61595964,54.253475,1.0711769,2.3374197,1.2662429,54.172676
923556a97f31d98c,1987,80,1.7353687,2.3504403,0.61507154,26.168356,4.7874317,5.7684746,0.98104286,17.006973
25e67f0f602310fd,2640,80,0.20643,0.82126915,0.61483914,74.86451,0.46896827,1.6338758,1.1649076,71.297195
66d9a1926d24c8db,3828,80,0.784324,1.3982488,0.6139248,43.906693,1.0416043,2.6104863,1.568882,60.099228
32cc201811e96b85,2593,80,0.7807777,1.3946985,0.6139208,44.018173,1.7873819,3.3713064,1.5839245,46.982513
e52a69e47c0f48aa,5551,80,0.25923753,0.87220716,0.61296964,70.27799,0.29214528,1.3347414,1.0425961,78.11222
76dc6d8c928f7a44,5116,76,1.8245908,2.436146,0.6115552,25.10339,3.691611,5.089271,1.39766,27.462873
337eb16e6b39d153,823,80,6.0064373,6.6162844,0.60984707,9.217365,13.925771,15.045658,1.1198874,7.4432597
4efe20237eb3c89c,4958,68,0.8634674,1.4723581,0.6088907,41.354797,1.8104457,3.3465421,1.5360965,45.901005
a91c0cbdef60313b,448,66,0.48218364,1.0906544,0.60847074,55.789513,1.1438143,2.5316277,1.3878133,54.81901
6da3aa69e4b103d5,3743,80,0.82800424,1.4362357,0.6082314,42.349,2.0994616,3.3975723,1.2981107,38.20701
35c8a19c95715c0f,1528,64,0.29637688,0.9045878,0.6082109,67.23625,0.59220463,1.9166235,1.3244188,69.10167
b6568c8a6931c39c,21,20,0.7302212,1.3362583,0.6060371,45.353287,1.5820448,2.9985552,1.4165103,47.23976
b59418d237718d06,4655,80,1.5898397,2.1949575,0.6051178,27.568542,3.6510549,4.7502084,1.0991535,23.13906
d51ff7175a20e03b,3522,80,0.80153304,1.4060024,0.60446936,42.992058,1.7400519,2.97406,1.2340082,41.492374
f9ac1d83453cadaa,3086,80,0.6284939,1.232244,0.6037501,48.995987,2.2986565,1.5866352,-0.71202123,-44.876175
a784e317a12e9f60,5420,80,0.3496261,0.9509355,0.6013094,63.23346,0.5791337,2.0815716,1.5024378,72.178055
cbbedd6cbb4b72b9,92,80,1.0144327,1.6138214,0.5993887,37.140957,2.0696635,3.855346,1.7856824,46.317047
5fbb1b57283cf865,142,80,0.39980477,0.99747705,0.5976723,59.918396,0.6808963,1.7140368,1.0331405,60.27528
69e4a57e9c973809,2452,80,0.94087297,1.5377269,0.5968539,38.814037,1.8905133,3.7777927,1.8872794,49.9572
5b974e1db3828ceb,4027,80,0.46739835,1.0641319,0.5967335,56.077026,0.854755,2.310765,1.4560101,63.00987
65d59fea418f036e,2588,80,1.4857395,2.0814307,0.5956912,28.619316,3.3942351,4.617248,1.2230129,26.487919
12256764f9ed00db,1608,77,1.9195644,2.5119162,0.5923518,23.58167,4.541808,5.809537,1.2677288,21.821512
6387ab7b66b2da5e,609,22,0.5887506,1.1807952,0.5920446,50.13948,1.1496608,2.8998718,1.750211,60.35477
6c506cac90229693,3869,80,1.2121611,1.8016675,0.5895064,32.720043,2.8179543,4.1300454,1.3120911,31.76941
f219deeab7caed45,1685,80,0.5361938,1.12554,0.58934623,52.361195,0.9404328,2.3955786,1.4551458,60.74298
d9cf3a8d6d857e9e,6942,80,0.65261215,1.2417892,0.5891771,47.44582,1.5901437,2.408947,0.8188033,33.99009
2920b6d7620068e7,7220,80,1.2902687,1.8779495,0.5876808,31.29375,3.1303875,4.5898647,1.4594772,31.797827
af75699cc504a9f,1656,80,1.150429,1.737664,0.587235,33.794506,2.7953033,4.1957874,1.4004841,33.378338
e7fbec444fe30e6e,2836,80,0.6019807,1.1882963,0.58631563,49.340862,1.0626669,2.365392,1.3027251,55.074387
95261b8b4caeddde,881,74,0.2635619,0.8494803,0.58591837,68.97375,0.49605614,2.1699874,1.6739314,77.14014
1fc6c29bfb78e2cc,70,51,0.18577327,0.7703276,0.5845544,75.883865,0.30707914,1.6621729,1.3550937,81.52544
6013d55d2b69f744,3750,80,0.124250375,0.7081374,0.58388704,82.45392,0.41552734,1.3133023,0.89777493,68.360115
92641c4f7a74ee15,3346,80,0.9298585,1.5116832,0.5818247,38.488533,2.709537,3.496981,0.7874439,22.51782
995f1db36be1a9a7,2596,77,0.7224554,1.3038019,0.5813465,44.588562,1.6482669,3.676438,2.028171,55.16674
b96b5dbd9c7be82,2072,80,0.5061592,1.0871255,0.58096635,53.440594,0.9074343,2.6923373,1.784903,66.29567
3e3c395020438401,2510,80,1.340073,1.92071,0.580637,30.230331,3.148825,4.3675036,1.2186787,27.903324
1b388f8261ef574c,4024,78,1.0063415,1.5858616,0.5795201,36.54292,2.3752308,3.7555428,1.380312,36.753994
a1949786162b196d,3514,65,1.4661534,2.0436738,0.5775204,28.258932,3.5652337,4.931921,1.3666873,27.711054
b4b0cce134226c5d,2859,80,0.23685297,0.8140235,0.5771705,70.90342,0.32067007,1.6654509,1.3447809,80.74576
8d7d0e27322a31f3,1595,80,0.38085324,0.9579104,0.5770572,60.241245,0.83467704,2.2005332,1.3658562,62.06933
3ea66a4f248c4c21,1469,80,0.28190106,0.85831136,0.5764103,67.15631,0.56135696,1.8835058,1.3221488,70.19617
1d28a896a53e0a4c,2618,80,0.21269497,0.7872945,0.5745995,72.98406,0.3474549,1.7955023,1.4480474,80.6486
edeaf8cc16691bed,2744,79,0.51713043,1.0913965,0.574266,52.617542,1.6979114,2.4490595,0.7511481,30.670881
e6f9aa910dd4076b,4335,80,0.36750364,0.93869793,0.5711943,60.849636,0.7057025,2.211036,1.5053334,68.08272
9b3515cff6229bcd,4156,80,0.39779973,0.96887714,0.5710774,58.942192,0.7001812,1.9840816,1.2839005,64.71006
fe932430cb08c422,295,58,0.8128352,1.3799175,0.5670823,41.095375,1.6788298,2.8497393,1.1709095,41.088303
db7e3d446a3cf36d,231,73,0.45746335,1.0239072,0.5664438,55.321796,0.9019855,2.1602201,1.2582346,58.245667
a00539168b277555,5167,80,0.8794693,1.4456551,0.56618583,39.164654,1.6143166,2.9878814,1.3735648,45.971195
ee41318065219c9d,2223,80,5.909614,6.474537,0.5649228,8.725301,14.058214,14.853453,0.7952385,5.3538966
f7eab9c7189365e2,2941,80,0.80303466,1.3665923,0.5635576,41.238167,2.335304,3.4971757,1.1618717,33.223145
a271975312ea926a,2154,80,1.8254576,2.3888175,0.56336,23.583216,3.9861422,5.046547,1.0604048,21.012482
41103072fbb17059,3752,80,1.3190254,1.8818951,0.56286967,29.909727,2.970143,4.515279,1.5451357,34.22016
8eb9096077991c3f,4359,80,8.145338,8.706143,0.5608053,6.4414897,18.299238,19.153309,0.85407066,4.4591284
29f03a5ac0453ed,3753,80,0.50184906,1.0620341,0.5601851,52.746426,0.6885569,1.7124622,1.0239053,59.79141
6211ac3fb7658911,4409,75,1.0240482,1.5833447,0.5592965,35.323734,2.526842,1.6622611,-0.864581,-52.01234
a5cb81e426ed0ec2,4164,74,1.2737116,1.8322352,0.55852365,30.483187,2.8093364,3.986155,1.1768186,29.522652
ddb79663e43110d1,5209,58,0.6666777,1.222668,0.55599034,45.47353,1.7698549,2.1346247,0.36476982,17.08824
2a5621a05425731b,3641,80,1.4699378,2.0242145,0.5542767,27.38231,3.6602197,5.0307508,1.3705311,27.243073
58943f552412b58b,813,80,1.1220322,1.6759294,0.55389726,33.050156,3.04383,4.143061,1.0992312,26.53186
5ebf2b9aa0367f1e,48,80,1.4143516,1.9670213,0.55266976,28.096786,2.8191588,4.637705,1.818546,39.2122
2a9a168ac4ff0c87,1794,76,0.4835704,1.0351094,0.551539,53.28316,0.7310006,2.6537788,1.9227781,72.45435
f960916ef971e3b3,1067,77,1.3018042,1.8529149,0.55111074,29.742905,1.9217612,2.6577392,0.735978,27.691883
59fb28ebe3ebf3d8,4011,80,6.840808,7.390877,0.55006886,7.4425383,9.948953,10.558995,0.6100426,5.777468
fd0a11852bd4b0d5,1995,80,4.5718203,5.12166,0.54984,10.735581,11.011035,11.936689,0.9256544,7.7546997
eca3a6d8f272592c,264,80,0.23162997,0.78144306,0.5498131,70.35869,0.2635724,1.8941642,1.6305919,86.08504
964e95057d200135,24,80,0.46815196,1.0171787,0.5490267,53.975445,2.291685,2.1944377,-0.09724736,-4.431539
2375ef0bc1afca0,2321,80,3.0074072,3.5556922,0.548285,15.419923,8.202567,9.29831,1.0957432,11.784326
cfa4cc563c67bd64,6098,80,1.0417798,1.5891616,0.5473819,34.444695,2.4144232,3.1468813,0.7324581,23.275682
985846c67347ac56,4774,63,0.57263684,1.1199529,0.5473161,48.86956,1.5146469,2.6909513,1.1763045,43.713333
b48abd09de986bd2,2180,80,1.9681435,2.5151782,0.54703474,21.749344,4.982212,6.3037353,1.3215232,20.964128
39b6639812c55a99,3724,80,1.9995182,2.546452,0.5469339,21.478271,4.688028,5.616634,0.92860603,16.53314
9c0a4068afa1e255,4602,80,1.186215,1.7314342,0.5452192,31.489452,2.3423147,3.7890384,1.4467237,38.181816
c75bd08d98ccfd73,1979,76,0.19221294,0.7356811,0.5434682,73.872795,0.57265157,1.5673941,0.9947426,63.464737
6ba75b859ea85ed0,955,80,0.3027382,0.8428033,0.5400651,64.07961,0.5774458,1.605477,1.0280311,64.03275
ca595e9b0cbabb26,1552,65,0.27169153,0.8116971,0.54000556,66.52796,0.69801193,1.7997681,1.1017561,61.216557
6ce7f060f08153e4,768,39,0.23855771,0.7780283,0.5394706,69.33817,0.28625777,1.5771466,1.2908889,81.84964
e1c1c293a5c348a,4176,80,0.34784552,0.8870616,0.53921604,60.786766,0.6510989,1.9674999,1.316401,66.907295
9720076a871ccfd8,1294,76,1.5087999,2.0454361,0.53663623,26.235786,4.198288,5.270045,1.0717568,20.33677
73f39bd435a83c0d,3856,80,0.24569134,0.7820822,0.53639084,68.58498,0.48496202,1.7499105,1.2649485,72.28647
8cb0372079762b83,4867,80,0.3059586,0.8412997,0.53534114,63.63263,0.54322183,1.4606639,0.9174421,62.809937
65722d00ac82f0d7,6701,36,0.31186852,0.84697926,0.5351107,63.178722,0.5552417,1.611152,1.0559103,65.5376
7448ab130bd7080,1804,55,0.36459115,0.8978492,0.5332581,59.392834,0.87426037,2.0812654,1.207005,57.993805
8ae7978a2eda647b,7903,80,2.137869,2.6698563,0.5319874,19.925695,4.495083,5.5737786,1.0786958,19.353043
7534c986f693d79,1911,80,1.33441,1.8656992,0.5312892,28.476683,3.1743271,4.3390956,1.1647685,26.843578
1414660e890d2b5d,115,80,1.5014825,2.0309553,0.5294728,26.070135,2.5072756,4.014326,1.5070505,37.541805
832d9fc1ee97a9a6,507,80,5.44409,5.971808,0.52771807,8.8368225,13.042082,13.934659,0.8925772,6.4054465
c558b84fa7dec105,3129,77,0.3338711,0.86149776,0.52762663,61.24527,0.2887163,2.326364,2.0376477,87.58938
807a6bd787bc264c,3465,80,0.8535733,1.3801553,0.526582,38.15382,3.034397,3.3595085,0.32511163,9.677358
5aada71d39fe6113,3283,69,1.0005635,1.5233532,0.5227897,34.31835,2.326782,3.6359026,1.3091207,36.005383
5019ec21f48747bd,1157,80,0.31590146,0.8380928,0.52219135,62.307102,1.3012369,2.7455416,1.4443047,52.605457
67eb17ef23452e6c,1954,54,0.91357833,1.4349653,0.5213869,36.334465,2.048006,3.2193103,1.1713042,36.3837
4e206bcf7f887bfb,1069,80,5.268701,5.787243,0.5185418,8.960084,12.227548,12.935917,0.70836926,5.475988
f509ad4f1324fd91,1835,80,1.665465,2.1816046,0.5161396,23.658714,3.6825244,5.4968786,1.8143542,33.00699
42006e801a9a71b9,2378,65,0.7223572,1.2369677,0.51461047,41.602577,1.5428525,3.0162454,1.4733928,48.84857
ff73dc7fb7c89d61,5693,80,0.3384256,0.8513702,0.5129446,60.2493,0.7989085,1.749641,0.95073247,54.33872
16baed2f53f18dba,631,43,0.7825179,1.2954222,0.5129043,39.5936,1.4230518,2.5191357,1.0960839,43.510315
ba98dbbc568e9b67,3776,80,1.3476781,1.859709,0.51203096,27.532854,3.346502,4.075458,0.728956,17.886478
14c754921c7b6685,1659,80,0.12452339,0.6360423,0.5115189,80.42215,0.25366575,1.1666812,0.9130154,78.25749
46794a55691d88c4,4638,52,0.10861108,0.61811554,0.50950444,82.42867,0.26892996,1.3286363,1.0597063,79.75895
3f18d4b6a02e7342,1981,59,0.34710333,0.8553338,0.50823045,59.418957,0.5847627,1.7727067,1.187944,67.01301
5fd9b55d635f132d,1890,80,9.62431,10.13236,0.5080509,5.0141416,20.71016,21.25348,0.5433216,2.5563889
7c8cd315dd545ef4,3343,80,0.97813785,1.4821539,0.50401604,34.00565,3.527771,3.9397793,0.4120083,10.457649
8538171e376a3f43,3893,80,0.48368844,0.9866376,0.5029491,50.976074,0.4669335,1.3596447,0.89271116,65.657684
142b4dfcc5c341e9,1383,44,0.18263565,0.68516076,0.5025251,73.34412,0.5243858,1.5363522,1.0119663,65.86812
1b6cba4db8a89952,4546,61,0.23857236,0.74079853,0.5022262,67.79525,0.14498664,1.711352,1.5663654,91.527954
609d9a42a94cba3c,960,75,1.2978966,1.7999604,0.50206375,27.893045,2.872099,3.8697584,0.99765944,25.780922
69408a659444a78e,4016,59,0.8824913,1.3806752,0.4981839,36.08263,2.9860353,3.6273954,0.64136004,17.681007
21d9dd3b3ee1ca93,3819,80,1.270698,1.7678779,0.49717999,28.122982,3.008431,4.298476,1.2900453,30.011686
afc88e2a422c8afa,1999,51,0.30673024,0.803127,0.49639675,61.808002,0.56633073,1.6504701,1.0841393,65.6867
f873dbdddabf255f,4310,80,0.9486146,1.4447355,0.49612093,34.339912,3.6651256,5.967318,2.3021924,38.580017
68b9bee98df6cae8,6108,78,0.53789383,1.0329043,0.49501044,47.924133,1.6695762,2.2404735,0.57089734,25.481102
3b2585f3fa48cdf2,5512,80,4.885438,5.379807,0.49436903,9.189345,11.08794,12.010341,0.9224005,7.6800528
48754c31160918b6,3196,80,5.864799,6.3584337,0.4936347,7.763464,13.659248,14.325671,0.66642284,4.6519485
462a6d73c286246e,2939,55,0.6654662,1.1582568,0.49279058,42.545883,1.3882428,2.6145482,1.2263054,46.903145
7dd3fd9ac987b924,169,80,2.6855607,3.177814,0.4922533,15.490312,6.005638,6.837424,0.8317857,12.165191
1a8a3121a2852b74,2166,80,1.0322903,1.5244105,0.49212015,32.282654,1.3242422,2.8147135,1.4904712,52.952854
ac6d0cd46683f3f,4683,80,0.1667126,0.65845937,0.49174678,74.68142,0.35929272,1.1378275,0.77853477,68.42291
3db28812bc1612ec,1740,80,1.1666543,1.658301,0.49164665,29.647614,2.7707005,3.9812386,1.2105381,30.40607
de9967d2ed09d3d6,1517,80,1.6673965,2.1579497,0.49055314,22.73237,3.7291725,4.9545,1.2253277,24.731611
f2af4151d56f50b3,649,80,2.6480489,3.1371994,0.48915052,15.591949,3.6988678,4.5751753,0.8763075,19.153528
90c9879e63b3d2e4,2764,71,0.5150434,1.0041114,0.48906803,48.70655,1.1552534,2.5286558,1.3734024,54.313534
507fb75b3b9cc660,2750,80,4.765353,5.253976,0.48862267,9.3000555,11.374055,12.265467,0.8914118,7.267655
c318479a32d643ca,3132,34,0.29042307,0.77741385,0.48699078,62.642414,0.45723537,1.5507718,1.0935365,70.515625
417ec2fe23abc88a,4634,80,0.26585704,0.75162053,0.4857635,64.62882,0.96843886,1.4708587,0.5024198,34.158264
1b00543618aeccfc,1440,63,0.9293473,1.414519,0.48517168,34.29941,1.6687133,3.1566854,1.487972,47.137165
1fb5c7139ab5f34c,2312,80,1.2779337,1.7616332,0.48369944,27.457443,4.2754874,4.205572,-0.069915295,-1.6624444
2f3e12e16bc19c14,923,80,0.55993193,1.0431364,0.48320442,46.32227,0.71481705,1.3704729,0.65565586,47.84158
1afafa0ec93e6a0e,4763,80,0.3970428,0.8795646,0.48252177,54.85916,0.59058785,2.3804078,1.78982,75.18964
b462c6355f61319e,2869,76,1.8572937,2.338647,0.48135316,20.58255,3.7951157,4.643349,0.84823346,18.267708
c33afdaf800470ac,1522,78,1.6568787,2.1374257,0.48054695,22.48251,3.9000092,5.1718493,1.2718401,24.591593
aa467a6590cabc2d,1225,58,0.29055837,0.766453,0.47589466,62.090515,0.69847095,1.6898205,0.9913496,58.665966
ac61aeb2e8fde59d,1337,63,0.9718233,1.4474301,0.47560686,32.858707,1.5670481,3.0673842,1.5003362,48.91256
da5fcd0e57581efd,3136,68,0.33432376,0.8098834,0.47555965,58.71952,0.5671359,1.620916,1.0537801,65.01139
1f4b5c385e8d715c,2543,80,0.76086247,1.2337705,0.47290802,38.330307,1.9715973,2.3076239,0.33602655,14.5615835
d37d23ba3bc8f45d,2292,80,0.42189622,0.8946999,0.47280365,52.844948,0.9573572,2.6490333,1.6916761,63.86013
12af0c2d78cb677c,2810,27,0.66697425,1.1393522,0.47237796,41.46022,1.2623351,1.8007437,0.53840864,29.899237
f8a888893d2ff30a,121,52,0.82635224,1.2961833,0.4698311,36.247272,1.6855155,2.671099,0.9855834,36.89805
e098d848a1d4af12,929,51,0.14722998,0.6166895,0.46945953,76.125755,0.38511497,1.5192069,1.1340919,74.65026
886f2bd79dd556ec,7620,80,0.36663765,0.83594465,0.469307,56.14092,0.73433805,1.5616252,0.8272872,52.976036
45d7a6077dbc4925,1597,80,1.9159409,2.3844228,0.4684819,19.647602,5.114196,5.7535543,0.6393585,11.11241
3d37f2853cd5c882,576,80,5.8074946,6.273912,0.4664173,7.434234,13.620291,14.275887,0.6555958,4.5923295
c3ba8149e1a09017,1741,80,0.3254704,0.78875214,0.46328175,58.73604,0.72966444,1.8449299,1.1152655,60.45029
fb553647b25aee3f,1658,80,1.7093222,2.1706052,0.46128297,21.251354,2.8052738,3.8837426,1.0784688,27.768803
d83b8038503b83fe,871,79,1.1022925,1.5635262,0.46123362,29.499578,2.7589045,3.8580108,1.0991063,28.488937
a71961b4e4712568,3867,54,0.37981415,0.8400134,0.46019924,54.78475,1.0710287,1.8124439,0.74141514,40.90693
1601aabe66e52bd,3430,80,1.2931119,1.7531116,0.45999968,26.23904,3.0238857,4.293576,1.26969,29.571856
3998fa368a59b500,3457,52,0.91823006,1.3773594,0.45912933,33.334026,1.9877285,3.0262024,1.038474,34.31608
60721fe08c17e3d4,4940,56,0.46642753,0.9247928,0.4583653,49.564106,0.91329753,1.9400164,1.0267189,52.923203
ef9f6551f35c88a0,4206,26,0.45027432,0.90747267,0.45719835,50.3815,1.0253282,2.0411887,1.0158606,49.768085
badedfaa19639345,3459,64,0.39203933,0.8477367,0.4556974,53.754593,0.8262726,1.7217257,0.8954531,52.009045
8d351202486b1997,2959,56,0.5264289,0.9808915,0.45446265,46.33159,1.1827258,2.3989067,1.2161809,50.697296
f249adb091d91f65,5067,80,0.28994918,0.7434478,0.4534986,60.999386,0.8538632,1.1647222,0.31085902,26.68954
5640a3041eed73,4748,80,0.4212761,0.8747262,0.45345008,51.83909,0.76635116,1.4319487,0.6655975,46.481937
f711753cfc1788df,3871,80,0.6521434,1.1013452,0.44920176,40.786644,1.7740067,2.5370643,0.7630576,30.076399
819dcaf31e07a707,1004,47,0.44162416,0.887813,0.4461888,50.257076,0.7938068,1.9201345,1.1263278,58.65879
880118ff3a51164f,4607,80,1.5625461,2.0069442,0.44439805,22.14302,4.547137,5.3035927,0.7564559,14.263084
b744447ae4380a23,5265,80,0.54659593,0.988636,0.4420401,44.712116,1.5860819,2.2434053,0.6573235,29.300255
dc9228186e52b2bd,6633,80,0.89682215,1.3386108,0.4417886,33.003513,2.380733,2.379347,-0.0013859272,-0.058248214
e5e5f9ebba59a716,4531,80,1.8045886,2.2459953,0.44140673,19.653057,3.6535788,4.8773403,1.2237616,25.090757
d01f4dddfbc907c0,4074,73,0.7379301,1.178396,0.44046587,37.378426,2.067907,2.8876886,0.81978154,28.38885
577b8beb527c4e20,4240,80,0.44697642,0.8849567,0.4379803,49.49172,1.5063918,1.4035802,-0.102811575,-7.324952
b04d647d770ab1b4,4551,65,1.2507454,1.6857458,0.43500042,25.804626,2.8205767,3.7881205,0.96754384,25.541527
4dc47b49b5577b39,260,80,3.3982918,3.8319976,0.4337058,11.318007,6.8859425,7.741977,0.85603476,11.057055
cafa47a04835fd6e,3016,80,0.046742685,0.4789024,0.43215972,90.239624,0.05838382,0.83440924,0.7760254,93.002975
7fab799822254df4,785,80,0.36734593,0.7976778,0.4303319,53.948082,0.93758905,1.6387227,0.7011336,42.785374
b4cd570a1eac6056,3423,80,3.7396781,4.1687374,0.42905927,10.292307,8.132186,9.091393,0.95920753,10.550721
ddd7c60aec963404,4591,80,2.1086984,2.5375743,0.42887592,16.90102,5.512558,5.954962,0.4424038,7.4291625
4541ebf2cd4e71d0,1094,21,0.15121771,0.5794564,0.4282387,73.90353,0.42190468,1.0602096,0.63830495,60.205544
7283f322e3444192,6325,80,0.29199335,0.7197832,0.42778984,59.43315,0.78872293,1.0466924,0.25796944,24.646156
31d0680b9eb5bc36,7273,42,0.36296514,0.7899841,0.42701897,54.054123,0.37573996,0.8006292,0.42488924,53.069412
dea51778922b7800,6444,79,0.19283602,0.6197455,0.42690948,68.88464,0.4373921,0.91362107,0.47622898,52.125435
57383f2b16e0881e,3473,53,0.70726544,1.1334198,0.42615432,37.598984,1.670492,2.665197,0.99470484,37.322002
da5821911330623f,7106,80,5.885051,6.310787,0.42573643,6.74617,12.688587,13.566059,0.8774719,6.468142
e47a89e165049a7b,1458,80,0.118262075,0.5422565,0.4239944,78.19075,0.10978221,0.6312993,0.5215171,82.610115
344e26b0311ee565,4971,57,0.6049113,1.0281851,0.4232738,41.16708,1.2860172,2.3792057,1.0931885,45.947628
f44f248dc6ee610c,2613,80,0.51600325,0.9385271,0.42252386,45.01989,0.7427064,1.2804571,0.5377507,41.996777
8c0f66e80a358920,489,73,1.0166936,1.4391397,0.42244613,29.354074,2.56151,3.312483,0.750973,22.671
72c2cac852f7bcc1,4308,40,0.51383865,0.9356168,0.42177814,45.080223,0.9527637,1.7724979,0.8197342,46.247402
6dc5e41a0327ecca,5497,16,0.5688334,0.9905542,0.4217208,42.574226,0.7400696,1.3267024,0.5866327,44.217358
f157d87fad07ca9,2999,68,0.30410546,0.7257307,0.42162526,58.096653,0.36243257,1.5917401,1.2293075,77.230415
bfcb13f993692b80,3602,77,0.8365175,1.2577801,0.42126256,33.492546,2.5860968,3.8743644,1.2882676,33.251072
fa73256456e9e406,2103,80,1.2942661,1.7149704,0.42070425,24.531284,2.8876116,3.8826475,0.9950359,25.627768
3db8f1da3520d1e1,1277,80,0.8576711,1.2773411,0.41967005,32.854973,1.7829466,2.5975025,0.8145559,31.359196
4df9e424627ea47d,2875,25,0.43274018,0.8481601,0.4154199,48.97895,0.5592371,1.3363714,0.7771343,58.15257
cb447ec8d57e05c,4910,77,4.281617,4.696058,0.41444063,8.825288,6.5694695,7.0254507,0.45598125,6.49042
9b0b24e7d0a93f57,252,80,0.18675242,0.6007818,0.41402936,68.9151,0.4775708,1.8078437,1.3302729,73.583405
612a8ab54947cc82,2009,80,0.4820407,0.89576566,0.41372496,46.18674,1.017104,1.7213249,0.7042209,40.91156
e580e34353fdd246,2428,80,1.3408422,1.7519615,0.41111922,23.466225,4.0032234,4.733486,0.73026276,15.4275875
b1d2abd2a7071a9e,941,80,0.60974544,1.0199547,0.41020924,40.21838,2.0671196,2.2632234,0.19610381,8.664801
e6965ae6aa34ac1d,1922,80,3.551417,3.9613004,0.40988326,10.34719,8.255701,9.239305,0.9836035,10.645861
b9bf988a9eb5f6ab,3815,78,0.24052918,0.64913404,0.40860486,62.946148,0.554741,1.1393682,0.58462715,51.311523
9fc3f28c9f89671c,6699,73,0.8163705,1.2247664,0.4083959,33.3448,2.2197566,2.8820908,0.6623342,22.981031
4b93baafdc2752eb,4009,77,0.39717945,0.80459213,0.40741268,50.63593,0.9308394,1.6564739,0.72563446,43.805973
bdf1e2df45865b45,1661,80,1.1932923,1.6004549,0.40716267,25.440434,3.883917,3.8750772,-0.008839846,-0.2281205
2722cc79f5d02141,306,56,0.3371981,0.74374336,0.40654525,54.662037,0.6002174,1.5944684,0.99425095,62.35627
996a5599744f63cd,5338,64,1.2351751,1.6395538,0.40437865,24.663946,2.9296455,3.8033333,0.87368774,22.971634
176ab9be41c0eff6,2872,44,0.19451848,0.5956625,0.401144,67.34418,0.6525667,1.2630558,0.61048913,48.334293
52f004034eef7fe7,734,61,0.73561203,1.1353116,0.39969957,35.206158,1.214413,1.85977,0.645357,34.700905
45672c72f7676e69,1182,80,0.45850033,0.85749185,0.39899153,46.530064,0.90703,1.859941,0.952911,51.2334
e030653552f547a7,2473,38,0.24511762,0.6429839,0.3978663,61.878117,0.55284625,1.435921,0.8830747,61.49884
c75050bdc3addd2d,1834,80,2.1126761,2.509534,0.39685774,15.814002,6.148667,6.5239644,0.37529755,5.7525997
bb4e1c78b3b9678b,3606,80,1.0840678,1.4790785,0.3950107,26.706541,3.1308792,3.712629,0.5817499,15.669486
bf7b97122f6a716f,211,51,0.46772814,0.8617853,0.39405715,45.725677,1.3164004,2.1207151,0.80431473,37.926582
4d75185826c4a8d8,2094,51,0.1515265,0.54507923,0.39355272,72.20101,0.30254412,0.96424013,0.661696,68.62357
5088b04c7f513e3e,2260,39,0.48057327,0.87367475,0.39310148,44.99403,1.0775079,2.0020547,0.92454684,46.1799
4a28daf3a8e82448,3588,56,0.3003179,0.6929647,0.39264676,56.661873,0.6992624,1.6821113,0.9828489,58.42948
1cc047b86f2503c7,1684,48,0.17710276,0.5696536,0.39255083,68.910446,0.5422167,1.5532557,1.011039,65.091606
23a5adcf40401080,2125,39,0.14872947,0.54121256,0.3924831,72.51921,0.21657681,1.1480471,0.9314703,81.13519
d738ebbe5b811d86,2219,53,1.9680098,2.3598683,0.39185846,16.605099,4.782642,5.6333566,0.8507147,15.101382
c7094ee88ac50c1,3932,3,0.18228757,0.5739444,0.39165682,68.2395,0.0879097,0.6219419,0.5340322,85.86529
501bcd60cb448798,6545,80,0.4094512,0.80091494,0.39146376,48.877068,1.0430614,1.5049152,0.46185386,30.689693
b138cabf215bcc9e,2537,38,0.5249811,0.9160447,0.39106363,42.690453,0.9423039,1.7957901,0.8534862,47.527058
5fac7e179a640803,1623,78,0.37675515,0.76682657,0.39007142,50.86827,0.7604328,1.5394994,0.7790666,50.60519
be512e9e1ce79cf4,7357,76,0.46881777,0.8577965,0.38897872,45.34627,0.7634702,2.299478,1.5360079,66.79811
1daafae15ce5c487,2012,80,1.4952304,1.8826059,0.38737547,20.576557,3.5504754,4.3556995,0.8052242,18.48668
7087a9f0aeac47c8,7936,80,0.4751789,0.8618557,0.3866768,44.86561,0.7772643,1.1689926,0.39172834,33.509907
b0ce4afb3cf2932,3966,80,1.5381474,1.924617,0.3864696,20.080338,3.1546688,3.6899614,0.5352926,14.506727
dacdcc3006b194fb,2975,80,0.28734198,0.6733015,0.38595954,57.323433,0.18766412,1.3788095,1.1911453,86.389404
889ce925e788f770,3352,61,0.49314556,0.8760668,0.38292125,43.709137,0.99911904,1.1327748,0.13365579,11.798972
429b63729c599e0d,674,80,0.5788942,0.961123,0.3822288,39.76898,1.5338672,2.4395003,0.9056331,37.123714
fbb1d0360df25290,7313,80,0.3031015,0.6838377,0.3807362,55.676395,0.4511848,1.2144728,0.76328796,62.849323
42c04558a4fadb89,3094,44,0.4673735,0.8466703,0.37929684,44.798645,0.87478745,1.7352076,0.8604201,49.586002
5fb58d143685dc5,3861,20,0.28403887,0.66259414,0.37855527,57.132298,0.6876842,1.4111665,0.7234824,51.268394
43f95fcb9686e88e,5677,69,0.27317291,0.65157115,0.37839824,58.074738,0.7166149,1.5381988,0.8215839,53.412075
edaf4f7319073513,4025,47,0.28857157,0.6665819,0.37801036,56.708763,0.4710237,1.4583032,0.98727953,67.70056
164ecb8a22712ba2,3713,56,0.5078753,0.88479465,0.37691933,42.59964,1.0774508,2.3132453,1.2357945,53.422546
9b2044da645eff66,510,35,0.088518344,0.46534675,0.3768284,80.97798,0.1314021,0.9892499,0.8578478,86.716995
eac86fb50af6a3ab,2950,80,0.8564743,1.2326841,0.37620986,30.519566,2.3901117,2.8933218,0.50321007,17.392122
23b75f77289ecc9b,5253,75,1.5903494,1.9648829,0.3745334,19.061361,3.9098732,4.7512746,0.84140134,17.70896
6e532efda85898b8,3107,80,0.35877562,0.7332517,0.37447608,51.070606,1.3152151,1.2483681,-0.06684697,-5.354748
2b43e1673cf9eecd,4169,78,1.1049465,1.4784162,0.3734697,25.261475,5.455863,6.60151,1.145647,17.354319
491984bc4a2ae4de,4855,80,2.1848662,2.5582895,0.37342334,14.596602,5.6240406,6.257166,0.6331253,10.118404
e2f08275c49bce7,2878,80,5.1769714,5.5494637,0.3724923,6.712222,12.821279,13.241097,0.41981888,3.1705744
91261d12b96c197d,4190,80,0.6296467,1.0004295,0.3707828,37.062363,1.3143752,2.137294,0.8229189,38.50284
125f080e013cf17e,4213,80,3.9853904,4.3556547,0.3702643,8.500772,8.849753,9.207253,0.35750008,3.882809
255f9d4821ad6296,6983,79,5.234523,5.6040945,0.3695717,6.5946727,12.3643,12.848141,0.48384094,3.765844
9c8db84c311f901c,2280,66,0.16076384,0.53031284,0.36954898,69.68509,0.48270574,1.2120394,0.72933364,60.17409
12d43801dde6923c,5458,80,0.9621437,1.3316872,0.3695435,27.750021,1.8949405,2.4622025,0.56726205,23.038807
aaac935585c64c71,5229,80,1.1070484,1.4759431,0.3688947,24.99383,2.3302014,3.8125157,1.4823143,38.88022
3dc269df85e39c24,2652,50,1.2566116,1.6249324,0.36832082,22.66684,3.0135634,3.5953214,0.581758,16.180975
eae17d966472df0f,10604,80,0.17582808,0.54379576,0.36796767,67.66652,0.32232785,0.8975392,0.57521135,64.0876
2ad74fcdecd8ce04,3688,55,1.3495032,1.7169929,0.3674897,21.4031,2.6172936,3.9379878,1.3206942,33.537285
f42b655502fe5b3e,1885,67,0.53313726,0.90007085,0.36693358,40.76719,1.2695199,1.9631273,0.69360733,35.331757
8bcd5a6bf26a21f1,2611,80,0.49105924,0.85722,0.36616075,42.71491,0.6881102,1.3779761,0.6898659,50.063705
18e1dbbd1c598e21,4570,80,0.59021235,0.9559722,0.36575985,38.26051,1.4855213,2.108941,0.62341976,29.560795
b52848961141d423,4505,80,0.76035184,1.1257638,0.36541194,32.459023,1.5195346,2.1239316,0.60439706,28.45652
a7498a740c0e45a5,1884,79,0.3477146,0.712869,0.3651544,51.223213,0.78556246,1.477581,0.69201857,46.83456
9584a5cffd9178f2,5753,80,2.5195007,2.8829322,0.36343145,12.606313,5.0825806,5.9783387,0.89575815,14.983397
c9584e07f386939f,3167,37,0.20094034,0.563341,0.36240068,64.330605,0.32503143,1.0871953,0.7621639,70.103676
1ffbe7a29f311c82,2604,80,0.5571289,0.9189641,0.36183518,39.37425,1.530129,1.6505022,0.12037325,7.293129
67186c066b129823,3659,80,3.2674317,3.629158,0.36172628,9.967223,3.254932,3.6297896,0.37485766,10.327255
741aa88954916048,2195,80,1.6533957,2.0132465,0.35985088,17.874159,5.3420286,5.4781065,0.13607788,2.4840314
a0ec195384031de0,2628,73,5.6351867,5.994617,0.3594303,5.9958844,12.988374,13.536722,0.5483484,4.0508213
30fdd0cfe8b791a1,2656,53,0.2765857,0.6354106,0.3588249,56.47134,0.6854002,1.0375283,0.3521281,33.939133
b1ba53a378c20511,270,71,1.9440484,2.302801,0.3587525,15.578963,4.4361215,5.485793,1.0496716,19.134365
72f52c88939334ff,3672,80,0.46020484,0.81651986,0.35631502,43.638256,1.5779115,1.6953956,0.11748409,6.929598
fd3df47f802546ce,3799,61,0.14388382,0.49850756,0.35462373,71.137085,0.11943225,1.3092134,1.1897812,90.877556
6dfbb079a69552ae,4716,76,0.23025453,0.5838973,0.35364276,60.565918,0.5408259,1.0660293,0.5252034,49.267258
9af611c3e737ba1,333,62,0.5340946,0.8865907,0.35249615,39.75861,0.83598244,1.6573715,0.8213891,49.559746
acbcd9b233804784,2855,80,0.22016692,0.5726109,0.352444,61.550343,0.7567164,1.1061975,0.3494811,31.593014
9795366fabd94a1e,4330,80,1.3154496,1.6671154,0.35166585,21.09427,1.7870125,2.865691,1.0786785,37.641132
2d5e8225f81688ee,227,44,0.3180293,0.6682407,0.3502114,52.407974,1.0986246,1.6227173,0.5240927,32.297226
9b318ed0ddbd48fc,3693,80,0.968303,1.317932,0.34962898,26.528606,2.2040725,3.61155,1.4074776,38.971565
1d0515f144f6d6b4,5064,37,0.07149111,0.4209688,0.3494777,83.01749,0.11629426,0.83525527,0.718961,86.076805
d9d84dbd032f0c61,2727,74,1.7377276,2.085987,0.34825945,16.695187,3.8315992,5.299052,1.4674525,27.692738
5665397b86b5a7b5,7019,80,3.1164038,3.4637458,0.347342,10.02793,5.5413733,6.324649,0.7832756,12.384491
f84b3d53d7b96997,4050,56,0.32253549,0.6688487,0.3463132,51.77751,0.7771192,1.4501165,0.6729973,46.409878
1e37db88c706d743,259,23,2.4258013,2.7708118,0.34501052,12.451604,3.7786853,4.0541854,0.27550006,6.7954483
665a3fbafc9a661c,3310,79,1.2019767,1.5448425,0.34286582,22.194225,2.9097757,2.3643644,-0.54541135,-23.06799
728d7169a2ccdf9b,4116,80,0.31039792,0.6527625,0.34236455,52.448566,1.1669327,1.352993,0.18606031,13.751757
c38fe2e888b81c07,2082,21,0.15841947,0.5001143,0.34169483,68.32334,0.25577176,0.75116956,0.4953978,65.950195
f682280ca2562395,8921,79,4.4798894,4.8209553,0.34106588,7.074653,8.8640785,9.798515,0.9344368,9.536514
10b15ae62cf6a249,136,69,1.6054786,1.9442573,0.33877861,17.424578,3.563879,4.2616396,0.6977606,16.373055
33113ff66431e229,1285,42,0.27979943,0.6185509,0.33875147,54.76533,0.6739498,1.3997427,0.72579294,51.85188
d695fcb993db61de,3454,32,0.16288537,0.5010879,0.33820254,67.49365,0.361505,1.1325597,0.7710546,68.0807
ec4d9ab501da8840,1047,53,0.30388626,0.64084655,0.3369603,52.580494,0.8722178,1.4625809,0.59036314,40.364475
fd0518481342944a,413,80,2.2655241,2.601365,0.33584094,12.910181,5.6226835,6.328818,0.7061343,11.157444
f2ac1fe09c76c0c0,5120,47,0.21601167,0.55155987,0.3355482,60.836227,0.435073,1.4291354,0.9940624,69.55691
3f5c127326c519be,442,72,2.302343,2.6377153,0.33537245,12.714505,4.5545955,5.4543343,0.8997388,16.49585
b1f404c68d9ffd42,103,63,0.36020625,0.69529426,0.335088,48.1937,0.38310012,1.6282244,1.2451242,76.47129
3bf784e5d0adbbf6,3466,32,0.11419133,0.4485926,0.33440128,74.54454,0.20363098,0.8837845,0.6801535,76.959206
52ee9e58afde88aa,5122,37,0.121750996,0.45481482,0.33306384,73.23065,0.0796531,0.8223127,0.7426596,90.31353
936ccd43997fd4ef,164,69,0.56635123,0.89771825,0.33136702,36.91214,1.1569839,2.077549,0.9205651,44.310154
3ffcee3cb176127d,940,76,0.11780415,0.4489116,0.33110747,73.757835,0.058096364,0.9358614,0.87776506,93.792206
df7cdcdf170c8d2f,1388,66,1.8594615,2.1903634,0.33090186,15.107166,2.1761432,3.014611,0.83846784,27.813467
c696a58e8da0259d,5011,80,0.05964433,0.39024743,0.3306031,84.71628,0.14988564,0.68388736,0.5340017,78.08328
1162d1885cd3588a,847,55,0.45877013,0.7882327,0.32946256,41.797626,1.4683932,1.6405544,0.17216122,10.494087
38ef636470baab46,310,80,5.1650624,5.494397,0.32933474,5.9940104,8.768016,9.176119,0.408103,4.447447
a9176d690b378108,3586,80,0.416938,0.74604833,0.32911032,44.113808,0.55170214,1.476581,0.92487884,62.636513
a3fad50872704c,5046,80,0.5156889,0.84207916,0.32639027,38.760044,0.6859378,1.1482191,0.4622813,40.26072
8385c37a72604f9d,4166,80,0.041923515,0.36819613,0.3262726,88.61381,0.09820403,0.37646484,0.27826083,73.91416
b740a17390a2ed36,1550,22,0.16082531,0.48604706,0.32522175,66.911575,0.3929461,1.2326001,0.83965397,68.12055
880181371d6ca76d,3383,75,0.20500095,0.52998,0.32497907,61.31912,0.22197203,1.0119421,0.7899701,78.06475
c84a127264541819,149,80,0.56648195,0.8904333,0.32395136,36.381317,1.2828668,1.8298155,0.5469487,29.890919
9f0e8642c9afeb8,9441,80,0.44151154,0.76265633,0.3211448,42.10872,1.08825,1.5196785,0.43142843,28.389454
b82f7447fa96bee5,455,32,0.22140765,0.5424626,0.32105494,59.18471,0.46708536,1.1051435,0.6380582,57.735325
4eaaa49db96b6f5f,2016,40,0.14060059,0.46158051,0.32097992,69.539314,0.32386348,1.1524888,0.8286253,71.89877
a4d08609fc442bae,302,80,0.76850766,1.0890068,0.32049912,29.430407,1.8445569,2.2403347,0.39577782,17.666012
43de4ccb05097c53,2339,37,0.24905942,0.5689151,0.3198557,56.22204,0.47828263,1.2094121,0.73112947,60.453297
1008b7b63e2d60,2011,12,0.24042483,0.5600299,0.3196051,57.06929,0.42783275,0.99978125,0.5719485,57.20737
2c4cf3503f9ef9f2,1453,47,0.36238477,0.6809168,0.31853202,46.779873,0.7114637,1.5256754,0.8142117,53.3673
8c64d92499cb3df2,452,46,0.6399811,0.95830303,0.31832194,33.217255,1.1543243,1.6070772,0.45275295,28.172445
bc1b9d624248b307,712,55,0.7639256,1.0820735,0.31814784,29.401688,2.225036,2.3444695,0.11943364,5.0942717
1abda9a6a763dd27,2033,80,1.607892,1.9257123,0.3178203,16.50404,2.3270714,3.321851,0.9947796,29.946545
cd3b4796bad39efc,7329,80,1.9559371,2.2716622,0.3157251,13.898417,5.4756627,5.340285,-0.13537788,-2.535031
87ad84927fb2a682,3813,19,0.23307972,0.5484309,0.3153512,57.500618,0.28744352,1.0166559,0.7292124,71.72657
22c79738881f98e3,3997,38,0.4333867,0.74864817,0.31526145,42.110764,0.8832824,1.7642397,0.88095725,49.9341
8fcc789232353c95,220,46,0.46658614,0.781385,0.31479886,40.287292,1.1157581,1.7725838,0.6568258,37.05471
2ffa31248fda51af,2342,47,0.26762226,0.58236533,0.31474307,54.045643,0.4892305,1.3717314,0.8825009,64.334816
4a93b1ad650c7f4e,4674,80,0.39218727,0.70674115,0.3145539,44.507652,0.44324166,1.0892255,0.6459839,59.306717
2741431f5afbcfa0,935,80,1.9671234,2.2805855,0.31346214,13.74481,4.2347226,5.2279716,0.99324894,18.998743
8ec658f308dca4e2,3709,80,0.983315,1.2960827,0.31276774,24.131773,2.2611208,2.7617385,0.50061774,18.126907
bf15c3810241dc89,1874,76,0.99488944,1.3076183,0.31272882,23.91591,2.3271058,3.0059264,0.6788206,22.582743
9193160bd1e6a432,1713,38,0.39519095,0.70721024,0.3120193,44.119736,0.77962047,1.5034722,0.72385174,48.145336
c1a9aed732e04a67,3988,80,1.0224849,1.3344475,0.3119626,23.37766,2.9187925,3.5357132,0.6169207,17.448267
d56cc2264a36634,620,25,3.0775483,3.388819,0.3112707,9.185227,5.9280114,6.8226514,0.89463997,13.112791
148552645b8b3720,2851,29,0.14598832,0.45717138,0.31118307,68.06705,0.23226808,0.796488,0.5642199,70.83847
44d0d97b4d5b5b0f,560,79,0.71085113,1.0211873,0.31033617,30.389742,1.3624827,2.2461467,0.883664,39.34133
ef330c7ee5529a7a,3031,80,0.3063291,0.6164983,0.3101692,50.311447,0.59266645,1.3470861,0.7544196,56.003815
7462b8819b21d73f,2515,61,0.94430655,1.2538205,0.309514,24.685669,2.2440462,2.8346949,0.59064865,20.83641
8ff2b854ebbc460b,3311,80,0.69025946,0.9995615,0.30930203,30.943771,1.5389116,2.0440638,0.5051522,24.713133
e2bf7564c1f29ec8,2414,28,0.12867059,0.436945,0.3082744,70.552216,0.10189296,0.871329,0.76943606,88.30603
31a7ce9e44de3838,3120,80,2.9468794,3.254582,0.30770254,9.454441,6.3981442,6.7718415,0.37369728,5.5183997
bdc1475ad97c84d3,2817,80,0.28417778,0.59106314,0.30688536,51.92091,0.59101844,0.7516711,0.16065264,21.37273
54edcc7b1136f9fb,1068,30,0.2230006,0.5297921,0.30679148,57.9079,0.68992263,1.2269008,0.5369782,43.76704
d4b9cd18b3c64c57,689,31,0.17120029,0.47767347,0.3064732,64.15956,0.15875225,0.8103301,0.65157783,80.408936
11994d639c35f346,2956,41,0.44533032,0.7494347,0.3041044,40.577835,1.5801331,1.8903797,0.3102466,16.411867
27d183c07f7fed8a,3040,34,0.30865818,0.6126124,0.30395424,49.616074,0.56377286,1.2776117,0.7138389,55.87291
42f926677c91e2e6,572,42,0.41933605,0.7232839,0.30394784,42.02331,1.2914665,1.7437223,0.45225585,25.936232
fdfbe510c8d1211a,2353,78,0.49652603,0.8002885,0.30376247,37.95662,1.4619588,1.3115686,-0.15039015,-11.466434
a5704e8a58571f00,5298,80,0.5684294,0.87154084,0.30311143,34.778797,1.3793554,1.7154331,0.3360777,19.59142
42d03ec971797031,3986,80,0.7499629,1.0525033,0.30254042,28.74484,1.9012002,2.3422594,0.44105923,18.830503
247f416becfdbe93,644,80,1.6357458,1.9376593,0.3019135,15.581351,4.0666075,4.5882783,0.5216708,11.369642
93bab7a1f47dbec1,1214,73,7.2309656,7.5316863,0.3007207,3.9927404,15.289803,16.434269,1.1444664,6.963902
bb81f4489d0b6d0e,5020,78,0.86035997,1.1579554,0.29759544,25.700077,1.7304531,2.5769281,0.846475,32.848217
46ee53580e8a41bf,2081,29,1.2564225,1.5533931,0.2969706,19.117542,2.6234057,3.1133895,0.4899838,15.737954
3bd40e7e6f3b179f,1751,80,0.6243,0.9204709,0.2961709,32.176018,1.5481098,1.6643302,0.116220474,6.983018
e0d8315d5fa2e21e,5634,80,0.7698654,1.0659815,0.2961161,27.77873,2.1151204,2.0692189,-0.045901537,-2.2183027
fee0c162c1455e59,2439,24,2.2519085,2.547972,0.29606342,11.619572,3.3103576,4.2901554,0.97979784,22.838284
9cc5aaa7587e6d32,784,62,0.6555691,0.9501531,0.29458404,31.003847,1.4207513,1.5053866,0.08463526,5.6221614
b196e308e6effefb,4099,33,0.20385878,0.49737826,0.2935195,59.013336,0.3579492,0.97971046,0.62176126,63.463776
cb2eb9e2d061ac22,2634,50,0.5959133,0.88939035,0.29347706,32.997555,1.3458112,2.092406,0.7465948,35.68116
dddcd7cbd551816c,4708,80,0.596381,0.88929784,0.29291683,32.93799,0.83675295,1.7312797,0.8945268,51.66853
5c35270d3f4d3609,3537,36,0.2339653,0.52549016,0.2915249,55.476753,0.42811444,1.0271724,0.59905803,58.321075
c1ed943a1ca47d4e,518,12,0.15843104,0.44922376,0.2907927,64.73227,0.33171517,1.0743669,0.74265176,69.12459
b79c02175f43a636,6657,75,0.31300002,0.60312116,0.29012114,48.103294,0.5751434,1.07146,0.4963166,46.32152
ace905a4e1ac3a09,3985,72,0.6567973,0.9465688,0.2897715,30.61283,0.97295934,1.6949437,0.7219843,42.59636
56cc317581f74ab3,1949,42,0.9804452,1.2698958,0.2894506,22.793255,2.0869055,3.1430619,1.0561564,33.602787
30edd8b2ad6063d8,1052,80,6.316052,6.6048317,0.28877974,4.3722496,14.529069,15.114425,0.58535576,3.8728285
13156c5d54b1f620,7120,80,0.6098238,0.8982278,0.288404,32.10811,0.95981747,1.4977797,0.53796226,35.917316
f832e6672b3d8e13,3511,77,1.4997486,1.7875533,0.28780472,16.100483,2.4696965,3.2564397,0.78674316,24.159613
a8369b18e25641d1,4267,34,0.2568224,0.5440158,0.28719342,52.791374,0.6016336,1.064779,0.46314543,43.49686
493261795d80d465,7347,3,1.6785474,1.9656411,0.28709376,14.605604,4.761185,5.592292,0.83110666,14.861647
c7221e387fee9c49,584,49,0.5123583,0.79920864,0.28685033,35.891796,0.9559359,1.6715698,0.7156339,42.812088
b77b6e256e57ed4a,1738,29,0.19980077,0.48531997,0.28551918,58.83112,0.32689044,0.95536,0.6284696,65.78354
f6d44cb036564556,1680,39,0.4263401,0.7100791,0.28373897,39.958782,0.7244501,1.4163818,0.6919317,48.852062
db936cf3abd390de,459,38,0.22048122,0.50371164,0.28323042,56.228683,0.39161527,1.0916725,0.70005727,64.12704
17f1461337753509,3740,80,1.250472,1.5336726,0.28320062,18.46552,3.6774497,3.8277488,0.15029907,3.926566
4fdbedcc477a186a,322,42,0.5490183,0.8320861,0.28306776,34.019047,0.8248741,2.0342886,1.2094145,59.451466
61ff7dd86a91e4aa,2198,44,0.28985766,0.5725031,0.28264543,49.370117,0.41741163,1.3303845,0.91297287,68.62473
b6303cabdd2e4c2c,405,38,1.2640485,1.5462898,0.28224134,18.252811,1.2365336,1.9217237,0.6851901,35.654976
58d248cb18c62111,4372,36,0.48220015,0.7639245,0.28172433,36.87856,1.1107394,1.5643507,0.45361137,28.996784
6967145c708ff588,3033,80,0.43989086,0.72143614,0.28154528,39.02567,0.57240635,1.3735076,0.80110127,58.325214
eec32f7fcaed3538,3870,30,0.19998942,0.4808505,0.28086108,58.409233,0.35409653,0.94852877,0.59443223,62.668865
27744c2cd0997376,6025,80,0.428015,0.70721793,0.27920294,39.479053,0.8896919,1.2751496,0.3854577,30.22843
b7c34544bef13926,4663,80,1.0506951,1.3296267,0.27893162,20.97819,2.358319,3.1212127,0.7628937,24.442219
df00e22590ceabc4,4272,80,0.607957,0.8868491,0.2788921,31.447527,1.6656219,1.7895157,0.12389386,6.923318
b05ff99bfb36a79f,3625,43,0.51022154,0.7889784,0.27875686,35.331367,1.3576008,1.7598696,0.40226877,22.857874
83061f6d27a74567,5742,80,0.88994026,1.1682748,0.2783345,23.824404,2.5812967,2.7552361,0.17393947,6.313051
88798285015694cc,2484,33,1.0198468,1.2977606,0.2779138,21.414875,2.418609,3.083736,0.66512704,21.568872
9f806db36da98827,342,68,0.5539992,0.83142394,0.27742475,33.367424,0.7757535,1.4541095,0.67835605,46.65096
256777498563547f,6574,58,0.5690452,0.84613836,0.27709317,32.747974,1.5410916,2.0886762,0.54758465,26.21683
63c24d8aa51998aa,2178,80,1.123152,1.4002314,0.27707934,19.788113,2.014156,3.0905988,1.0764427,34.829582
7b401100051adbfd,5392,44,0.2842286,0.5609861,0.2767575,49.33411,0.44390798,1.1406285,0.6967205,61.08216
410b7d22580e91d9,3304,41,0.15705827,0.43362868,0.2765704,63.780468,0.38860568,0.75439763,0.36579195,48.48795
991a9dade7f09e41,3493,40,0.32167056,0.5974289,0.27575836,46.157516,0.6279065,1.2729955,0.645089,50.674885
f0ceb981456e5fe0,1699,56,0.35834196,0.6340145,0.27567253,43.480476,0.85012835,1.418777,0.56864864,40.0802
3db0f9f413416bcf,2282,55,0.3212214,0.5965746,0.2753532,46.1557,0.7698596,0.99531853,0.22545892,22.651936
8e71cf9b5102f01d,5631,74,17.060099,17.334715,0.27461624,1.5841981,36.520157,37.591034,1.0708771,2.8487568
19f837b629f03142,5111,52,0.23473956,0.5091742,0.2744347,53.897995,0.47804993,1.0901597,0.6121097,56.148632
870faadffce097dc,1326,77,0.41517493,0.68949884,0.2743239,39.785988,0.6388999,1.7920395,1.1531396,64.347885
284c51d623156f06,2465,76,0.8316804,1.1054881,0.27380764,24.768032,1.0250539,2.3543513,1.3292974,56.461304
e081c95a094575a0,3624,78,0.4128301,0.6858598,0.27302969,39.80838,0.73618793,1.3010426,0.5648546,43.41554
d7b57ba9cf63c320,4254,64,0.40252644,0.6748784,0.27235198,40.35571,0.955013,1.249946,0.29493302,23.595661
bea903769d925b8e,4909,48,0.15242428,0.42440376,0.27197948,64.085075,0.3653163,1.1781304,0.8128141,68.99187
20ca9ba6551986f,87,80,0.5327926,0.80418193,0.2713893,33.747253,0.6573814,1.3319722,0.6745908,50.64601
6b740669e2b02d77,2000,40,0.6811001,0.95065945,0.26955938,28.354988,1.6366221,2.2826774,0.64605534,28.302523
e711b53a7ff6d676,4362,80,2.0811205,2.3491654,0.26804495,11.41022,4.6536036,4.891087,0.2374835,4.855434
9c2a35743c4d2457,3780,77,2.8282177,3.0951626,0.2669449,8.624583,6.2672815,7.004471,0.7371893,10.524554
8d6166776082f83e,2708,53,0.54579246,0.8119985,0.26620603,32.784054,0.9810299,2.0026667,1.0216367,51.013817
e07ef37af0592365,3180,80,1.7473843,2.0135455,0.2661612,13.218534,4.068181,4.0103273,-0.0578537,-1.4426178
48439b68d0b213fd,4010,79,1.3038294,1.5692443,0.26541483,16.913546,3.7197218,3.8261724,0.10645056,2.7821684
3960b9d6b049d503,1618,80,18.558887,18.824234,0.26534653,1.4096007,40.955322,41.1472,0.19187927,0.46632397
c0d865250f29c336,239,58,1.165426,1.4307269,0.26530087,18.543083,3.4450874,4.0946546,0.6495671,15.863784
22e7a35211f80363,3445,6,0.57062477,0.83582115,0.26519638,31.728844,0.9058886,1.4602249,0.55433625,37.962387
7fc449ae179c29ac,1506,80,0.056863885,0.32200128,0.2651374,82.34048,0.11918964,0.48613572,0.36694607,75.48222
24b7b5376310f3bb,1824,30,0.3201066,0.58439064,0.26428404,45.22387,0.5067057,1.1908222,0.68411654,57.44909
886cd362dd22e696,1367,79,0.6437705,0.9080208,0.26425028,29.101786,1.5846971,2.1484184,0.5637213,26.238897
b2e453639fc47055,4685,35,0.13766202,0.40120554,0.26354352,65.687904,0.37822667,0.7832747,0.40504804,51.71213
ae4dbf8931082101,7507,80,0.1688722,0.4320899,0.2632177,60.917343,0.22136317,0.6279795,0.40661633,64.74993
c7ccdda3c51c9165,625,80,0.51490104,0.7780956,0.26319456,33.825478,1.1704829,1.8101791,0.63969624,35.338837
2b41296ceac35285,4781,80,0.27874306,0.54167855,0.2629355,48.54087,0.40551642,0.66923803,0.26372162,39.40625
8cb6e5e1c3e56ee2,3527,76,0.9267575,1.1893096,0.26255208,22.076008,2.4050083,2.7746413,0.36963296,13.321829
afb1681e9ee98c03,4576,80,0.47717983,0.73869246,0.26151264,35.4021,1.618468,1.6103708,-0.008097291,-0.5028215
a50fef86a2b4dc5d,672,80,0.55304974,0.8140255,0.26097578,32.059902,0.8120155,1.4642885,0.652273,44.545387
72b7e6545f8fcd56,1011,56,1.1480951,1.4089142,0.26081908,18.512062,2.0959246,3.4478476,1.351923,39.210636
948f6c80fa17139d,2192,21,0.46478647,0.7254216,0.26063514,35.92878,0.62862754,1.2790289,0.65040135,50.851185
ad3d4535d00dc754,3809,18,4.37917,4.6392,0.26003027,5.605067,7.0871058,7.7821136,0.6950078,8.930836
b866b1f2c03eadd2,4060,55,0.24953344,0.5085904,0.25905696,50.936264,0.5359868,1.1089267,0.5729399,51.666164
18a603a0bce54c6e,1416,67,0.288807,0.545662,0.25685498,47.072178,0.5427397,1.3020096,0.7592699,58.31523
19b2889e42c491d9,4076,76,1.7447146,2.0010273,0.25631273,12.809056,4.317362,4.747256,0.42989397,9.055631
e2231717633fd3f7,6076,80,0.8851234,1.1407069,0.25558352,22.405714,1.9322851,2.6888282,0.75654316,28.136536
af640d4376c1f22e,5015,26,0.10435509,0.35985947,0.25550437,71.00115,0.04239901,0.45236674,0.40996772,90.62729
26409276b1c1a260,2065,79,0.5426868,0.7972041,0.25451726,31.926235,0.7967878,1.4350553,0.63826746,44.476856
259b9e38c8d1b655,593,80,0.94678736,1.2009853,0.25419796,21.165783,1.9923187,2.6598346,0.6675159,25.096142
f28d87a1b535fe4b,1129,73,0.94545555,1.1986848,0.25322926,21.125593,0.9619304,1.3450589,0.38312852,28.484144
c469958a3bfa79b,80,79,0.55911773,0.81193167,0.25281394,31.13734,0.7549663,1.3924538,0.6374875,45.78159
b67090b6c7abcf7b,7619,77,0.962127,1.2145445,0.25241756,20.782898,4.2418795,3.6447792,-0.59710026,-16.382343
610f503b41e4b254,2222,40,0.15039691,0.40228072,0.2518838,62.61394,0.27807885,0.8051976,0.52711874,65.46452
84b0a1355855af47,1340,77,0.52884513,0.7806102,0.25176507,32.252342,0.9811871,1.6196437,0.6384566,39.41957
10a0587d8422976,2247,57,0.41551664,0.6670494,0.25153276,37.708263,0.8020628,1.8962773,1.0942144,57.703293
e8dcd1932f7d4d4,3140,40,0.34956366,0.6006162,0.25105256,41.799164,0.7734899,1.2700316,0.49654168,39.096798
811927413661a7df,5750,80,0.6009067,0.8519338,0.25102705,29.465559,1.1987797,1.2537444,0.05496466,4.3840404
3f0a86a90dcaf5fd,3324,80,1.4659636,1.7168314,0.25086784,14.612257,3.641389,4.0886126,0.44722366,10.938274
c7ea19d2dd4260d2,4251,54,0.33515528,0.5858368,0.25068155,42.790337,0.7635062,1.3456061,0.5820999,43.25931
7268f8dcc3261d55,2349,47,1.6020615,1.8525041,0.25044262,13.519139,3.7346215,4.0230603,0.2884388,7.1696362
dbc411a967ae624c,3035,80,1.4072026,1.6571751,0.24997246,15.084251,4.197678,4.7585225,0.5608444,11.786104
33ed0307d9a29a78,1344,36,0.21902838,0.46827137,0.24924299,53.226185,0.64344734,0.40436062,-0.23908672,-59.127106
646f182e6ec2c6b5,7694,25,0.45721012,0.7062666,0.24905646,35.263805,0.8998876,1.5218295,0.62194186,40.86804
80e6f4ea96bdc4d4,695,72,8.020212,8.2683525,0.24814034,3.0010858,17.150635,17.434824,0.28418922,1.6300092
7c59045227bcfc8a,3639,68,0.41555804,0.6631927,0.24763465,37.339775,0.65095943,1.2633871,0.61242765,48.47506
ed981558f9897a05,1297,58,0.5152703,0.76247203,0.24720174,32.42109,0.72552824,1.4220076,0.6964793,48.978596
c0f06d1db7011ee1,4992,79,0.61562836,0.86273175,0.2471034,28.641972,1.3011776,2.0261862,0.7250086,35.781937
32af3a0ce3f96508,4160,40,0.47007924,0.71654356,0.24646431,34.39628,1.1621549,1.601428,0.43927312,27.430088
50bccf00989850c7,821,49,3.098038,3.3444467,0.2464087,7.3676972,7.7491407,8.030204,0.28106308,3.5000741
b8d4fc4a52a421bb,1899,70,0.4491554,0.69540393,0.24624854,35.410862,1.0514132,1.6761744,0.6247612,37.273045
2bd58d37be4555d1,3109,80,0.6033534,0.8485266,0.24517322,28.893991,0.85363644,1.4964025,0.64276606,42.954086
81701ead9f2a8004,4196,51,0.23531589,0.4803879,0.245072,51.01544,0.53911453,1.5180281,0.9789136,64.48586
81b89ba618289235,2187,80,0.5646784,0.809332,0.24465364,30.229082,0.8544158,1.4816046,0.6271888,42.331726
d5aa26732a130d15,1395,52,0.59508646,0.8390618,0.24397534,29.07716,1.4534847,1.6028917,0.14940703,9.321094
7fb5470df7180378,683,80,0.43993586,0.6832658,0.24332994,35.61278,1.0770661,1.4129853,0.33591926,23.773727
f28bb97a8964e239,2627,25,0.116316974,0.35959792,0.24328095,67.6536,0.11318788,0.66587067,0.55268276,83.00152
b1c07acd4f8f7341,2069,38,0.096922755,0.34020245,0.2432797,71.51028,0.21754916,0.853924,0.63637483,74.52359
d51886ba2fcd3309,1767,79,0.4316249,0.6748206,0.24319571,36.03857,0.87298065,1.3789151,0.5059344,36.690758
574ef2be47bbad5f,336,80,0.5491085,0.7916836,0.24257511,30.640411,0.7644979,1.3909143,0.62641644,45.03631
8f66d6790b964ef2,1234,16,0.16289207,0.4053788,0.24248672,59.817314,0.50002885,0.6603505,0.16032165,24.278267
1ef15ef4bbdeea3d,5606,42,0.23799779,0.4799909,0.24199311,50.41619,0.5625406,0.9849861,0.42244554,42.888474
592d55553b18086c,551,63,0.5936234,0.83545685,0.24183345,28.946253,0.706543,1.0627819,0.3562389,33.519474
eb6d8ca9a651c986,4,80,0.42474812,0.6660749,0.24132675,36.231174,0.50269353,1.1169168,0.61422324,54.99275
55cdb76bcdf09933,6996,80,0.50194204,0.74273276,0.24079072,32.419567,1.4356275,1.8689963,0.4333688,23.187248
b5bbc55c9018e55c,1421,80,0.62926835,0.8691511,0.23988277,27.599663,1.5746791,2.292378,0.7176988,31.308048
efccc6385c2484d,1343,12,0.124880485,0.36472186,0.23984137,65.76008,0.13900666,0.41100842,0.27200174,66.179115
4f00bd5a4d4b5287,2758,80,0.6249115,0.8647498,0.2398383,27.734995,0.8295625,1.4619082,0.63234574,43.254818
8df2d81f08d7b972,3001,19,0.27997193,0.5190365,0.23906454,46.059296,0.48086303,1.0083443,0.52748126,52.311623
dd46f0ca5f793350,5607,69,0.11389359,0.35295624,0.23906264,67.73152,0.2236973,0.6767206,0.4530233,66.94392
e320127529e340fb,4340,77,0.70811474,0.9470206,0.23890585,25.227102,0.93151385,1.5729232,0.64140934,40.77817
8f42f05959821b52,2742,80,0.4057994,0.644337,0.23853761,37.02063,0.9726658,1.247433,0.27476716,22.026608
2dcf0a0f755e8c27,1619,68,4.038038,4.2747355,0.23669767,5.5371304,7.501369,7.8859396,0.3845706,4.876662
4129fcdd731a7928,1279,39,0.3981561,0.6343905,0.23623437,37.238007,0.7917104,1.4288456,0.63713527,44.590908
185a8196a380b595,1614,38,0.087214015,0.32290703,0.23569301,72.990974,0.24175642,0.63394296,0.39218652,61.86464
53c5828f971c4282,4738,80,0.48009628,0.7152695,0.23517323,32.878967,0.3074036,0.4308968,0.123493195,28.659576
8c71703dbe148e7e,4651,79,0.62227094,0.8570632,0.23479223,27.394974,1.3507967,1.9726696,0.6218729,31.524431
29dcff51d804b35,3025,21,0.1080438,0.34211183,0.23406804,68.41857,0.30272108,0.87108535,0.56836426,65.247826
3232b16987403208,3585,80,0.45709944,0.6911098,0.23401034,33.86008,0.7001986,0.81056386,0.11036527,13.615865
2499e1ce90f02560,1776,80,17.46158,17.695501,0.23392105,1.3219239,37.10738,37.158688,0.05130768,0.13807721
88490c6d436a576f,4135,57,0.7088826,0.9427477,0.23386514,24.806757,3.0816112,2.3749218,-0.70668936,-29.756323
91d7f0074e813972,1897,46,0.7140724,0.9471647,0.23309231,24.60948,1.3039026,2.127613,0.82371044,38.715237
2751a0b1d13c4082,2295,43,0.35352197,0.5856084,0.23208645,39.63168,0.5318192,1.1032867,0.5714675,51.796825
50529aa7060322a1,1929,80,0.5820248,0.81364125,0.23161644,28.466654,0.855247,1.4607311,0.6054841,41.450756
b6820607fec83f6c,4119,17,0.175374,0.40664446,0.23127046,56.872894,0.1991754,0.6343061,0.43513066,68.59948
e2ee95f91dce6966,3088,31,0.1277414,0.35874468,0.23100328,64.39211,0.28832418,0.8518117,0.5634875,66.15166
7c1dcd26e1352b5a,1544,78,0.48951182,0.7204463,0.23093447,32.054363,0.63033605,1.2314792,0.6011431,48.81472
5ad78f14854aafb2,682,10,0.18847749,0.4188265,0.230349,54.998672,0.30317232,0.735315,0.4321427,58.769737
84db3dff1a9857ca,1032,80,0.53095996,0.7593912,0.22843122,30.080837,0.7980501,1.4008499,0.60279983,43.031006
80c83da195e096ed,1519,41,0.83773655,1.0661212,0.22838467,21.422018,1.5053025,2.3796134,0.87431085,36.74172
45aad8925a42f13c,866,40,0.26558146,0.49391705,0.22833559,46.22954,0.5694546,0.8201422,0.2506876,30.566359
f9be81cb73cd5d22,6517,76,0.7461961,0.97420985,0.22801375,23.404993,2.4205372,2.550864,0.13032675,5.109122
bf5c16184df200b7,272,80,0.5631307,0.79038507,0.22725439,28.752363,0.7557346,1.3585842,0.60284954,44.373367
e41b34f8ace25f0,4868,80,0.50134516,0.72782505,0.22647989,31.117353,1.2113464,1.1483487,-0.0629977,-5.485938
80ceeeaef11942bf,1769,71,2.6122704,2.8387315,0.22646117,7.977548,5.72508,5.6684313,-0.05664873,-0.99937224
fd87337113b989c1,2654,11,0.08602695,0.31240633,0.22637938,72.46312,0.12898947,0.54011405,0.4111246,76.1181
23e051bd92481588,3320,74,0.7074636,0.93228626,0.22482264,24.115194,1.0312623,1.6357096,0.60444736,36.95322
479404468f0a7548,1315,60,0.89666694,1.1201875,0.22352058,19.953854,2.178733,3.0413227,0.8625896,28.362316
d25132f218090b27,2909,40,0.2357606,0.45869437,0.22293377,48.60181,0.578144,0.99986774,0.42172372,42.17795
d3408497ed36cb01,2181,52,1.1750658,1.3978105,0.2227447,15.935259,4.9332156,4.5700884,-0.36312723,-7.9457374
8ece8f7bee2660c6,3668,22,0.22019769,0.44287255,0.22267486,50.27967,0.35328272,0.88926864,0.53598595,60.27267
9ff0ef09808d9144,6133,42,0.15363815,0.37489614,0.22125798,59.018475,0.21492894,1.0722221,0.8572932,79.95482
157b893e1647a509,2416,50,0.5480432,0.7692991,0.2212559,28.760714,1.2440717,1.735339,0.49126732,28.309587
20f420c59a6028e5,2113,76,0.5346497,0.75574285,0.22109312,29.255072,0.64715856,1.2320596,0.58490103,47.47344
b8f696927c00a3b5,7692,80,0.9006175,1.1215385,0.22092104,19.698034,2.2087903,2.36208,0.1532898,6.4896107
8b98219d42237973,8054,69,0.30572355,0.52624214,0.22051859,41.904396,0.41291118,0.54288226,0.12997109,23.940935
5f30f3842cd8556,2119,53,0.26651964,0.4863938,0.21987417,45.20497,0.6965616,1.0310267,0.33446515,32.440006
5f09dc78c5ed666b,1480,80,0.5355772,0.7551267,0.21954954,29.07453,0.7433495,1.3402622,0.5969127,44.537006
a8305d75e8e0a9fe,4387,80,0.51527447,0.73452866,0.2192542,29.849646,1.612333,1.3024837,-0.30984938,-23.789118
d9c083fee38ad0f3,5060,80,0.49845344,0.7176562,0.21920276,30.544258,1.1020436,0.9905171,-0.11152655,-11.259427
5313eae7aa838f5f,3237,80,0.6060563,0.8252305,0.2191742,26.55915,0.8479866,1.4453689,0.5973823,41.330784
2515141af85f8ad9,4173,54,0.3979212,0.61670154,0.21878034,35.475887,0.8702678,1.2057722,0.33550435,27.824856
8e93802c89e82a6e,883,80,0.55361277,0.77224195,0.21862918,28.31097,0.76046336,1.3511792,0.5907159,43.718544
f859904b7bc1d73d,4297,80,0.34975058,0.5683643,0.21861374,38.463665,0.6747401,1.3576242,0.6828841,50.29994
eaea5640d68fea97,588,80,0.77793115,0.99651307,0.21858191,21.934677,2.0106883,2.4527638,0.4420755,18.023565
b223b012efe3f5df,4320,79,0.616828,0.83433366,0.21750563,26.069382,0.84970695,1.4501115,0.60040456,41.404026
aafdd0eccedc580b,2785,80,0.62667084,0.84413564,0.2174648,25.761831,0.9495688,1.5368327,0.5872639,38.21261
5999cf09518e3614,3115,40,0.526058,0.74337554,0.21731752,29.233881,1.1194401,1.5333552,0.41391516,26.994081
6d9396127908dbe1,1602,33,0.45216575,0.6691054,0.21693966,32.422344,0.82019866,1.3916063,0.5714077,41.061012
d39cacac29b36f0a,2765,80,0.584061,0.800964,0.21690297,27.08024,0.82233113,1.4105586,0.58822745,41.701736
5290aca036779e24,4309,13,0.35396898,0.57053477,0.21656579,37.958385,0.5639297,1.1376314,0.57370174,50.429493
dd03f6cc29b66e00,1282,28,0.1956035,0.4113819,0.2157784,52.452087,0.48349786,0.8809027,0.39740485,45.113365
d9fc47c67f56df44,2953,80,0.61298174,0.8282258,0.21524405,25.988573,0.83908087,1.4291619,0.59008104,41.288605
a8fdd1e39551eae,5983,80,0.42308742,0.6382987,0.21521127,33.71639,1.1741694,1.067424,-0.10674536,-10.0002775
da538cba33b092f8,5198,80,0.21913376,0.43424305,0.21510929,49.53661,0.541519,0.7165535,0.17503452,24.427279
2258560a72e88fbe,7087,80,0.63399446,0.8489219,0.21492743,25.317692,1.7745335,1.9316038,0.15707028,8.131599
6aa7da4683799268,655,30,0.3107005,0.525613,0.2149125,40.887974,0.47415206,0.9065986,0.43244657,47.699894
877b807a3af7ec74,766,66,0.43230498,0.647078,0.214773,33.191208,1.5162952,0.35066503,-1.1656301,-332.40558
5cfd875fd60f1cd2,815,76,0.650895,0.86527693,0.21438193,24.776108,1.5249678,2.1082191,0.58325136,27.665594
8280b09b0d86b4a2,1189,71,0.52489424,0.73901594,0.2141217,28.973896,0.69637775,1.2750868,0.578709,45.385853
dbfe18abd5797e84,2398,9,0.4004048,0.6139718,0.21356702,34.7845,0.9199369,1.6025635,0.6826266,42.595917
111aeea80c38c890,3377,79,0.5328171,0.745796,0.2129789,28.557259,0.71733767,1.2966189,0.5792813,44.676292
fb8a044ebca832ef,714,38,1.2006394,1.4134462,0.21280682,15.055884,2.4910066,3.0187094,0.5277028,17.481073
69f79a5baa652072,6825,80,0.49998784,0.7125898,0.21260196,29.835112,0.77229494,1.3020681,0.5297732,40.687054
450c025ce81f17f9,6620,80,0.31112713,0.52319753,0.2120704,40.533524,0.72901225,0.7250246,-0.00398767,-0.5500048
84b1f8bf75096e60,4041,80,0.67667353,0.8887337,0.21206015,23.860933,0.917882,1.5167786,0.59889656,39.48477
4a31119ba0ed7dd3,1846,80,0.58538973,0.79663557,0.21124583,26.517248,0.8003722,1.3794584,0.57908624,41.979244
4077d5e01ce99fa2,366,77,0.47404563,0.68506825,0.21102262,30.803152,0.69102216,1.43638,0.7453579,51.89141
aeda409f25330eb0,5399,80,0.3000753,0.51100767,0.21093237,41.27773,0.3765025,0.90418136,0.52767885,58.359844
18c9a529d3d3701a,658,78,0.48200002,0.692723,0.21072295,30.419514,0.6688351,1.2418138,0.5729787,46.14047
ee6c34a0e6e4347a,2017,24,0.123529546,0.3338882,0.21035865,63.002716,0.14671715,0.6362754,0.48955828,76.94125
2e195c2801973a23,2340,31,0.4579453,0.66820073,0.21025544,31.465912,0.92607194,1.4321861,0.5061142,35.338577
c024f6fa552dc98b,2665,22,1.1133175,1.3231338,0.20981634,15.85753,3.1113434,3.4368773,0.32553387,9.471792
7fef41de6dd94052,246,80,0.63120234,0.8406888,0.20948648,24.918434,0.87520283,1.4622254,0.5870226,40.145836
57b3693ffa473758,614,80,0.56788576,0.77701265,0.20912689,26.91422,0.76441586,1.3394388,0.57502294,42.930138
da52a87b046e4a0a,2241,77,0.5601935,0.7684844,0.20829093,27.104118,0.7330361,1.3011515,0.5681154,43.66251
9ec12d2b361e20a8,5382,23,0.09827889,0.3062994,0.20802051,67.91411,0.25563043,0.63558733,0.3799569,59.780437
e7554c8f58e0aa87,4095,35,0.21168393,0.41946968,0.20778576,49.535347,0.5772695,0.8385319,0.26126242,31.157124
246b71590a9b77a9,3577,71,0.53897613,0.7460879,0.20711178,27.7597,0.8832902,1.4686399,0.5853497,39.856583
537decd0551ce865,2343,29,0.21973896,0.42683375,0.20709479,48.51884,0.36920005,0.750386,0.38118595,50.79865
ec6b8469cd85c98a,1739,80,0.47780424,0.6848904,0.20708615,30.236393,0.6892519,1.2554873,0.5662354,45.100845
715c6e3d4cc04cd4,2747,57,0.864034,1.07095,0.20691603,19.320791,1.7034526,2.6857429,0.98229027,36.57425
b2d2f602c5b6ca28,2173,80,0.47110477,0.6777018,0.206597,30.484945,0.9806114,1.5582463,0.5776349,37.06955
ba3d9c08d2b2be27,907,79,0.58224624,0.7884841,0.20623785,26.156246,0.83525,1.4055189,0.57026887,40.573547
5c126a7a88e7bf62,550,29,0.7304729,0.9366419,0.20616895,22.011501,1.2758867,1.7424328,0.46654618,26.775562
9b8a0772d8da346f,1730,21,0.10894333,0.31488892,0.2059456,65.40262,0.19934909,0.6610894,0.46174031,69.84537
34577e568ecd94c6,1953,27,0.25771043,0.46348235,0.20577192,44.396927,0.4487156,0.6101711,0.16145548,26.46069
b65ee9ca470060c1,1136,80,0.59869224,0.8044306,0.20573837,25.575653,0.8072211,1.3866061,0.579385,41.784397
442b65dfc099015c,3451,80,0.7021562,0.90774566,0.20558947,22.648357,0.9860066,1.5761565,0.5901499,37.44234
35e465acadac161d,2411,18,0.28318825,0.488602,0.20541376,42.04112,0.33639708,0.6707387,0.33434162,49.84678
17a6cc03d113eb86,4933,80,0.4535486,0.65850425,0.20495564,31.124422,1.1245388,1.0961783,-0.028360486,-2.5872147
cc1dce8c1c842028,2388,80,0.44178647,0.64632297,0.2045365,31.646173,0.27857178,0.69373226,0.41516048,59.844482
dc38a46499010db9,864,31,0.061954282,0.26640555,0.20445126,76.74437,0.062081218,0.47164932,0.4095681,86.837425
b426d118d051b93c,2480,45,1.0617595,1.265842,0.20408249,16.122272,1.5897324,1.9420571,0.35232472,18.141832
9b2d30d1d0b20b82,2412,75,0.47940215,0.68315446,0.20375231,29.82522,0.54640156,1.1194438,0.5730422,51.189907
38d38e75dc38726f,3812,56,0.6282119,0.8316859,0.20347399,24.465244,1.9128146,2.0825815,0.1697669,8.151753
cb57d01113aed62b,1891,28,0.09856064,0.30174303,0.2031824,67.336235,0.23440476,0.7089653,0.47456056,66.937065
4f77f69ce1b1921c,975,74,0.5724432,0.7755304,0.20308721,26.18688,0.7651784,1.3277999,0.56262153,42.372463
df2da3043ef3a1a,470,75,1.851454,2.0544457,0.20299172,9.880608,2.7626047,3.2463422,0.48373747,14.901
6dd975a14ebefa6a,4209,76,0.25631705,0.45917496,0.20285791,44.178783,0.61686546,1.0411052,0.4242397,40.748978
178337f8a383c4b2,154,48,0.31553277,0.51814175,0.20260897,39.103,0.6959137,1.0778146,0.3819009,35.432896
5ab487d32a139b92,379,50,0.33024177,0.5323874,0.2021456,37.969646,0.81754005,1.158671,0.34113097,29.441574
223127b15229468a,5624,18,0.45226187,0.65332234,0.20106047,30.77508,0.19634978,0.7107096,0.5143598,72.37271
479b9b8eb54a829,118,24,0.1314011,0.33240205,0.20100094,60.469223,0.16366164,0.6543698,0.4907081,74.98942
d74ca166966e468,6023,80,1.7909063,1.9914898,0.20058346,10.072031,5.882498,5.35215,-0.5303478,-9.909061
66cfcbebad0254fd,432,28,0.2250472,0.4255951,0.2005479,47.12176,0.44299382,0.8724311,0.42943728,49.22306
db3513cc509a1675,3048,77,2.065165,2.2655964,0.20043135,8.846737,5.577856,5.986303,0.4084468,6.823023
397029ca46949eb8,3049,29,0.39435259,0.59447324,0.20012066,33.663525,0.9146393,1.4970181,0.5823788,38.902588
bbf026b432efd835,63,76,0.56554943,0.76547664,0.19992721,26.118002,0.79810524,1.3525335,0.5544282,40.99183
5cd93445b1e7c275,6332,28,0.51611483,0.7158745,0.19975966,27.904284,0.9811171,1.433968,0.45285082,31.580261
d08e0b4668214c43,2981,58,0.20937915,0.40909806,0.19971891,48.819324,0.43805194,1.0132747,0.57522273,56.768684
54595e069c3f5a92,1490,53,1.6266001,1.8261735,0.1995734,10.928501,3.1409342,4.1689,1.0279658,24.65796
80a112dac878dc18,2171,80,0.8681232,1.0675058,0.19938266,18.677431,1.0536388,1.4799979,0.42635906,28.808086
95edbdeeeefd04ee,198,80,0.5661566,0.7646905,0.1985339,25.962645,0.8026524,1.365129,0.5624766,41.20318
af6791c768f454b2,1917,52,0.7892116,0.9877043,0.1984927,20.09637,1.6971636,2.135883,0.4387195,20.540426
1ac6fe4b981e4e85,212,80,0.56135523,0.7590491,0.19769388,26.04494,0.7718749,1.3316916,0.5598167,42.038013
40f2d8b336a3dafc,2745,10,0.19914162,0.39618462,0.197043,49.735146,0.32530126,0.70680267,0.3815014,53.97566
6e708c313f33e19e,1258,41,0.64747906,0.84415185,0.1966728,23.298273,1.8852819,1.7574123,-0.1278696,-7.276016
9f6565f543be1613,4205,2,0.061446946,0.25751323,0.19606628,76.13833,0.07077973,0.41877863,0.3479989,83.09853
918804e364f59b4d,3160,24,0.14343728,0.33947012,0.19603284,57.746716,0.16763343,0.4178918,0.2502584,59.885933
f73e6d4a2e929d20,5502,80,0.46703425,0.66278994,0.19575569,29.535103,0.6012081,1.1614782,0.5602701,48.237675
dc924178ae5bdc64,3211,15,0.20897833,0.40432322,0.1953449,48.314045,0.48684213,0.76305443,0.2762123,36.198242
3c658825dd073d7a,1889,76,0.44370395,0.6389885,0.19528455,30.561512,0.6336863,1.209111,0.5754247,47.590725
6e401d1f7dffb77a,2324,40,0.56273687,0.7576575,0.19492066,25.726751,1.0539418,1.8448073,0.7908654,42.869812
6cb875010b03b9de,1634,80,0.579243,0.7739984,0.19475538,25.162247,0.7958401,1.3520241,0.556184,41.13714
495240197a04969a,138,80,0.6101817,0.80483884,0.19465715,24.185854,0.85173553,1.4115396,0.559804,39.65911
7a02f496b5b92686,2435,80,0.53350127,0.72778976,0.19428849,26.69569,0.43132263,0.6572418,0.22591919,34.37383
cd5f2bd140f33630,2682,80,0.5897111,0.7838066,0.19409549,24.763186,0.81263953,1.3696828,0.55704325,40.669506
d1e422c1e4d58e32,210,80,1.0928365,1.2869233,0.19408679,15.081458,3.3736491,3.2295759,-0.14407325,-4.4610577
3010384d0e3efd50,414,21,1.0663677,1.2604518,0.19408405,15.397975,2.1137705,2.5404136,0.42664313,16.794239
4386ec62c75733b5,2977,79,0.4965656,0.69011563,0.19355002,28.046026,1.5974283,0.91599417,-0.68143415,-74.39285
36270b5cdd0cbbb9,2694,78,0.6535689,0.8469924,0.19342345,22.836504,1.4476682,1.9833686,0.53570044,27.009624
769d21842b59b14f,1223,40,0.45462894,0.6479402,0.19331127,29.834738,0.6093138,0.6406682,0.031354427,4.8940196
97f2a0e93f2abf0e,5351,80,0.5336089,0.7264179,0.19280899,26.542435,0.7307377,1.2882074,0.5574697,43.274845
56de89bd89e211e9,4150,22,0.12588984,0.3184787,0.19258887,60.471504,0.13082133,0.46824518,0.33742386,72.06136
113ff9ce83a05f9e,863,45,0.62764335,0.8199641,0.19232076,23.454779,1.2159815,1.7389317,0.5229502,30.073074
dadee56ac0b4ada,396,80,0.504888,0.6969126,0.19202459,27.553612,0.72095513,1.273457,0.5525019,43.38599
c5d0a03b455d7d50,2994,80,0.5757884,0.7675918,0.1918034,24.987682,0.7847666,1.3374296,0.552663,41.322773
dd55a633c17e83e2,2432,11,0.13982306,0.3315205,0.19169743,57.823708,0.17139994,0.49828258,0.32688266,65.60186
7314309a5eb368e1,3319,11,0.36028716,0.55189896,0.1916118,34.71864,1.1025823,1.1269541,0.024371743,2.1626208
1cce7aad97b45d4,952,80,0.5244453,0.715989,0.1915437,26.752325,0.4999383,0.5556649,0.055726588,10.028812
899bac638f3ceac,5173,80,0.38373622,0.57517457,0.19143835,33.28352,1.0549386,1.2236422,0.16870368,13.78701
7d28cf0ace2206c,2121,20,0.07658061,0.26759928,0.19101867,71.382355,0.15041684,0.36716035,0.21674351,59.032387
30abd2ea63beedbc,2332,80,0.6135757,0.80432785,0.19075215,23.715721,0.8819326,1.4371984,0.5552658,38.63529
913eca08c526d7a5,4733,4,0.75626695,0.94696254,0.19069558,20.137606,0.6919621,0.9184911,0.226529,24.663166
ff18b970260cfb39,2232,80,0.58746445,0.7780176,0.19055313,24.492138,0.8120771,1.3662493,0.5541722,40.561573
d0d811c78d862a23,1631,46,0.2496714,0.43971255,0.19004115,43.219406,0.5160966,0.91001487,0.39391828,43.287014
1074c48f13c96641,367,21,0.1051183,0.29506344,0.18994513,64.37434,0.15595981,0.61136633,0.45540652,74.48996
b62e859c6eb4cd75,5169,80,0.5414804,0.7303633,0.18888289,25.861498,0.8559374,1.3826829,0.5267455,38.0959
676b9aa5a1c9d9dd,542,42,0.20980866,0.39768937,0.18788071,47.24308,0.6904573,0.77769274,0.08723545,11.217213
1fb0bb4066f66bd8,799,80,1.4966853,1.6845354,0.18785012,11.15145,3.0710251,3.4614327,0.39040756,11.278785
ef90ccfe8fe4fe64,5336,37,0.22619672,0.4136754,0.18747868,45.32024,0.61481947,1.0125502,0.39773077,39.2801
462e8603be806acb,2819,26,0.08230807,0.2696201,0.18731202,69.47257,0.1292082,0.5873341,0.4581259,78.0009
3ee7c846d4743614,4168,30,0.33582726,0.5230127,0.18718544,35.789845,0.45452827,0.9202076,0.46567935,50.6059
d12706749bc2c348,139,80,0.60633403,0.79345876,0.18712473,23.583422,0.8466374,1.394961,0.5483236,39.30745
9b9283256c40403e,2290,80,0.8600031,1.0470102,0.18700707,17.861055,2.4889376,3.032407,0.5434694,17.922047
c47c6b364c8cf947,3258,19,0.2325708,0.4194993,0.18692851,44.559906,0.43027595,0.8718174,0.44154146,50.646095
b1f07d065881c4fc,5177,76,0.5929066,0.7794497,0.1865431,23.932667,1.2527702,1.5157605,0.26299036,17.35039
1b6a17c03211821d,4780,80,0.98010063,1.1666214,0.18652081,15.988117,2.524895,2.82348,0.29858494,10.575068
93d64aed69c23291,6242,80,0.7211958,0.90751636,0.18632054,20.530819,1.0094241,1.5541555,0.5447314,35.04999
bb71204d0d0b30da,1151,77,0.5197471,0.7060359,0.18628883,26.38518,0.7217866,1.2743521,0.55256546,43.3605
f47d394a95b04b96,7690,28,0.3750932,0.5607781,0.18568489,33.11201,0.7658944,1.1916518,0.4257574,35.72834
10d025610cabad98,3230,41,0.16135687,0.34699118,0.18563432,53.49828,0.23342346,0.78685445,0.553431,70.33461
64add0d056cbbdb6,973,27,0.38476518,0.5702268,0.18546161,32.524185,1.0495081,1.7946527,0.7451446,41.520267
8cbe0f1aa236031c,49,80,0.49436173,0.6797089,0.18534717,27.26861,0.6696169,1.2482566,0.5786397,46.355827
a4cae03a1093055b,3572,49,0.3541294,0.53903,0.18490061,34.30247,0.86338365,0.95072055,0.0873369,9.18639
736862e01b822bfc,1731,53,0.5611651,0.745725,0.18455988,24.749054,0.72827655,1.1715884,0.44331187,37.838535
3680ca7c92bae43f,1230,36,0.20638561,0.39073813,0.18435252,47.18058,0.5926763,1.0187104,0.4260341,41.820927
13e998e4a05fb5b8,2063,79,0.5542432,0.7385249,0.1842817,24.952673,0.7789529,1.3189492,0.5399963,40.941402
2a8c8f12c37aa27b,3254,16,0.086367935,0.2700417,0.18367377,68.016815,0.22806007,0.42212594,0.19406587,45.973454
442c150e3e3674f2,3220,9,0.13445415,0.31803972,0.18358557,57.724102,0.13137227,0.41280743,0.28143516,68.175896
fad5f8de68cff5f3,2716,80,0.52294123,0.7064818,0.18354058,25.979519,0.6632824,1.1509016,0.48761916,42.36845
a0978966d9623675,111,37,1.2433803,1.42685,0.18346965,12.85837,2.7280939,3.149315,0.42122126,13.375011
b3ab472fd60eb969,2225,80,1.9859463,2.1690495,0.1831032,8.441633,7.4828334,7.510042,0.027208805,0.36229897
8f558efe68bebb04,3872,68,0.48160675,0.6645174,0.18291065,27.525335,0.575308,0.8642337,0.28892565,33.431427
a71bfc4c1c46e824,1291,33,0.49959993,0.6817913,0.18219137,26.722454,1.028254,1.5481877,0.5199337,33.583374
e21128884e086053,7391,80,0.32287815,0.50470084,0.18182269,36.025833,0.17957203,0.92277074,0.7431987,80.53991
78b159c3ff9db50b,1098,80,0.5009014,0.6822255,0.18132412,26.578325,0.6592549,1.2323524,0.57309747,46.504353
bebd2f46b1ddd0af,5062,74,0.5948676,0.77585566,0.18098807,23.327545,0.78270495,1.3103973,0.5276923,40.26964
e4d9dda30455d7b5,267,62,0.5320048,0.7126947,0.18068993,25.353062,0.6917166,1.2358818,0.5441652,44.03052
f4838eec9f385d6a,2942,34,0.15912323,0.33974695,0.18062373,53.16419,0.42358258,0.793842,0.37025943,46.641453
9614ed9f13187cfd,4900,76,0.4031491,0.5834574,0.18030831,30.903423,0.9838641,1.0239282,0.040064037,3.9127781
b0e20116bca56a95,1894,80,0.50860435,0.68854105,0.1799367,26.13304,0.70172554,1.2467113,0.5449857,43.713867
d6fd58159922b764,1673,76,0.6466811,0.826474,0.17979294,21.754215,0.921755,1.470468,0.548713,37.315536
eaaf42f4dcbd965,525,14,0.11481368,0.29447207,0.17965838,61.01033,0.09242327,0.5546774,0.46225417,83.33747
387b84814ee9ce64,2658,80,1.5037957,1.6830314,0.1792357,10.649575,2.9317832,3.163348,0.23156476,7.320243
c43a744f688e0d54,2937,51,0.32393664,0.50311506,0.17917842,35.613804,0.51913536,1.2241814,0.70504606,57.59327
859eeecc72ef3518,4623,80,0.93961155,1.118508,0.17889643,15.994202,2.0899558,2.2736068,0.18365097,8.0775175
eb203c67ade27941,6236,74,0.6298736,0.8082903,0.17841673,22.073347,1.4119005,1.9561018,0.54420125,27.820704
5280c657e11a8bb8,1646,28,0.10914995,0.28730375,0.1781538,62.00887,0.2309711,0.48121724,0.25024614,52.00274
1490a2589c136f84,783,80,0.5285115,0.70610493,0.17759341,25.151136,0.7093817,1.255177,0.5457953,43.483536
239a0bb3d844b940,5511,60,0.80985296,0.98722774,0.17737478,17.966957,1.5708894,1.906128,0.3352387,17.587418
7b3f0ffbb83d8ac6,9708,80,0.39327368,0.5706027,0.17732903,31.077496,0.99105567,1.1080837,0.11702806,10.561301
2b832823bb10f37d,1352,17,0.4697362,0.64676374,0.17702755,27.371288,0.8352103,1.7034321,0.86822176,50.968967
ba8650e7029a30d0,1253,80,0.46484336,0.64176476,0.1769214,27.567953,0.5907581,1.1746277,0.5838696,49.70678
a1ce2caa50e90eda,5412,80,1.0312861,1.2076708,0.17638469,14.605361,3.0576994,2.2726495,-0.7850499,-34.543377
e7bc535747d030c3,2661,80,0.61798406,0.7941758,0.17619175,22.185484,0.6587423,1.1817099,0.5229676,44.255157
1b5300cedd7d65d4,2712,80,0.55855834,0.7347277,0.17616934,23.9775,0.14734448,0.5951057,0.44776124,75.24062
5ffa7c0873f841fd,64,80,0.52731776,0.7032526,0.17593485,25.017305,0.70527273,1.2580091,0.55273634,43.93739
5853eabed7330da8,2030,80,2.979565,3.155326,0.17576098,5.570296,7.21961,7.324078,0.10446787,1.426362
4f39feba07576634,2360,23,0.741856,0.9174298,0.17557383,19.137577,1.9761206,2.2942624,0.31814182,13.866845
d1747b2441e9ce47,3725,80,0.5709921,0.74627024,0.17527813,23.487219,0.55989,0.57962567,0.019735694,3.4049034
89756e936173e8c1,1710,79,0.5454975,0.7203829,0.17488545,24.276735,0.752956,1.2855926,0.5326366,41.431213
143c9db6d22f3efa,3685,80,0.48923698,0.6641139,0.1748769,26.332367,0.6804029,1.241574,0.5611712,45.198364
e7b8364c75d631cd,104,80,0.5492928,0.7241601,0.17486727,24.147598,0.7579859,1.292625,0.53463906,41.360725
16221fe07c28b02b,3100,20,0.22266813,0.3967111,0.17404298,43.871468,0.41289657,0.5784792,0.1655826,28.623777
14c177844a062b6e,4208,80,0.5760892,0.74994874,0.17385954,23.182856,0.78575987,1.3094333,0.5236735,39.992374
d6f0a6bfe92491cc,2128,20,0.53568685,0.7094749,0.17378807,24.495308,0.26562828,0.8471586,0.58153033,68.6448
d0ffa2d9c563f9e8,350,79,0.5211122,0.6945168,0.17340457,24.967659,0.4755078,1.0024511,0.52694327,52.565487
a2aa08d3efd6d1cc,6316,76,0.1360645,0.30885628,0.17279178,55.94569,0.16070294,0.560082,0.39937907,71.30725
bf737db2a4714898,1241,80,0.49815887,0.6709341,0.17277521,25.751444,0.6653307,1.2078862,0.5425555,44.917767
9dd93ed5e63a25b8,704,48,0.17471538,0.34709883,0.17238344,49.66408,0.40939426,0.8169389,0.4075446,49.88679
2a3c8fb120595a0e,3530,24,0.2118525,0.38416004,0.17230754,44.85306,0.4136803,0.8360232,0.42234293,50.51808
37c492e8e2499120,6731,80,0.32735893,0.4995634,0.17220446,34.470993,0.2541646,0.89519036,0.6410258,71.607765
7104c2d89b9e1103,1427,15,0.32617,0.4980926,0.1719226,34.51619,0.3894399,0.90108913,0.51164925,56.781204
edb48449c2fd1a1,5039,80,0.8267511,0.9979553,0.17120421,17.155499,1.3613292,1.932531,0.5712018,29.557186
7063f0669c7150a2,1363,80,0.5640399,0.73513997,0.17110008,23.27449,0.8129949,1.3358237,0.52282876,39.139057
cb5ddfedcfd9b6b4,174,27,0.38441125,0.55536866,0.17095742,30.78269,0.8064014,1.2069784,0.40057707,33.18842
bae72cef51e51acc,2098,12,0.3017194,0.47262028,0.17090088,36.160294,0.37781265,0.95155984,0.57374716,60.29544
3d4fc31c6c5eeb58,3229,38,0.10874649,0.27948815,0.17074165,61.09084,0.18026687,0.6216816,0.4414147,71.00335
e823d93ea8f926ab,2221,10,0.1386879,0.30918202,0.17049412,55.14361,0.2314524,0.535006,0.30355358,56.738354
cfda0de85db249c8,7133,77,0.48470905,0.6551653,0.17045626,26.01729,1.341241,1.4711232,0.12988222,8.828778
90ef4765690ba509,959,73,0.40255132,0.57300574,0.17045441,29.747417,0.543465,1.1024364,0.5589714,50.703274
5ad15d1ce848adaf,3059,34,0.24297383,0.4132847,0.17031085,41.20909,0.36664632,0.8427621,0.4761158,56.494682
a7178dd1fe502412,1030,80,0.47300225,0.6432611,0.17025882,26.468075,0.5446515,1.094929,0.5502775,50.25691
52df9653c1991ced,3014,50,0.3395925,0.50965005,0.17005756,33.36752,0.5291601,0.9466149,0.41745484,44.099754
8fd0bd14881cbe1,5137,80,0.5915944,0.7615535,0.16995913,22.317425,0.86163694,1.3765155,0.5148786,37.404488
eb017c0b27d76aab,4370,78,0.86283207,1.0326396,0.16980755,16.444029,2.9013717,2.3525028,-0.5488689,-23.331274
67ca85890e486d02,2445,46,0.3102824,0.4800041,0.1697217,35.358383,0.57722116,0.9460561,0.36883497,38.986584
824dcdd34ad3a45a,2696,80,1.1261375,1.2958553,0.16971779,13.096971,3.468758,3.5416536,0.07289553,2.0582342
27e6e98c8e4716c5,2139,80,0.56409436,0.73372793,0.16963357,23.11941,0.45080414,0.89283586,0.4420317,49.50873
acb1f2e268c12739,6252,21,0.10296733,0.27258843,0.16962111,62.226086,0.17386563,0.5739468,0.40008116,69.707016
6530c449cc121095,1784,75,0.45853445,0.62783164,0.16929719,26.96538,0.847643,1.404605,0.556962,39.652573
2a6ced0b24a3d6ad,2337,6,0.078033276,0.24680042,0.16876715,68.382034,0.13001491,0.4724964,0.3424815,72.483406
622a9e65cb2d2368,2075,31,0.40780532,0.5763226,0.16851729,29.240095,0.95188785,1.2654406,0.31355274,24.778147
dad3f10338aa87ca,3922,67,0.5111824,0.6794566,0.16827416,24.765991,0.9205809,1.5346488,0.61406785,40.013577
d5030bf06e427510,2447,74,0.5607206,0.72887766,0.16815704,23.07068,0.72762066,1.2434789,0.51585823,41.48508
dcb1ba0aae1e0dd9,1006,27,0.058743153,0.22658713,0.16784398,74.074814,0.11549711,0.51707584,0.40157872,77.66341
3123288ea27b82e7,2331,33,0.90707916,1.0747637,0.1676845,15.601988,1.8172,2.2702277,0.45302773,19.955168
4f412aef7809e54c,2450,20,0.04407998,0.21173856,0.16765857,79.18188,0.10367215,0.3698705,0.26619837,71.97069
5e905d381d845859,718,58,0.53922033,0.7064335,0.16721314,23.670048,0.74417144,1.2704041,0.52623266,41.422462
7739cc3ac1376d4f,1088,36,0.13346675,0.30019647,0.16672972,55.5402,0.43372682,0.6611723,0.22744545,34.400333
9bee7c6a167e15a7,1361,80,2.4942636,2.6609287,0.16666508,6.2634177,5.1481647,5.0960097,-0.052155018,-1.0234481
51301d258810c0c3,516,73,0.5257873,0.69205385,0.16626656,24.02509,0.75321037,1.2950675,0.5418572,41.84007
68d5820c2eeca0cc,1886,80,0.50745887,0.67345893,0.16600007,24.648878,0.6537063,1.1881813,0.53447497,44.982613
38615980643ff39c,1674,80,0.46318275,0.6291629,0.16598016,26.381111,0.65498585,1.179827,0.5248411,44.484585
1a43e54426ee0cb7,2983,38,4.3156953,4.4816175,0.16592216,3.702283,8.069904,8.802067,0.7321625,8.318075
850fabd0f659913a,758,58,0.4877149,0.653584,0.16586912,25.378395,0.8308834,1.3507476,0.5198642,38.487144
d9ec7b5598c63f60,5561,22,0.120893076,0.28675964,0.16586657,57.84167,0.21945418,0.5749399,0.35548574,61.830067
e26c0c1fdf3aa83e,2131,80,0.65208185,0.81751955,0.1654377,20.236544,0.90008193,1.4314456,0.53136367,37.120773
1109659c82596b37,5891,79,0.56382805,0.72872245,0.1648944,22.627874,0.79816705,1.3181419,0.5199749,39.447563
5c4d7df74016a6f5,870,78,0.5557875,0.7205324,0.16474491,22.86433,0.7006292,1.1976705,0.49704129,41.50067
f483c6a7a7ef34d1,1573,80,0.57378554,0.73708606,0.16330051,22.154879,0.80426913,1.3234415,0.5191724,39.228966
a70de0101d1c66c7,338,80,0.6879804,0.8512808,0.1633004,19.182905,0.97859323,1.2024497,0.22385645,18.6167
6ad50acef462be52,2550,80,0.385553,0.5487012,0.16314822,29.733526,0.7876523,1.7257472,0.9380949,54.35877
611a023f6b619a41,4955,28,0.21873002,0.3817468,0.16301678,42.702854,0.3985727,0.7574349,0.3588622,47.378616
d33b22980ca64596,2815,43,0.37142622,0.5344378,0.16301155,30.501503,0.939851,0.9657063,0.025855303,2.6773465
d286f769018331ba,4049,39,0.12887554,0.2915983,0.16272275,55.80374,0.19656959,0.734371,0.5378014,73.232925
c38a7c2a25f25b61,4111,28,0.61660045,0.7792926,0.16269213,20.8769,1.1787417,1.5259452,0.3472035,22.75334
a6ffa020b29b07bf,5460,80,0.94627684,1.1089251,0.16264826,14.667199,2.2365723,2.355713,0.119140625,5.057519
86e11656d4b38ef6,501,49,0.3268987,0.4895073,0.1626086,33.21883,0.9063647,1.2079294,0.3015647,24.965425
3863d25a7abd4fcd,499,40,0.30982813,0.4721547,0.16232657,34.379955,0.590626,0.8854542,0.29482818,33.29683
3363fd7f7024c741,2079,17,0.09994824,0.2622507,0.16230245,61.888283,0.20440856,0.5185591,0.31415054,60.581432
deb36c8b209391cb,2952,80,0.52998817,0.69187653,0.16188836,23.398447,0.7244501,1.2457374,0.5212873,41.845684
caf502c126592e7f,4249,80,0.3325842,0.49401823,0.16143402,32.677746,0.5935966,0.7847393,0.19114274,24.357481
298f8134b9ab5a82,840,28,0.20659946,0.3680079,0.16140844,43.860046,0.31249085,0.6932603,0.38076946,54.924458
99e358840255962c,8164,80,0.74129796,0.90265036,0.1613524,17.875402,2.643295,2.9654264,0.3221314,10.862903
f26380fbf6143090,1350,21,0.11615985,0.2773896,0.16122973,58.123928,0.1756028,0.576531,0.4009282,69.54148
7a2ed7c9340e8881,2406,49,3.1868844,3.3481038,0.16121936,4.8152437,6.981158,7.204842,0.22368431,3.1046386
c9186f1742206831,3564,9,0.12932709,0.2904294,0.16110232,55.47039,0.13713664,0.414902,0.27776536,66.94722
66b8ee4a0bec4671,3296,80,0.5867886,0.7478756,0.16108698,21.539276,1.3416138,1.6860483,0.3444345,20.428507
ff21b0b727920a8d,2003,80,0.47717157,0.6382579,0.16108635,25.238441,0.66625994,1.2286781,0.56241816,45.77425
71df42a657638f94,3662,77,0.49138194,0.6521705,0.16078854,24.654371,0.84837204,1.4773885,0.62901646,42.576237
cbedde0e3a378918,2242,68,0.46935403,0.62980694,0.1604529,25.47652,0.6423861,1.3193201,0.676934,51.309307
609ec66d9c97002a,4284,80,0.64605945,0.80612624,0.16006678,19.856293,1.7602631,1.6633563,-0.09690678,-5.8259783
24afe6f7028fa331,1782,80,0.59183234,0.7517201,0.15988773,21.269585,0.8578716,1.3625538,0.50468224,37.039436
ecd5d47ceafcebae,1575,80,0.56185365,0.72140276,0.15954912,22.11651,0.7802947,1.2851193,0.5048246,39.282314
5c045849033a5efe,1554,80,0.5442532,0.70341915,0.15916598,22.627472,0.7727967,1.2830578,0.5102611,39.769146
85bd04b846ced71,1508,58,0.3815229,0.5406382,0.15911531,29.431015,0.48127815,1.2821367,0.8008585,62.4628
65165d01cfd94697,1276,80,0.50396967,0.66274226,0.15877259,23.956913,0.6187243,1.1558887,0.5371644,46.471985
99240de18b489b1d,3946,31,0.38771415,0.5462365,0.15852237,29.020828,0.6230409,1.0958227,0.47278178,43.144
aeb172019ec85f33,2751,80,0.57463247,0.7330042,0.15837175,21.605843,0.8051847,1.3079078,0.5027231,38.437195
dfb2b149a7981c48,2926,76,1.1558924,1.3141388,0.1582464,12.041833,2.9399238,1.7476492,-1.1922746,-68.22162
d596259da33cfe0b,3405,22,0.1054574,0.26350278,0.15804538,59.97864,0.25104317,0.3856951,0.13465193,34.911495
6c525c57fbfcc142,1840,80,0.62443966,0.78240055,0.15796089,20.189262,0.8604508,1.3644861,0.5040353,36.93957
332f0a2f488c55af,1663,79,0.97201353,1.1298276,0.15781409,13.967979,1.664171,1.9700922,0.3059212,15.528268
439910632cf3a8aa,3440,80,0.39751655,0.55519855,0.157682,28.40101,0.57932407,1.0928344,0.5135103,46.98885
9e4cc0dcac4cad70,3340,4,0.046516445,0.20335954,0.1568431,77.12601,0.051808458,0.3636241,0.31181565,85.7522
d9b22155e8c0bbb7,5099,29,0.18859212,0.34521663,0.15662451,45.36992,0.39529678,0.59780246,0.20250568,33.875015
73403a79fffce408,6866,79,0.7975397,0.9541318,0.15659207,16.411995,1.9519817,1.7847362,-0.1672455,-9.370881
7074d075d0249b08,5249,49,0.34853747,0.5050184,0.15648094,30.985195,0.46063176,0.8952912,0.43465945,48.549507
1b2d92b432630928,1249,28,1.1867969,1.3431717,0.15637481,11.642206,2.4913144,2.7982848,0.30697036,10.969947
50145281dd8d7bb0,1869,80,0.51514375,0.6714039,0.15626013,23.273642,1.1029344,1.347061,0.24412668,18.122911
8e9082df6c72f588,3733,80,0.79586,0.9520019,0.15614194,16.40143,1.0631324,1.568599,0.5054666,32.22408
d9a9ae6358e23e9f,2663,22,0.44355634,0.5995944,0.15603808,26.023937,0.88560814,1.1625516,0.2769435,23.822039
fc01ff5d58067c22,4926,24,0.07780207,0.23347841,0.15567634,66.67697,0.0718425,0.18584362,0.11400112,61.342495
9ffcefb10e640972,2923,80,3.5113041,3.666963,0.15565896,4.244901,8.758104,9.690228,0.93212414,9.619217
f51acac15a45915e,3957,64,0.58604395,0.74158424,0.15554029,20.974054,1.1314412,1.0889658,-0.042475462,-3.9005325
b8867d82ed4f2b5b,906,79,0.46481502,0.6201865,0.15537149,25.05238,0.8782198,1.4842345,0.60601467,40.830116
8ad9ab3f27f0ab71,1167,78,0.55085295,0.7056588,0.15480584,21.937775,0.7238677,1.2662934,0.5424257,42.835705
c941617c981520db,1935,80,0.5456543,0.7004331,0.15477878,22.097584,0.75198877,1.247776,0.49578726,39.733677
9aa4c6e41e3b8ab9,2770,27,0.07598939,0.23070785,0.15471846,67.0625,0.19200397,0.45523232,0.26322836,57.82286
9df8b05156c3e9d7,4605,80,0.615645,0.7701964,0.15455139,20.06649,0.8639534,1.364254,0.5003006,36.6721
4023559af0991fe9,1502,80,0.54923403,0.7031356,0.15390158,21.887894,0.75519687,1.258427,0.50323015,39.988823
46d86bd34b2f4115,2726,72,0.52010274,0.6739159,0.15381318,22.823793,0.689043,1.2083579,0.51931494,42.976913
6a60830438a484d8,427,80,0.41746444,0.5712366,0.15377218,26.919174,0.8148117,1.3200792,0.5052675,38.275543
ab4024676be4635f,230,45,0.29544827,0.44917467,0.1537264,34.22419,0.46659908,0.67978203,0.21318296,31.360487
7b4fd0c7d490fd34,3929,18,0.09547903,0.24915345,0.15367442,61.678623,0.15418868,0.11832537,-0.03586331,-30.309063
c612e0acae962ff8,2155,80,0.8410851,0.99459136,0.15350628,15.434106,1.4020579,1.8200017,0.41794384,22.963924
b48ebf2f2c7a8507,4499,80,3.314537,3.4676087,0.15307164,4.4143286,9.296389,9.850353,0.5539646,5.6238046
82c40d495ae93b5a,245,80,0.40716982,0.5597261,0.1525563,27.255526,0.637026,1.1295246,0.49249858,43.602287
4b0d3a1638af3039,684,78,0.7271989,0.87945706,0.15225816,17.312746,1.1632521,1.6866716,0.5234195,31.032684
38107163a0366c78,1283,73,0.6492432,0.8007523,0.1515091,18.920847,1.0425797,1.5757936,0.533214,33.837803
34babbccbc2792a0,1632,76,0.7344351,0.88594013,0.15150505,17.101048,1.2157903,1.8401896,0.6243993,33.931248
5aee7ce2df093670,2500,29,0.599655,0.75098276,0.15132779,20.150635,1.0789828,1.6273069,0.5483241,33.695187
f2b7e9d27c8e913e,2190,80,0.52513975,0.67594105,0.1508013,22.309832,0.65634435,1.1081793,0.45183498,40.77273
de24197512805b07,546,8,0.16095905,0.31159395,0.1506349,48.343334,0.26587117,0.59669435,0.33082318,55.442654
46b29e33956c347b,6831,80,0.1677396,0.31833106,0.15059146,47.306557,0.48331583,0.6550295,0.17171365,26.214643
6194917b6b54b9dd,3015,17,0.083088346,0.2333347,0.15024635,64.390915,0.031645183,0.41721767,0.3855725,92.41519
af88e5c254a7cf7d,2217,67,0.63588524,0.7861037,0.15021849,19.109245,0.8672541,1.366075,0.49882096,36.5149
a6f8b2b348015743,5652,23,0.06904906,0.2192099,0.15016083,68.50094,0.019169316,0.398691,0.37952167,95.19193
7b136caf0f52872c,5181,80,1.4191086,1.5692192,0.1501106,9.565942,2.7906425,2.9847813,0.19413877,6.5042877
b387bcb0363d0786,3863,70,0.43450618,0.5842376,0.1497314,25.628513,1.0287095,1.4761692,0.4474597,30.312222
6930bd54508cf2b1,5297,59,0.27984318,0.42950138,0.1496582,34.844635,0.7418874,1.0395516,0.29766423,28.633904
37924894a837e4e1,3397,57,0.52961487,0.67899144,0.14937657,21.999771,0.9405541,1.2542509,0.3136968,25.01069
191bce15d27eb683,1705,80,0.55234665,0.7016447,0.14929807,21.278301,0.7984186,1.29171,0.49329144,38.189022
afc050efca5671b5,2275,23,0.16940926,0.31868953,0.14928026,46.84191,0.26883885,0.4677853,0.19894645,42.529434
41206f68582e11cb,7583,80,0.27776554,0.426972,0.14920646,34.945255,0.82625645,0.6900204,-0.13623607,-19.743774
4ed321d1db41d28b,617,67,0.47050422,0.61959296,0.14908874,24.062368,1.3181949,2.1789315,0.8607366,39.502693
735fc43d883bbe55,1062,39,0.30559328,0.45461664,0.14902335,32.780003,0.4744537,0.90350586,0.42905217,47.487484
2e326d4b3f5c323b,1853,80,1.0077053,1.156596,0.14889061,12.873175,1.8643633,2.5231519,0.65878856,26.109747
3270beecf2052847,2881,8,0.05961566,0.20849846,0.1488828,71.40714,0.030330619,0.36378452,0.3334539,91.662476
125bfe58921b96b5,5509,21,0.1614625,0.310298,0.1488355,47.965343,0.45108414,0.6170345,0.16595036,26.894825
e8eb4c728264b6a,3102,80,0.49446625,0.6431704,0.14870417,23.120493,0.6818403,1.1721983,0.490358,41.832344
b904a650e7b5949f,1228,48,0.81122726,0.9599197,0.14869243,15.490091,1.0384208,1.6904196,0.65199876,38.570232
eebd38a1c0b15ed9,705,30,0.41992608,0.5685686,0.14864251,26.143286,1.3152444,1.5452019,0.22995746,14.882034
72fb1eabaf94928f,6018,80,0.49776584,0.64622855,0.14846271,22.973717,0.9857126,1.1536636,0.16795105,14.558061
6576d8c3bbfe5d90,5254,71,0.8110937,0.95954376,0.14845008,15.470902,1.2155876,1.7050717,0.48948407,28.707537
ef59d27165836816,2979,54,0.3744517,0.52283776,0.14838606,28.380901,0.8211501,1.0755311,0.254381,23.651665
86dffeee6b6d19d1,1865,5,0.054494817,0.20286973,0.14837492,73.13803,0.123318814,0.3251473,0.20182848,62.072937
85a94593c278775f,3763,7,0.48960525,0.6379262,0.14832097,23.25049,0.30488658,0.57487214,0.26998556,46.964455
1484a8acd236fd1a,2757,13,0.056451704,0.20422138,0.14776967,72.35759,0.0912864,0.27478722,0.18350083,66.77924
8b3d65d6b0b26901,6566,12,0.61004084,0.75780004,0.1477592,19.498442,1.1551211,1.4833213,0.32820022,22.126038
4cc6f10a6f7dea1e,3442,80,0.6033038,0.7507204,0.14741659,19.636684,0.8442306,1.3317217,0.48749107,36.60608
193adba64897b071,2874,42,0.21114415,0.35830906,0.14716491,41.07206,0.5327071,0.6010378,0.068330705,11.368787
ac1682c675872137,173,33,0.29672265,0.44363648,0.14691383,33.115814,0.7597914,0.8957868,0.13599545,15.181676
7f2dbd5f41a098b9,1043,73,0.5280683,0.6748459,0.14677757,21.749792,0.6285325,1.1344892,0.50595665,44.59775
469ba04d06a56ad9,3321,60,0.2636456,0.41019318,0.14654759,35.726482,0.76166177,1.3268917,0.5652299,42.598045
67c2c9cf46172ab,6092,61,0.27623078,0.4226638,0.14643303,34.64527,0.56434244,0.67038155,0.10603911,15.817724
58e33129a132c7de,2453,48,10.730239,10.876573,0.1463337,1.3454026,23.844612,24.951145,1.106533,4.4347987
73c21afd049e3cb,45,80,0.5046202,0.65077764,0.14615744,22.45889,1.234044,1.2454011,0.011357188,0.9119301
9e730dd263266cee,3305,62,0.66349816,0.8095626,0.14606446,18.04239,1.0657698,1.3740033,0.3082335,22.433243
63889debfab54a76,1178,76,0.562607,0.7086383,0.14603132,20.607313,0.67776537,1.1734047,0.49563932,42.239418
16c4b89e281ca2f,723,17,0.26992545,0.41587377,0.14594832,35.09438,0.36294508,0.69926035,0.33631527,48.09586
ab79301a452dc4a,1165,80,0.72676,0.8721078,0.14534777,16.666262,2.844541,2.497389,-0.347152,-13.900598
3b66ddc700c2e8c1,6017,80,0.5857951,0.73111796,0.14532286,19.8768,1.0969679,1.0430259,-0.053942084,-5.171692
b5e73bf230d864bc,2293,26,0.15871936,0.30395788,0.14523852,47.782448,0.33275256,0.7148855,0.38213292,53.453724
b1aea9262d48f9ae,5587,80,0.87462413,1.0197909,0.14516675,14.234953,1.9492444,2.2137868,0.26454246,11.949771
27cc0225093f6ac8,3223,10,1.2883742,1.4335301,0.1451559,10.125766,1.5127112,1.8128031,0.30009198,16.554031
3ba41b1b56bcb4fa,2885,62,1.7727387,1.9177891,0.1450504,7.5634184,3.53343,4.060909,0.5274787,12.989179
a664c4635500b29b,2841,52,0.43756503,0.5824166,0.14485157,24.870783,0.58842266,0.9981201,0.40969747,41.046913
4a9afd400b456f09,2505,36,0.327432,0.47213417,0.14470217,30.648527,0.7456325,0.9174102,0.17177767,18.724194
89147798ac6b0fd,1133,51,0.30827835,0.45280483,0.14452648,31.918053,0.5264976,0.855329,0.32883137,38.445015
5651546dc1113540,945,8,0.43494484,0.57932913,0.1443843,24.92267,0.4470591,1.4423121,0.995253,69.004
f0ab92044e9d3044,632,77,4.691628,4.835322,0.14369392,2.9717553,9.373745,9.695904,0.3221588,3.322628
8b375339a2b79495,1867,33,0.16818114,0.3118126,0.14363147,46.063393,0.40394583,0.54042035,0.13647452,25.2534
b1967dec1c27a0a7,5931,18,0.10068997,0.24402554,0.14333558,58.737938,0.19725525,0.4351671,0.23791185,54.671375
ddd08b9b06e716c8,1200,10,0.09985478,0.24298699,0.14313221,58.905296,0.16656046,0.34726074,0.18070029,52.03591
d77fe6e074081a8f,2653,17,0.16132268,0.30442572,0.14310303,47.007538,0.21766287,0.59082276,0.3731599,63.159363
b0c8ca12943a4473,194,16,0.17949542,0.32214767,0.14265224,44.28163,0.066758126,1.0362097,0.96945155,93.557465
52282173d2de9159,3569,73,1.3241496,1.4666142,0.14246464,9.713845,2.5009983,2.6381555,0.1371572,5.198981
54a5e74bbfac26e5,3300,18,0.07008916,0.21252933,0.14244017,67.021416,0.08101092,0.25542337,0.17441244,68.28367
eecd9a4a99b85a1c,1454,44,0.4537206,0.5959701,0.1422495,23.868563,1.1058203,1.3084219,0.20260155,15.484421
46412669b673f33c,254,80,0.48338455,0.6253711,0.14198655,22.704367,0.5930829,1.0856383,0.49255538,45.37012
eb9fe57ddda72954,2254,45,0.42721063,0.5684646,0.14125395,24.848328,1.0426332,1.0465688,0.0039355755,0.37604555
3bf72128fbb84434,2754,51,0.4079622,0.54911876,0.14115655,25.706017,0.8303143,0.721352,-0.1089623,-15.105288
1ded2947f0ad1a54,6449,80,0.7363798,0.8773422,0.14096242,16.066982,2.4246392,2.4298222,0.0051829815,0.21330702
a12dd28f60e5cd22,1111,71,0.6313859,0.7722291,0.14084315,18.23852,0.8070598,1.2812151,0.47415525,37.008247
15c746ce6a0bb303,3246,53,0.28830862,0.42904615,0.14073753,32.802425,0.67690724,1.1836241,0.5067169,42.810623
f0c5f4c683153a7d,1985,41,0.66504353,0.80568576,0.14064223,17.456215,1.962117,1.913071,-0.04904592,-2.5637271
86e0e2852fe19f54,949,9,0.12255071,0.262891,0.14034028,53.383453,0.10222235,0.39427587,0.29205352,74.073395
a2f2a0dccd003ec8,6103,72,1.3875225,1.5277495,0.14022708,9.17867,3.9334664,3.6773171,-0.2561493,-6.9656568
d13a754b3510c4a6,962,68,0.38449195,0.5242145,0.13972256,26.653698,0.44016978,0.5248162,0.08464643,16.128777
acb0f18c61d9095,1990,27,0.4796903,0.6192866,0.13959628,22.541466,0.14475754,0.46011668,0.31535915,68.538956
11825eaffcff0f42,5010,80,0.35593995,0.4954241,0.13948414,28.154491,0.5212123,0.6491846,0.1279723,19.712776
6896e63cc97e12f5,1651,37,0.1646081,0.30403116,0.13942306,45.858147,0.41807157,0.55642027,0.1383487,24.864065
a65b3e4ccfb840c5,2578,37,0.25297818,0.39225703,0.13927886,35.50704,0.03725545,0.41814998,0.38089454,91.09041
9699fb73fd8e5150,4442,80,2.2815228,2.4206626,0.13913989,5.7480083,6.0366564,5.7261276,-0.31052876,-5.423015
f3dd586244f8dad5,5690,78,0.59217066,0.7311701,0.13899946,19.01055,0.68964696,0.94768536,0.2580384,27.228277
c4ec648712d15732,1715,50,0.5797727,0.7187487,0.13897598,19.335823,0.7876763,1.0496415,0.26196522,24.95759
f71970a79a7a1f26,6230,80,0.3582775,0.49718913,0.13891163,27.939394,0.10051547,0.43661946,0.33610398,76.9787
874765c6318f1e9,3369,79,0.6223435,0.7611623,0.1388188,18.23774,0.7509486,1.2373294,0.48638076,39.308914
ed6af441cbe5228c,2468,22,0.10098252,0.23974057,0.13875805,57.878418,0.37316957,0.63974106,0.2665715,41.668655
a7710abbbd4226f3,2622,63,0.44871417,0.5872736,0.13855943,23.593676,0.45391682,0.9488456,0.4949288,52.16115
158b850b9776aee6,3558,25,0.64875686,0.78727204,0.13851517,17.59432,1.5115604,1.7095618,0.19800138,11.581996
b1101490b3977f0a,2224,27,0.23193564,0.37041968,0.13848405,37.385715,0.7124812,0.40899384,-0.30348736,-74.20341
3ea6dcad0bb81ba5,2995,56,0.456599,0.594891,0.13829201,23.246613,0.4099679,0.9139914,0.5040235,55.145325
f41c8ff4f94cb4ba,3928,79,0.82295614,0.9609658,0.13800967,14.361559,2.9344597,2.8151143,-0.11934543,-4.2394524
73db392606a5c277,1362,24,0.08575106,0.22374274,0.13799168,61.674263,0.16585776,0.45268166,0.2868239,63.36106
f69b9766478e92cf,707,50,0.39758998,0.535368,0.13777804,25.735203,0.6842779,0.9362243,0.2519464,26.9109
5f269e1c0d80d648,1805,20,0.24068955,0.37807876,0.13738921,36.338783,0.4514836,0.71533805,0.26385444,36.88528
c41f59d6416d5b94,793,46,0.30417797,0.4412579,0.13707992,31.065718,0.66051376,0.73414916,0.0736354,10.030033
2d158c194c098406,812,13,0.054695647,0.19149974,0.13680409,71.43826,0.12798768,0.30823052,0.18024284,58.47663
4451b9b960ceda29,2230,37,0.3929778,0.52975523,0.13677743,25.818985,0.77426213,1.1164309,0.34216875,30.648449
58c71bf54a8078a4,4350,1,0.042952795,0.17967904,0.13672625,76.09471,0.042952795,0.17967904,0.13672625,76.09471
1e757455e10ab586,29,25,0.110874556,0.2475019,0.13662735,55.202545,0.3129541,0.59231275,0.27935866,47.164047
4ba0498860f3c0a2,1022,80,0.55529916,0.69162905,0.13632989,19.711416,0.7263585,1.2130282,0.48666972,40.12023
c6ebce9e466617d8,1472,28,0.14868061,0.28499582,0.13631521,47.8306,0.22699355,0.6121637,0.38517016,62.919468
e8d37e929a752501,2914,36,0.26691186,0.40276134,0.13584948,33.729523,0.41916898,0.82977164,0.41060266,49.483814
7da75342dafab419,1081,13,0.48159558,0.616991,0.13539541,21.944471,0.78773946,0.98040384,0.19266438,19.651533
c8c4ba24801fe887,6992,80,0.78666496,0.9217435,0.13507855,14.654678,0.7738548,1.212718,0.43886322,36.188396
c82077c3738c412d,5418,80,0.2673392,0.40211326,0.13477406,33.51644,0.43344992,0.8929718,0.4595219,51.459843
6b6fb008e6d3b8b1,1566,78,0.24171898,0.37587142,0.13415244,35.691048,0.52780104,0.60231763,0.074516594,12.371644
3141eaf7e1ccab84,3561,80,0.5451823,0.6788253,0.13364303,19.687397,0.75821596,0.8644689,0.10625291,12.29112
720f0b6d3dc5187b,84,80,0.48822856,0.62167144,0.13344288,21.465178,0.61202925,1.1366333,0.524604,46.1542
e6d24a0f070958fc,3036,45,0.3859556,0.5192746,0.13331899,25.674084,0.62189406,0.82836086,0.2064668,24.92474
496c2197279396fa,4067,31,0.10829782,0.2414594,0.13316157,55.148636,0.51299495,0.5599729,0.046977937,8.389324
bcc85ec67aea1dfa,508,25,0.25787193,0.39078245,0.13291052,34.011383,0.4323231,0.8509459,0.4186228,49.194996
ffc4eb6bb4e38dfc,600,69,0.63025665,0.7630718,0.13281512,17.405325,1.2134445,1.1320521,-0.08139241,-7.189811
fca56bac16c8d8f4,552,11,0.49776268,0.62978625,0.13202357,20.963236,0.22584486,0.41827124,0.19242638,46.005165
cec3d42e5a5e0b0c,3538,25,0.34504595,0.47686008,0.13181412,27.642096,0.57825387,0.98928493,0.41103107,41.5483
ba78cd6959668ed,6375,80,0.48800525,0.619808,0.13180277,21.265095,0.66395664,0.7359089,0.07195228,9.777335
7741d9bbdddf044e,1755,4,0.33319908,0.46491492,0.13171583,28.33117,0.36818478,0.56208044,0.19389567,34.49607
ed198e13fda39511,316,78,0.5086546,0.63991255,0.13125795,20.511858,0.6259303,1.1234672,0.4975369,44.28584
7f24b6c859c514d1,1222,80,1.704282,1.8355252,0.13124311,7.1501665,3.1351905,3.567189,0.4319985,12.110333
b88b3cc8318540c,841,23,0.14748295,0.27844694,0.130964,47.033737,0.487097,0.3329425,-0.15415451,-46.300644
f131f94b02df406e,3452,80,0.377194,0.5080146,0.13082063,25.751352,0.6450174,1.019418,0.37440062,36.7269
735dfd065c9e62fd,3098,29,0.2874943,0.41820696,0.13071266,31.255495,0.64987487,0.8632376,0.21336275,24.716572
863aaf62206bc4c,3181,55,0.7982219,0.9288481,0.1306262,14.063247,1.0773013,1.6298312,0.55252993,33.901054
206518dca8765ad0,3207,39,0.38378578,0.5143777,0.13059193,25.388332,0.9133363,0.9723641,0.05902785,6.07055
2793f6f0aca3c92c,3560,13,0.056286197,0.18619007,0.12990387,69.76949,0.067817174,0.32649326,0.25867608,79.22861
fa0cf021022f2696,3797,22,0.26927406,0.3991025,0.12982845,32.5301,0.5177676,0.7484005,0.2306329,30.816776
3ad8a8cc55c81b06,6216,80,0.5166981,0.6465163,0.1298182,20.079649,1.1489768,1.1975292,0.048552394,4.054381
80f8f269f82e90d7,2760,50,0.5062892,0.63606805,0.12977886,20.4033,1.1754253,1.4281625,0.25273716,17.696669
e9623090696c17f7,2733,53,0.44374713,0.5733137,0.12956658,22.599596,0.9654955,1.0168393,0.05134374,5.049347
4177e9b1d4bb35d4,4548,26,0.6702,0.7994045,0.12920451,16.162596,1.3216445,1.5751514,0.2535069,16.09413
2ea3ac40757e67e0,2967,42,0.11601971,0.24521859,0.12919888,52.68723,0.10114262,0.58792603,0.48678342,82.79671
6978436b80e32a91,1864,80,0.44847575,0.5774635,0.12898776,22.336954,0.59970194,1.1169503,0.51724833,46.308987
270ef571279af7d2,4559,17,0.16381234,0.29266217,0.12884983,44.026817,0.33965078,0.60625285,0.26660207,43.97539
38c3ea25581a3d3c,4864,42,0.22708194,0.35578322,0.12870128,36.174072,0.29468864,0.67017746,0.37548882,56.028263
9ad36b867d8fa723,1682,16,0.12694705,0.25549564,0.12854859,50.31342,0.13626197,0.22311157,0.0868496,38.926533
122125e98a315b99,6157,16,0.092871614,0.22111668,0.12824506,57.998817,0.14997469,0.43983275,0.28985804,65.90188
53f5cf9e6201da0f,1976,20,0.1829957,0.31102675,0.12803105,41.163998,0.25832704,0.50812805,0.24980101,49.161034
6d807756ecb7d9c7,3555,73,0.6331802,0.76115876,0.12797856,16.81365,0.82700634,1.2978264,0.47082007,36.277584
7ea5e69825b8ec85,1090,37,0.37662816,0.50459456,0.1279664,25.36024,0.42112193,0.83126396,0.41014203,49.339565
441ffba7724d7c37,1645,31,0.31548998,0.44338828,0.1278983,28.845669,0.5115075,0.8575673,0.3460598,40.35366
ec573ecdd816c0e8,3208,7,0.13037352,0.25820976,0.12783624,49.50868,0.3076296,0.37860915,0.070979565,18.74745
671b8978838c65ec,3967,70,1.2285941,1.3563784,0.12778437,9.420997,5.260945,4.1307015,-1.1302433,-27.362019
97053416d909426,2607,35,0.339291,0.46684086,0.12754986,27.321915,0.36214247,0.98808676,0.62594426,63.34912
6915d7bb6ffb8e65,5625,1,0.042152673,0.16965623,0.12750356,75.15407,0.042152673,0.16965623,0.12750356,75.15407
e48140bcb08cd8b1,4055,35,0.1798134,0.3071937,0.1273803,41.465794,0.2791483,0.5568333,0.27768502,49.868603
556ba5c9d42a7029,4565,80,0.6639854,0.7911914,0.12720603,16.077782,1.0421692,1.5363994,0.49423015,32.16808
fb99b8b0a890173a,2619,80,0.45497632,0.58208317,0.12710685,21.836544,0.58516955,1.0893992,0.50422966,46.285114
9f1d7d72dd3d735d,6851,80,0.96722126,1.0940554,0.12683415,11.593028,3.9397974,3.9090962,-0.03070116,-0.78537744
2b01e4567143d11a,1501,16,0.41178864,0.5385799,0.12679124,23.54177,0.9110077,0.9802573,0.06924957,7.0644283
c58955500263632c,117,80,1.6521528,1.7789049,0.12675214,7.1252904,3.5462804,3.9771852,0.43090487,10.834417
7f0d6e56d5c93ab5,577,25,0.1568301,0.28347838,0.12664828,44.67652,0.36112493,0.57315034,0.2120254,36.99298
39c6ffecbf7bd7cc,6036,30,0.09659934,0.22317563,0.12657629,56.716,0.14600119,0.43797603,0.29197484,66.66457
56cfffbbe8a78d3,4429,36,0.44287366,0.5691938,0.12632012,22.192816,1.3598355,1.4290974,0.06926191,4.846549
8eec29255b1ab487,2580,30,0.17251757,0.29882318,0.12630561,42.267673,0.24806526,0.675869,0.42780373,63.296844
306e85b6652e9bb2,1143,53,0.35684535,0.4830218,0.12617645,26.122307,0.86800367,0.767541,-0.100462675,-13.0889
2bcba112b22eb61,4527,79,0.34178913,0.46755615,0.12576702,26.898808,0.501502,0.992369,0.49086702,49.464165
82685f3923bdd3c2,1788,10,0.13002905,0.25577298,0.12574393,49.16232,0.24649464,0.41394848,0.16745384,40.452824
1af1d36f25c46996,2998,58,0.3805909,0.5060859,0.12549499,24.797173,0.6245598,1.0451285,0.42056865,40.240856
51b43de9a1012dd6,3773,8,0.15855324,0.28394258,0.12538934,44.160103,0.20850824,0.5540011,0.34549284,62.36321
d446d72d0c58aaf7,3795,73,0.5980884,0.72337115,0.12528276,17.319292,0.9953201,1.60376,0.6084399,37.93834
2ffd92e0fe66a600,7269,41,0.36769268,0.4929185,0.12522581,25.404974,0.6175782,1.0495194,0.4319412,41.156094
b901d489bc92bc6a,2440,77,0.072406076,0.19755498,0.12514889,63.348896,0.047731835,0.25730062,0.20956878,81.449005
9c5ebbe8e631e6ec,6981,62,0.37475076,0.49982452,0.12507376,25.023535,0.9781272,1.2335953,0.25546807,20.70923
4fbdf993e9e3d2c6,5524,14,0.22901893,0.35404444,0.12502551,35.313507,0.9115807,1.2372878,0.32570708,26.324278
5a2ba0152b282523,4200,38,0.15995139,0.2849364,0.12498501,43.864178,0.052348275,0.569993,0.51764476,90.81599
aab90102523de85f,3516,80,2.2314496,2.3558006,0.124351025,5.278504,6.0155344,5.991885,-0.023649216,-0.39468738
f5334298184ba1e2,1320,22,0.23756924,0.3617159,0.12414667,34.321594,0.51864654,0.76793486,0.24928832,32.46217
2195fb0ed95de73a,1669,70,1.3358625,1.4594266,0.123564124,8.46662,2.8955379,2.7263324,-0.16920543,-6.206339
4441d8a7f60b15ee,579,47,0.3296702,0.45305833,0.12338814,27.234495,0.6430929,0.7197182,0.07662535,10.646576
b09f0cea92e1cef0,6298,80,0.45102224,0.57427156,0.12324932,21.461853,0.8681999,0.39802268,-0.4701772,-118.12824
98a36656a612e473,1649,4,0.040974855,0.16411115,0.1231363,75.03225,0.030587079,0.28252977,0.2519427,89.17386
2dee06b996e02975,3248,25,0.24131341,0.36404133,0.122727916,33.71263,0.38427427,0.78714764,0.40287337,51.181423
a35e0439b5988353,205,15,0.17483404,0.2974677,0.122633666,41.225876,0.40586492,0.6987887,0.29292378,41.91879
d30314094ccd12bd,8396,20,0.27512607,0.3972226,0.12209654,30.73756,0.35331628,0.58189654,0.22858027,39.281944
a179c3b7503df810,1168,80,0.7425316,0.86449546,0.12196386,14.108097,1.9862057,1.8988048,-0.08740091,-4.602944
49af64a99d3d98e5,3126,51,0.38925073,0.5111676,0.12191686,23.850662,0.63495356,0.9945642,0.35961062,36.157608
f348dce202b80274,1717,10,0.04722672,0.16899374,0.12176702,72.05416,0.058060445,0.26120004,0.2031396,77.77166
531f3d6f2144ea8f,250,17,0.52080154,0.64252084,0.1217193,18.944023,0.78683746,0.98437536,0.1975379,20.067333
97614531f9efd879,3886,62,0.3538473,0.47540495,0.12155765,25.569286,0.3601054,0.5064597,0.14635432,28.897524
46dcb396284ab45b,369,71,0.47878018,0.60032856,0.121548384,20.246977,0.5317123,1.0061255,0.47441316,47.152485
447fc175c3d327ef,1066,22,0.2679918,0.38949215,0.12150034,31.194555,0.8588935,0.85535276,-0.0035407543,-0.41395253
ffc2d17430ef2fc9,6276,80,2.1825545,2.303961,0.121406555,5.2694707,4.2577753,4.103032,-0.1547432,-3.771435
e75a9f90e33acffc,8353,57,0.89826846,1.019653,0.1213845,11.904491,1.9238224,2.0565584,0.13273597,6.454277
373c43bdb3db0b9,8078,17,0.049658097,0.17091246,0.12125436,70.945305,0.07437599,0.3270657,0.25268972,77.25962
694d3d0f214232f2,741,18,0.04875057,0.16951996,0.1207694,71.24199,0.03691618,0.19998898,0.1630728,81.54089
be3ad051032875ed,2557,22,0.18565573,0.30611935,0.120463625,39.35185,0.3846138,0.5816176,0.19700378,33.8717
e35f6cf8743e2542,7709,80,1.1366642,1.2571132,0.120449066,9.581402,0.87253237,1.3220712,0.44953883,34.00262
4de352fe663d6025,835,26,1.8391693,1.959385,0.12021577,6.1353827,4.554794,4.819737,0.26494312,5.4970455
fdc2a8072263b1a2,3400,39,0.5111423,0.6312253,0.120082974,19.02379,0.68529105,1.1945415,0.5092504,42.631454
5921ce68251de432,2436,36,0.14788204,0.26791322,0.12003118,44.80226,0.25496396,0.6215125,0.3665485,58.976852
d3554196b228e7,297,25,0.1479525,0.26785478,0.11990228,44.763912,0.33890265,0.6259822,0.28707957,45.86066
3368728ec6283c4c,2010,10,0.054167308,0.17379047,0.11962316,68.83183,0.12175741,0.3411685,0.21941108,64.311646
c888438e13437516,3654,5,0.43400294,0.55338705,0.11938411,21.573347,0.6798108,0.8742555,0.19444466,22.24117
678204a202c3314c,1643,39,0.3642485,0.48352548,0.11927697,24.668186,0.5146454,0.90138143,0.38673604,42.904816
65d7afd24453a1ba,700,39,0.24247101,0.36159274,0.11912173,32.94362,0.49325687,0.889367,0.39611012,44.538433
12b09df31aa6b466,5360,6,0.06774601,0.18678968,0.11904366,63.73139,0.06131005,0.33765242,0.27634236,81.842255
c19de5559e48d564,5564,13,0.17720369,0.2961753,0.118971616,40.169323,0.28937286,0.53479636,0.2454235,45.891018
d48f619bc98de4fb,5136,45,0.12727386,0.24595581,0.11868195,48.253365,0.21049693,0.72493774,0.5144408,70.96344
9086c66fafdacdc0,3874,10,0.13022676,0.24871954,0.11849278,47.64112,0.24397084,0.38624904,0.1422782,36.83587
20b3f0153d7810a0,2109,32,0.39783326,0.5158822,0.118048936,22.882925,0.81908685,1.2638086,0.44472176,35.18901
e62bacd65a7e1888,4575,23,0.23799463,0.35550246,0.11750783,33.054016,0.27602023,0.39373785,0.11771762,29.89746
5d6384cafda52725,1457,7,0.16067103,0.27810556,0.11743453,42.226604,0.36989328,0.43701282,0.06711954,15.358712
d891b4d924399092,4152,20,1.0102586,1.1276591,0.11740053,10.4109955,2.3257544,2.5485249,0.22277045,8.741153
5364a2fbdcbdd73a,4952,80,2.301734,2.4189954,0.11726141,4.847525,5.0664415,4.984041,-0.08240032,-1.6532832
1e6c113c2c8bfc4d,968,76,4.5719566,4.6891522,0.117195606,2.4992921,9.966096,10.164973,0.19887733,1.9564964
da81d6fe7e806a76,8080,80,1.8939912,2.011148,0.117156744,5.825367,4.486425,4.6603703,0.17394543,3.732438
ce6cf4c7c238e3d6,2672,80,0.5047742,0.6218461,0.11707187,18.826502,0.6865002,1.1406516,0.4541514,39.815083
edd3f94eebd3f04f,1952,73,0.65140724,0.76839876,0.11699152,15.225366,0.7342597,1.1825386,0.4482789,37.90818
84011791ad20d6be,5810,80,0.3491935,0.4660039,0.11681038,25.066397,0.9335654,0.8866755,-0.0468899,-5.288282
11f14b5a9bf77e1c,3807,22,1.9725763,2.0893838,0.11680758,5.5905275,3.520241,4.0814013,0.5611603,13.7492075
13a2d23f490dd63d,874,9,0.35954347,0.47621748,0.116674006,24.500153,0.60262024,0.64644176,0.043821514,6.77888
31443c699c28d5e9,3889,76,1.1278137,1.2444059,0.11659217,9.369304,2.273474,2.4001184,0.12664437,5.276589
b07a8970dc1c27a2,3547,6,0.92015916,1.0360398,0.11588067,11.184963,1.708892,2.1632926,0.45440066,21.005049
51e3948773ce43b0,9130,62,0.07334581,0.18917038,0.115824565,61.227642,0.1346107,0.2577567,0.12314601,47.776066
d33f94f56a3ec0ff,754,18,0.05468661,0.17050658,0.115819976,67.92699,0.03356756,0.16506673,0.13149917,79.664246
21f0b45047ebc0dc,2539,20,0.66091186,0.7766304,0.11571854,14.90008,0.8879966,1.1484499,0.26045328,22.67868
5ef4e98acb084d5e,696,42,0.4385526,0.5542537,0.11570111,20.875116,1.3435872,1.4912368,0.14764965,9.901154
b3117376d4c4a7c9,796,57,1.75363,1.8690563,0.1154263,6.175646,3.3304424,3.3888636,0.058421135,1.7239151
aa88aa53beca8e25,3437,3,0.039217245,0.15455224,0.11533499,74.625244,0.08389917,0.22543,0.14153083,62.782604
deb059e6abdbc2c9,3401,8,0.057510313,0.1726608,0.11515048,66.691734,0.039719213,0.2108674,0.1711482,81.163895
5d89f48c49b0657c,3581,27,0.15474238,0.26982614,0.11508377,42.65108,0.35327578,0.63090116,0.27762538,44.004578
8a658df3158e985e,4937,80,0.58687794,0.701454,0.11457604,16.334078,1.555602,1.1530635,-0.40253842,-34.910343
1479ded0a4db1b4d,742,66,0.2730664,0.38758984,0.11452344,29.547586,0.4417327,0.78696024,0.34522754,43.868484
cadc0da7f98916d6,1529,14,0.25992784,0.37431258,0.11438474,30.558617,0.4884488,0.71349233,0.22504354,31.54113
7d6c035495e41cf6,3123,39,1.0937766,1.2079649,0.11418831,9.45295,2.8098803,3.2285411,0.41866088,12.967494
e9a644979cdc9a42,3878,67,0.51446134,0.6285345,0.11407316,18.149069,1.1390234,1.4058027,0.2667793,18.977009
586ac96409a09518,203,80,0.5623967,0.67574143,0.11334473,16.773388,0.6753572,1.148891,0.47353375,41.2166
4ca5e28af3e233ac,1655,5,0.060293984,0.1736116,0.11331761,65.27076,0.167198,0.19185182,0.024653822,12.85045
b7cc69e77db648ae,3219,77,0.52746516,0.6407055,0.11324036,17.674322,0.37323332,0.6374795,0.26424617,41.451714
24e6423d2f0f21ea,162,80,0.7556652,0.8688871,0.11322194,13.030685,0.7130354,1.0703586,0.35732323,33.383507
c213f51980c8488c,1697,46,0.5930007,0.7061632,0.11316252,16.02498,1.5560206,1.6979517,0.14193106,8.358957
bc0bb6a99f0d7d20,3155,80,0.51337004,0.626265,0.11289495,18.026707,1.2236406,0.8319949,-0.39164567,-47.073086
def3ba6a76d5731a,5442,80,1.725054,1.8376181,0.11256409,6.125543,4.4419427,4.245083,-0.19685984,-4.6373615
b17b061774e1fcc1,1184,44,0.6653275,0.7778763,0.11254883,14.468731,1.9186013,1.7923108,-0.12629044,-7.0462356
7caba0e2d4011bb4,3875,77,0.542186,0.6544748,0.11228877,17.157082,1.535753,1.6355287,0.09977567,6.100515
d2f61197c941b081,7137,80,1.0608133,1.1730028,0.11218953,9.564302,2.4400682,2.5203645,0.08029628,3.1858995
5eea5080e97ee2cf,9271,80,0.31545344,0.42763942,0.112185985,26.23378,0.73265165,0.77316713,0.040515482,5.240197
4d5c4a39453c5180,1227,30,0.8186667,0.9308151,0.112148404,12.0484085,1.2585456,1.8327206,0.574175,31.329107
a4f2934f50f50fc,1333,17,0.16061005,0.27181688,0.11120683,40.912407,0.41822535,0.8435806,0.42535526,50.422596
f9b69535c03e33f,1065,7,0.11191175,0.22286461,0.11095286,49.78487,0.24383056,0.3113604,0.06752983,21.688639
717d4dfdf2e1703d,958,55,0.21263061,0.32310522,0.1104746,34.191525,0.6427895,0.98766655,0.34487706,34.91837
b39e1224a3305bec,2307,46,0.24276228,0.35320783,0.110445544,31.26928,0.45635846,1.0362071,0.57984865,55.95876
773d8aa5f3f56fec,3056,20,0.09171081,0.20168407,0.10997326,54.527493,0.1799005,0.32879037,0.14888987,45.284134
808ccd3ab65e3eee,555,27,0.15215921,0.26212537,0.10996616,41.951744,0.32293135,0.564587,0.24165565,42.8022
587aafbf40f2e612,6402,44,0.13511848,0.24505661,0.10993813,44.86234,0.18419856,0.0695008,-0.11469776,-165.03085
9feb38771b700724,3682,18,0.07990095,0.18979344,0.10989249,57.901104,0.18942952,0.36659983,0.1771703,48.327984
24f75b930aefa8a1,671,66,0.43837684,0.5481344,0.10975754,20.023838,0.7087767,1.3904909,0.6817142,49.02687
b774f848c22bff7b,5043,80,0.60061,0.71032894,0.10971892,15.446213,0.893592,1.3442082,0.45061624,33.5228
f6c834a41f7b17d8,1836,27,0.15289792,0.26257265,0.10967472,41.769287,0.3711095,0.60503644,0.23392695,38.663284
a4a0183423827c78,989,20,0.08464478,0.19426829,0.10962351,56.42893,0.10427749,0.29765138,0.19337389,64.96657
19a22225f1298bab,1425,43,0.25003672,0.35958496,0.10954824,30.46519,0.48541325,1.0231444,0.5377311,52.556717
ab284e35af804567,4639,45,0.3558236,0.46534628,0.10952267,23.535736,0.6005813,0.84143794,0.24085665,28.624409
ce172403446a20cf,6371,34,0.16614191,0.27559316,0.10945125,39.714794,0.31493193,0.6332953,0.31836337,50.27092
9533d9d0fea5943f,337,77,2.9879568,3.0970616,0.10910487,3.5228512,5.640307,5.6353583,-0.004948616,-0.08781369
ea3f3ca71dd84997,5595,33,0.8860552,0.9951408,0.10908562,10.961827,1.7375315,2.1714694,0.4339379,19.983606
b212f8ab07ddceb,1295,73,0.6339628,0.74303585,0.10907304,14.6793785,0.823216,1.2654549,0.44223887,34.94703
4708bd5fe5b14420,2367,70,0.72624946,0.8352334,0.108983934,13.048321,0.9339003,1.3532939,0.4193936,30.990578
6859b3eff675e11c,2255,80,0.5516403,0.66053367,0.108893394,16.485668,0.766632,1.2207766,0.45414454,37.201283
91ab34938d8563e7,446,51,0.31106207,0.4197639,0.108701825,25.895945,0.7269408,1.016712,0.28977114,28.50081
fefa3f51e4ace386,2309,79,0.59049857,0.69891274,0.10841417,15.511833,0.79532886,1.2179698,0.42264092,34.700443
d2bb232529aa5c47,2261,57,0.3118186,0.4201542,0.108335614,25.784725,0.550578,0.6159405,0.06536251,10.611822
33797fef1aefbdbe,1216,46,0.4150915,0.5233854,0.10829389,20.691042,1.3423182,1.4133351,0.07101691,5.024775
ccb6bd257bd6fef6,2659,80,0.8530811,0.9612303,0.10814917,11.25112,2.7424254,2.6270332,-0.11539221,-4.3924913
9e0216a58a575208,4044,36,0.27013516,0.37809715,0.10796198,28.554031,0.4232441,0.7944328,0.37118873,46.72374
74066b345fa3dc53,1334,80,0.46094123,0.5688599,0.10791865,18.971043,1.0025041,0.6744146,-0.32808954,-48.648052
b537f69c61ee6807,228,40,0.274177,0.38174006,0.10756305,28.17704,0.5044529,0.7219423,0.21748942,30.125597
dec462fc6ad3a1e6,686,74,0.47486058,0.58237195,0.10751137,18.460945,1.3938223,1.2703619,-0.12346041,-9.718523
45f61341db751323,101,33,0.2459148,0.3533386,0.1074238,30.402508,0.6986297,0.8810272,0.18239754,20.702827
a4646157b94c414e,2278,40,0.2842317,0.39161193,0.10738024,27.420065,0.6614417,0.847936,0.18649429,21.993912
6403c8b06dc0e51,1558,24,0.2521509,0.35935175,0.10720086,29.831734,0.36930883,0.36256912,-0.006739706,-1.8588748
8d0532468c09a9c7,7281,80,0.9597436,1.0669394,0.107195735,10.047032,2.6053348,2.8707857,0.26545095,9.246631
b40590053bd7adbe,2717,16,0.072838075,0.17994536,0.10710729,59.522118,0.16123931,0.4619956,0.30075628,65.09938
ab21b22a4c3af891,3885,80,0.51232445,0.619298,0.10697353,17.273354,0.6559891,1.1268249,0.47083575,41.78429
128f586ae2b75806,1594,43,0.9683616,1.0751268,0.10676515,9.93047,2.533496,2.509894,-0.023602009,-0.9403588
4b2b8d1967a3d5aa,2394,37,0.17179745,0.27832645,0.106529,38.274837,0.25021735,0.5145514,0.26433405,51.371746
636025046d4429b4,1951,56,0.41451836,0.5209718,0.10645342,20.433626,1.9802223,1.8535272,-0.12669516,-6.835355
d0329a054e28a10a,830,18,0.09360805,0.19966115,0.1060531,53.116543,0.12995018,0.36594236,0.23599218,64.48889
4f4ba26a88d4377,8079,80,1.4279914,1.533757,0.10576558,6.8958497,3.4669747,3.8349426,0.36796784,9.595134
96f48bb335f723c8,140,78,0.47585037,0.5808116,0.104961246,18.071478,0.38425818,0.574145,0.18988684,33.072975
42947277ae2d7f1d,1526,68,1.4227738,1.527727,0.10495317,6.8698907,4.0651493,4.4018917,0.3367424,7.6499476
57630a42ae0902df,4193,53,0.39273587,0.49760553,0.10486966,21.074858,0.8156285,0.7572225,-0.058406055,-7.7131963
91eb261aaf3cca5f,4030,11,0.40760863,0.5118156,0.10420698,20.360258,0.6396511,0.77059525,0.13094413,16.992596
83aa1caed8175771,1875,14,0.080172226,0.18413094,0.10395871,56.45912,0.1466383,0.29595363,0.14931533,50.452267
2a9de83a6a789162,1008,11,0.07728736,0.18123923,0.10395187,57.356167,0.050513517,0.22352025,0.17300673,77.40092
bd4218a5bbe4051,7013,80,0.33057728,0.43395415,0.103376865,23.822071,0.8427542,0.82970405,-0.013050139,-1.5728667
2fa365734c32dc94,2338,80,0.69869053,0.8020328,0.103342295,12.885046,2.803815,2.3405747,-0.46324015,-19.791727
be7f86baa77b9cf8,591,11,0.107298605,0.21061724,0.10331864,49.055164,0.09971471,0.30635008,0.20663537,67.45073
5562738cbf1cff58,2520,3,0.022003233,0.12521787,0.10321464,82.42804,0.021431599,0.08582715,0.06439555,75.02934
f63cb3ba0ff6267b,1105,65,0.52931195,0.6324367,0.10312474,16.305939,0.5861056,1.3462671,0.7601615,56.464394
8c9913594b85fedd,2837,5,0.057661414,0.16077049,0.10310908,64.13433,0.083893485,0.21281222,0.12891874,60.57864
3c5061267b0d8cea,1768,74,0.908345,1.0113894,0.10304439,10.188399,2.4314892,2.6412,0.20971084,7.9399834
7aab9a0dbbe8df27,6817,78,0.32905442,0.43207574,0.10302132,23.843348,0.47184047,0.71398693,0.24214646,33.914692
34fe49d73bb5088,42,39,0.27863187,0.381652,0.10302013,26.993212,0.36650428,0.7127922,0.34628794,48.58189
3c6e7fb1255f3ba4,3468,21,0.4755965,0.57860166,0.10300517,17.802433,0.9192393,1.3245578,0.4053185,30.600288
34d789fc11729d71,4817,57,0.7601049,0.8630066,0.1029017,11.923628,1.2351574,1.2330675,-0.002089858,-0.16948448
ef5d6ad156264f4d,2404,37,0.59075123,0.6930241,0.10227287,14.757477,1.1900456,1.3445455,0.15449989,11.490864
2bd577a009790706,3766,80,0.48466772,0.5868944,0.102226675,17.41824,0.6505391,1.1136994,0.46316034,41.58755
49b6dff0cb5f8903,1489,22,0.37361482,0.47568473,0.102069914,21.457472,0.65059334,0.8426843,0.19209099,22.79513
9ed6f57e369d88dc,2514,16,0.1847324,0.2867514,0.10201898,35.577503,0.21611314,0.36132616,0.14521302,40.188904
110bd2cc514f6df2,11,80,0.8819416,0.9838087,0.10186708,10.354359,2.131272,2.453486,0.3222139,13.132901
57892a0344220351,2884,19,0.18521485,0.28682318,0.101608336,35.425426,0.31060684,0.5993139,0.28870708,48.17293
f126cc93f0a8a8b4,1535,80,2.2633076,2.3647063,0.10139871,4.2880044,2.9345894,3.3238027,0.38921332,11.70988
e8a7de6359026898,3461,68,0.6508932,0.7522286,0.10133541,13.471357,1.3583143,0.4467976,-0.91151667,-204.01108
5f6e8b132771ea9d,1310,34,0.23531717,0.33649048,0.10117331,30.067215,0.6071452,0.9191995,0.31205434,33.948486
3b79a9aba36c54bb,3318,4,0.40798947,0.5090881,0.10109863,19.858768,0.4793463,0.48937422,0.010027915,2.0491302
2f476101af831eb0,2250,9,0.041123554,0.14210407,0.10098052,71.06096,0.019333795,0.22302884,0.20369504,91.33125
a4f173cee9666d88,3113,67,0.46924382,0.57022065,0.100976825,17.708378,0.8649007,1.2523817,0.38748097,30.939528
c25cc768a79411a2,720,22,0.08762752,0.18838646,0.10075893,53.485233,0.14969026,0.25148,0.10178976,40.47628
151161ee0159f95c,201,9,0.055298015,0.15583473,0.10053672,64.51496,0.07717316,0.2726219,0.19544874,71.69224
9a6973029c47a51e,1698,10,0.14161894,0.24197452,0.10035558,41.473614,0.2394093,0.42091975,0.18151045,43.12234
891f45b007a81dbc,773,59,0.57027256,0.6705428,0.10027021,14.953589,1.0652801,1.4641688,0.3988887,27.243355
aa12522d5595e330,2410,17,0.5294083,0.62964773,0.100239456,15.919927,0.9181223,1.1872009,0.2690786,22.664959
d89729033dba5cd4,3573,80,0.6696639,0.76970637,0.10004246,12.997484,2.7618132,2.3400183,-0.4217949,-18.025282
bc8ebd07577703f2,3426,13,0.12714487,0.22704023,0.09989536,43.99897,0.17949899,0.5391724,0.35967344,66.70843
f956dfba90d883bf,1139,15,0.07709781,0.17660223,0.09950442,56.343807,0.12161634,0.28581777,0.16420144,57.44969
7a33334e79e1f168,4292,51,0.45212674,0.55137366,0.09924692,17.999939,1.6441233,1.5673249,-0.07679844,-4.899969
4525d99a628819af,851,7,0.20435019,0.30315018,0.09879999,32.591103,0.41389096,0.70919997,0.295309,41.63974
c384ba3e14f47383,6155,29,0.1064928,0.20521657,0.09872377,48.107113,0.26537436,0.41365376,0.1482794,35.84626
1f8f6066911744ce,271,80,0.6083997,0.7069302,0.09853053,13.937801,0.83575594,1.2771513,0.4413954,34.560932
c2095594d636f2f8,7037,47,0.3122035,0.41051462,0.098311126,23.948265,0.19822116,0.685379,0.48715788,71.07861
16e3c1b1e107195b,4365,5,0.108741,0.20684001,0.09809901,47.427483,0.13096136,0.16613694,0.035175577,21.172642
d1690ba7976e3cf6,1609,10,0.17239068,0.2704346,0.0980439,36.254204,0.23389848,0.39694497,0.1630465,41.07534
6bae158e9021adf9,1063,4,0.04275863,0.14059716,0.097838536,69.587845,0.04733055,0.20674084,0.1594103,77.10634
994008b9790989cf,1300,80,0.9507865,1.0485507,0.09776425,9.3237505,3.8886352,2.813325,-1.0753102,-38.222042
65eb0202427356b7,2006,1,0.008802615,0.106526196,0.09772358,91.73667,0.008802615,0.106526196,0.09772358,91.73667
bba9c34f5d87ed5d,59,27,0.19784094,0.29539382,0.09755288,33.024685,0.3053204,0.6445303,0.33920988,52.629005
7e30030f0ed5f708,5220,80,0.93182546,1.0292723,0.09744686,9.467549,1.7798903,2.0982442,0.3183539,15.172395
d90ffa5c84b222c9,3078,80,0.4075826,0.50477684,0.097194225,19.25489,0.4795322,0.9264353,0.44690308,48.238995
954e75291dfe356,8063,80,0.30059105,0.39764255,0.0970515,24.40672,0.54777646,0.94125766,0.3934812,41.803772
d6a96b9196edfa63,1003,24,0.28568068,0.38251415,0.09683347,25.315002,0.5382801,0.86112857,0.32284844,37.491314
7ad7483fbe026dab,5089,25,0.18681444,0.28349867,0.09668423,34.103947,0.43751988,0.50949854,0.07197866,14.127353
65f4ccadcbf2c676,2160,80,0.67645854,0.7731281,0.096669555,12.503693,0.8990775,1.1359453,0.23686785,20.852045
3fcf2a866ff69df2,4204,19,0.13256045,0.2290693,0.09650886,42.13086,0.31167313,0.2839192,-0.02775395,-9.775299
dd40037bfbf3ba5d,2868,77,0.5878634,0.6843257,0.09646231,14.095965,0.86463034,1.2901926,0.42556226,32.984398
ad72341b12992960,901,72,8.621028,8.717209,0.096180916,1.1033453,18.541136,18.682922,0.14178658,0.75891006
3da3658678531a08,3071,40,0.27084988,0.36691874,0.09606886,26.182598,0.5229673,0.7377473,0.21478003,29.112953
6fee9cded34cd945,645,36,1.2131855,1.3091912,0.09600568,7.3332047,2.0464585,2.4792855,0.432827,17.457731
c1ddd238efb8f0d7,4446,80,0.37128156,0.46702313,0.09574157,20.500391,0.6684238,1.0581338,0.38971007,36.82994
5c1148dad9ff7798,4078,5,0.071141936,0.1664094,0.09526747,57.248848,0.13946137,0.20311855,0.06365718,31.339914
3edc282c495f0b42,504,1,0.003667192,0.098895416,0.095228225,96.291855,0.003667192,0.098895416,0.095228225,96.291855
ff22f24de04c34fd,5138,53,0.40932617,0.5038468,0.09452066,18.7598,0.64747876,0.8826984,0.23521966,26.647795
7b665571fb174f5b,1994,56,0.3979524,0.49243787,0.09448546,19.187286,0.7495124,0.9643084,0.214796,22.274618
3ecbe4babaf20575,479,56,0.38074082,0.47497696,0.094236135,19.840149,0.7465256,0.66955405,-0.07697153,-11.495939
d54398003cf9aada,1221,41,0.5452795,0.63926643,0.09398693,14.70231,1.1894399,1.3750728,0.18563294,13.499862
c6881e530367ae65,303,16,0.16301975,0.25680065,0.093780905,36.51895,0.25425157,0.36756814,0.113316566,30.828724
4c72830743da677f,5143,80,1.831122,1.9248564,0.09373438,4.869682,6.8415847,6.1876235,-0.6539612,-10.568859
c3d14b3d338cc6ab,7638,12,0.10110411,0.1941108,0.093006685,47.914227,0.2524127,0.5020996,0.24968687,49.728554
b50a411bd2ef6829,2804,17,0.12682627,0.21971263,0.09288636,42.276295,0.1977878,0.41669255,0.21890475,52.53388
d2cdb80bfe0fe806,4321,34,0.094545834,0.18731819,0.09277236,49.526615,0.2099574,0.55625147,0.34629405,62.254948
d70b458ea4df98aa,3504,25,0.29345226,0.3860211,0.092568845,23.980253,0.53783906,0.81176996,0.2739309,33.744892
9289c420a8f5556d,2347,11,0.081197575,0.17371832,0.09252074,53.259064,0.06815854,0.29328433,0.22512579,76.760254
ece3cc63fd24035d,3592,15,0.08694978,0.17939621,0.09244643,51.53199,0.13652068,0.32592362,0.18940294,58.112675
1f12083568a1536f,2377,6,0.0418437,0.13425149,0.09240779,68.831856,0.03281172,0.16937925,0.13656753,80.62826
843b59006e5fb20b,1358,33,0.2566269,0.34880966,0.092182755,26.42781,0.590412,0.79563326,0.20522124,25.793446
ea1b94f3780ef855,1172,10,0.38977784,0.48180398,0.092026144,19.100328,0.2992495,0.2891124,-0.010137111,-3.506287
d735a90042574dae,1467,25,0.3572822,0.44928235,0.09200016,20.477135,0.81065756,0.7115871,-0.09907049,-13.922469
7c5c52899e556cd3,1313,38,0.20911959,0.30107328,0.091953695,30.541965,0.37456384,0.76765394,0.3930901,51.206676
4ca3d0d64ba46f62,3270,8,0.19871245,0.29053736,0.091824904,31.605196,0.20522688,0.39884537,0.19361849,48.54475
937bf20d7dab109e,1219,60,0.34872043,0.4403852,0.09166476,20.814678,0.4059729,0.5828436,0.1768707,30.34617
f0341424677d2ce3,531,38,0.5517395,0.643159,0.09141946,14.214131,1.0666698,1.4876672,0.42099738,28.299164
12dd2d51738ddd0e,4625,41,0.19405669,0.28519297,0.09113628,31.956005,0.39297712,0.526799,0.1338219,25.402838
7fe9c5c6ded98473,3163,18,0.22415358,0.31518838,0.0910348,28.882664,0.33096105,0.5847269,0.25376588,43.39904
d6d10b3cf7eb3d33,9691,80,0.61529315,0.7063181,0.091024935,12.887244,1.1264874,1.4828895,0.35640216,24.034302
605b56f0a672f97a,4490,19,0.08921286,0.18016432,0.090951465,50.482506,0.08008901,0.32745257,0.24736357,75.5418
db328c2ce99c897f,1721,1,0.017927304,0.10883744,0.09091014,83.528366,0.017927304,0.10883744,0.09091014,83.528366
51874d37f4612410,1123,11,0.1572394,0.24806198,0.09082258,36.612858,0.26052928,0.3464475,0.08591822,24.79978
7f8895140f85837a,7239,23,0.06401774,0.1544631,0.090445355,58.55467,0.25600567,0.38986942,0.13386375,34.335533
b299628cd0586040,1465,65,0.60252666,0.6926898,0.09016311,13.016377,1.916855,1.689124,-0.22773099,-13.482195
32dc6b992d0a683f,1002,10,0.14054975,0.23068449,0.09013474,39.072735,0.34174675,0.50553054,0.16378379,32.398396
80ea84496e3fc3df,596,79,1.2680808,1.3581355,0.09005463,6.6307545,3.6075308,3.3546271,-0.2529037,-7.5389514
657b516b158e7c22,4201,24,0.076484844,0.16652869,0.09004384,54.071068,0.17245017,0.3275923,0.15514214,47.3583
2e4dc8f5f48f271a,8383,23,0.121248595,0.21104535,0.08979676,42.54856,0.2921636,0.37269968,0.08053607,21.608837
a680714aeea6affb,1476,6,0.15248936,0.24228323,0.08979386,37.061527,0.11103429,0.37545246,0.26441818,70.426544
f96705f04db22d0b,824,18,0.12546586,0.21511942,0.08965357,41.676186,0.3021235,0.49388048,0.191757,38.8266
ca8cab51ef9b5462,5421,12,0.06015268,0.14964798,0.0894953,59.80388,0.10256812,0.2879804,0.18541229,64.383644
648a40bf608e9a31,545,23,0.13970028,0.22914663,0.08944635,39.03455,0.35554942,0.4525566,0.097007185,21.435371
80def9997d5466cc,1736,13,0.18680096,0.2761277,0.08932674,32.349792,0.299901,0.46647194,0.16657093,35.70867
d1d419000f835217,4118,32,0.23526448,0.32456654,0.08930206,27.514256,0.3214493,0.70495474,0.38350543,54.40143
2e7adaba692d8209,4174,59,0.44172212,0.53054845,0.08882633,16.74236,1.1337115,1.2131695,0.079458,6.5496206
580fc087cea3aa82,1676,1,0.020391224,0.109113105,0.08872188,81.311844,0.020391224,0.109113105,0.08872188,81.311844
c75ba99847b6ba74,109,6,0.04010504,0.12878753,0.08868249,68.85953,0.038135983,0.25320527,0.2150693,84.93871
da87d3c91ae8fe5,377,80,1.8508079,1.9394825,0.088674545,4.5720725,6.8625207,6.2354965,-0.6270242,-10.055721
627434e786b3e47,2130,48,0.26014605,0.34856573,0.088419676,25.366714,0.65615356,0.8354783,0.17932475,21.463722
3f21b22efb71f136,1861,3,0.032162353,0.11995205,0.0877897,73.187325,0.057260223,0.17690723,0.119647,67.63263
74969c5d816b8de3,5096,80,0.34192175,0.4296635,0.08774176,20.421041,0.9811627,0.63654095,-0.34462178,-54.139763
b000147baf416cc8,1492,80,0.4315473,0.51922715,0.08767983,16.886604,1.0097057,1.0380924,0.028386712,2.7345073
dde778bc4a761792,4087,6,0.083267294,0.1709442,0.087676905,51.28978,0.041080292,0.24557506,0.20449476,83.2718
e266f43dd855efbf,4857,78,0.7584485,0.84608597,0.087637484,10.357988,1.7053396,0.74718285,-0.9581567,-128.23592
6c473fa0f3ec89d4,2591,80,3.868174,3.9555874,0.08741331,2.2098691,9.432559,9.713315,0.280756,2.890424
7677ff5bbe0c3751,3216,76,0.7715068,0.858702,0.08719522,10.1543045,1.6581362,2.1002614,0.4421252,21.05096
72d72a53a3d1c87e,4130,24,0.114845306,0.20182522,0.08697991,43.096653,0.31290087,0.4641709,0.15127003,32.589294
18355119f6ef957e,825,9,0.060582757,0.1473913,0.08680855,58.896656,0.053925794,0.2456567,0.1917309,78.04831
97435c1438dccf58,977,7,0.7747297,0.861266,0.08653629,10.047567,1.4606621,1.5611473,0.100485206,6.436625
967812985bb4545e,2834,31,0.16000582,0.24633878,0.08633296,35.046432,0.2853348,0.37265244,0.087317646,23.431389
76f2e800c550cbf9,771,32,0.6102699,0.69658405,0.08631414,12.391059,1.4058312,1.5098795,0.10404825,6.891163
6df0a865976782f2,3392,28,0.5237075,0.60963017,0.08592266,14.094226,0.7509185,1.1837145,0.432796,36.56253
c3d310a29613fc96,1686,1,0.1440771,0.22999913,0.08592202,37.35754,0.1440771,0.22999913,0.08592202,37.35754
2e47f0c3f536e16e,54,40,0.24952658,0.33544642,0.08591984,25.613583,0.5467504,0.7538724,0.20712197,27.474407
cb8135cdd33f7d11,2212,31,0.16405787,0.24997574,0.085917875,34.370483,0.40214616,0.49251854,0.09037238,18.349031
5ffedee8c6d379d5,7994,80,1.9008051,1.9862458,0.085440636,4.3016148,4.8557878,4.8732724,0.017484665,0.35878694
a74ba7b971695755,3983,55,3.9295573,4.0148096,0.085252285,2.1234453,8.837851,9.29189,0.45403957,4.886407
2258bced89dfb4b5,9431,20,0.056141317,0.14133869,0.085197374,60.278873,0.21098793,0.28145638,0.070468456,25.03708
c3c49a041e615f7e,6824,17,0.33836204,0.42320153,0.08483949,20.047068,0.4357761,0.6437896,0.20801347,32.310787
d951f142709f730c,482,1,0.15800558,0.24278629,0.08478071,34.91989,0.15800558,0.24278629,0.08478071,34.91989
3241761d2fc0834f,589,19,0.17115355,0.25562012,0.08446658,33.04379,0.3240667,0.18584731,-0.13821939,-74.37255
9c0f04f78c3ae0c0,2442,6,0.11647525,0.2007644,0.084289156,41.984116,0.069128126,0.34739348,0.27826536,80.100914
79af03ab136bf86e,7842,80,0.5114726,0.5956899,0.08421731,14.137777,1.7590963,2.0198867,0.26079047,12.911142
5c0050d693681cc8,1657,28,0.24480645,0.3287519,0.08394544,25.534588,0.4662953,0.90353686,0.43724155,48.39222
b52a639800c92c08,7139,5,0.09616189,0.1799804,0.08381851,46.57091,0.1725114,0.18759805,0.015086651,8.042008
d705302a7bea33c1,1428,32,0.4771171,0.5608553,0.08373824,14.930452,1.093077,1.1619965,0.06891954,5.9311314
2e486daea12712a5,2910,13,0.1194324,0.20290208,0.08346968,41.137913,0.17409812,0.34294632,0.1688482,49.23459
12855da32335dabf,4672,32,0.2112624,0.2945904,0.08332801,28.286055,0.61229503,0.67451864,0.062223613,9.224892
fde79514c191be89,4731,29,0.17440566,0.25763196,0.08322629,32.304337,0.2884581,0.50076425,0.21230614,42.396427
55d410cd33927927,1180,40,0.48295897,0.5659596,0.0830006,14.665465,0.95871395,1.2487131,0.2899992,23.223845
a859b6c291c0a6c3,1406,6,0.07566838,0.15858983,0.082921445,52.28674,0.059249263,0.19142868,0.13217941,69.048904
f3f78615c76751e6,67,3,0.14080584,0.22362988,0.08282404,37.036213,0.28937528,0.30014426,0.01076898,3.5879347
fdb15332cce0b768,116,2,0.023355257,0.10600071,0.082645446,77.96688,0.035792213,0.09738733,0.061595116,63.247566
adca4d9c0184605b,1248,9,0.19005115,0.27269194,0.08264078,30.305546,0.2968221,0.463931,0.1671089,36.020203
a969dcac910597e9,4039,13,0.16543844,0.24799106,0.08255261,33.288544,0.10186203,0.4055112,0.3036492,74.88059
2e127453e3077034,4035,46,0.28987888,0.37169233,0.081813455,22.011068,0.79887587,0.9379059,0.13903004,14.823453
df210a28f06cacd3,3726,79,1.853849,1.9356568,0.08180773,4.226355,3.0224957,3.1716857,0.14918995,4.7038064
eb980ccfb8f4ca26,6652,80,0.92949504,1.0112132,0.08171815,8.081199,1.3624377,0.99268144,-0.36975628,-37.24823
75793086ecfbd69d,4828,15,0.13811994,0.21962072,0.08150078,37.10979,0.2661797,0.46384066,0.19766095,42.613976
728438324eaac520,1031,13,0.093742244,0.17507729,0.081335045,46.45665,0.10638762,0.41285446,0.30646685,74.23121
898af764b77adbc8,1695,17,0.7426475,0.82388484,0.081237316,9.860275,1.3784102,1.5880926,0.20968235,13.203408
7226854aede5304b,5445,41,1.0629715,1.1441604,0.08118892,7.095938,1.1965928,1.2946725,0.09807968,7.5756364
f0610e159efda8cf,3849,12,0.16714408,0.24795091,0.08080684,32.58985,0.16435757,0.36098757,0.19663,54.47002
bdd47a7d40ace99e,2474,21,0.4187407,0.4995334,0.080792725,16.17364,0.77580345,0.9979043,0.22210085,22.25673
2955a66c7b0b843f,4203,13,0.07884045,0.15946051,0.080620065,50.558014,0.13404946,0.31199732,0.17794786,57.035057
1a44e717d2ea13f2,2078,10,0.06878289,0.14932735,0.080544464,53.938187,0.06734742,0.2084635,0.14111608,67.69342
7a0c051c42e20814,3832,55,0.41648212,0.49701267,0.080530554,16.202917,1.0014452,0.9519198,-0.04952538,-5.2026844
d423682ecc12530a,9381,80,1.0329646,1.1134659,0.08050132,7.229796,2.2328606,2.262975,0.030114412,1.3307444
fbc1dd436eae81a1,897,31,0.28624055,0.36663905,0.0803985,21.928516,0.6194348,0.6990566,0.07962185,11.3899
8c8f20ed8701c95d,6138,8,0.08415314,0.16434824,0.08019511,48.79584,0.15428548,0.28750032,0.13321485,46.33555
10c3d3242c114468,5294,64,0.2796406,0.35980472,0.080164135,22.2799,0.51743996,0.6376918,0.120251834,18.85736
855dcef5c1c8e41b,3645,62,0.33921805,0.41924053,0.080022484,19.087488,0.9994512,0.88872296,-0.110728264,-12.459256
e18d829b0c13ee43,129,6,0.13366683,0.21362068,0.07995385,37.42795,0.15429851,0.18907428,0.034775764,18.392647
a4004e8e38529114,3389,20,0.16171488,0.24154516,0.079830274,33.049835,0.19608383,0.25619322,0.06010939,23.462523
2cba3d370e09ace9,4711,78,0.8337651,0.91356045,0.07979536,8.734547,1.9101148,1.9011291,-0.008985639,-0.47264746
1868d1ecae442381,2310,21,0.119835526,0.19960263,0.07976711,39.96295,0.14059983,0.30927396,0.16867413,54.538746
8daf140f565945e1,217,14,0.23605861,0.31575003,0.079691425,25.23877,0.5109776,0.5924011,0.08142346,13.744651
f65380c31dca81e4,2898,17,0.548197,0.62781245,0.079615474,12.681411,0.94946593,1.210879,0.26141304,21.588701
61192b2df0e97998,2018,68,0.32318187,0.4027055,0.07952362,19.747341,0.66946787,0.75265694,0.08318907,11.052721
2466c2c1253f0dca,1866,8,0.086353056,0.16579968,0.07944662,47.917236,0.16313024,0.30115673,0.13802649,45.83211
7600900a68c78633,3119,80,2.0729463,2.1523545,0.07940817,3.6893628,4.5333056,4.6838603,0.15055466,3.2143283
dd97e9fcd48cc46f,505,1,0.08044647,0.15978962,0.079343155,49.654762,0.08044647,0.15978962,0.079343155,49.654762
d1f30a92605128ee,4586,80,0.97663087,1.0559164,0.07928556,7.5086966,3.5433087,3.360756,-0.18255281,-5.4318976
621936c0e964fe12,2401,22,0.32884943,0.40809363,0.0792442,19.41814,0.46832982,0.84000874,0.37167892,44.247032
ac4740fa63776aa5,5334,43,0.29048568,0.36952102,0.07903534,21.388592,0.7009063,0.7630553,0.062149048,8.144763
8fc8a1b18d0ff144,8850,75,0.7101735,0.7891521,0.0789786,10.008033,1.57957,2.0221155,0.4425454,21.88527
1f18831dfad32caa,2904,12,0.1160019,0.19493623,0.078934334,40.49239,0.6012362,0.6128037,0.011567473,1.8876312
6a7ea6b2ab0fa36c,1973,31,0.6719227,0.7507796,0.078856945,10.503342,1.1397855,1.4593815,0.31959593,21.89941
67269fcf95ee51a2,3707,19,0.17631097,0.25512478,0.078813806,30.89226,0.4032,0.8770923,0.4738923,54.029922
1c88e9867a6a97ab,3422,37,0.32790095,0.40669316,0.078792214,19.373873,0.55398864,1.0271038,0.47311515,46.063034
779c72a2e3645d0b,4094,68,0.55156195,0.6300301,0.078468144,12.454666,0.87739354,1.2368096,0.35941607,29.059935
e20fe8c4549a2d78,2200,78,0.5650854,0.6435054,0.07841998,12.186376,0.7930821,1.2157612,0.42267907,34.76662
f1f70acf1e51ec1e,1752,10,0.06622019,0.1443721,0.07815192,54.132282,0.13848692,0.2434562,0.10496928,43.11629
91133f6a8ff902ce,3460,80,1.840265,1.9183826,0.07811761,4.072056,4.8226695,5.208735,0.38606548,7.411886
7818a003eed3012a,4631,5,0.060450446,0.13829151,0.07784106,56.287663,0.09315429,0.19798043,0.104826145,52.94773
3845b68d7357c706,4636,39,0.1185194,0.19615133,0.07763193,39.577568,0.060291313,0.44989735,0.38960603,86.59888
6d0789b640047d36,3398,42,0.37439755,0.45169595,0.0772984,17.112928,0.63899887,0.90757364,0.26857477,29.592615
78c3ccdde8c2ec57,5471,7,1.0976034,1.1748322,0.077228785,6.5736012,1.6919187,1.8639731,0.17205441,9.23052
32808c21433c198b,2676,17,0.1808156,0.25797498,0.077159375,29.909634,0.24775574,0.49594963,0.24819389,50.044174
3b7946966feb4ca5,5,26,0.15085389,0.22782275,0.07696886,33.78454,0.25622675,0.3582905,0.102063745,28.486311
637f577b8fe6f6d2,3749,1,0.06430685,0.14111243,0.076805584,54.428642,0.06430685,0.14111243,0.076805584,54.428642
4ea040445aee7751,1269,79,0.61572915,0.69187135,0.07614219,11.005254,0.8516948,1.2734098,0.42171502,33.11699
f531c042b765a188,5924,9,0.09903828,0.17513497,0.07609669,43.45031,0.1551782,0.31517714,0.15999894,50.764763
84b5dd01cea22eb5,4936,67,0.9931343,1.0690956,0.07596129,7.1051917,1.9860538,2.241358,0.25530422,11.390604
8221426c1cf5430d,612,78,2.1941526,2.2698555,0.075702906,3.3351421,6.446808,6.3580933,-0.0887146,-1.3953019
85879bffa6b201e2,2346,9,0.059609726,0.13521592,0.0756062,55.915157,0.11831989,0.30288005,0.18456015,60.935062
c739e97bc3776876,6101,32,0.18484876,0.26036298,0.07551423,29.00344,0.712791,0.7476313,0.034840286,4.6600895
431589e9bdb31931,3242,2,0.06404808,0.13948528,0.0754372,54.082554,0.06069743,0.15733059,0.09663316,61.420452
7d39507a50c570fc,2172,15,0.06258743,0.13798568,0.075398244,54.642082,0.175003,0.26645988,0.091456875,34.322945
bd2182ee33c09783,6629,4,0.11879345,0.19417128,0.07537783,38.82028,0.12363037,0.27139768,0.1477673,54.44678
141f52bcfc6e66f1,3231,33,0.29661864,0.3715623,0.07494366,20.169878,0.7679827,1.0775026,0.3095199,28.725676
c2047caf6e49a4d2,2970,49,0.40739864,0.48233816,0.07493952,15.536718,1.132031,1.2923731,0.1603421,12.406797
b9c8d79c57027c32,634,12,0.24489783,0.31977564,0.07487781,23.415733,0.36408105,0.4942844,0.13020334,26.341787
f4727434af63b635,1356,41,0.49178055,0.56650025,0.0747197,13.189703,0.9985514,1.3998237,0.40127224,28.665913
23cca4313daf3e8e,2660,14,0.105991706,0.18021305,0.07422134,41.185333,0.16762988,0.3120071,0.14437722,46.273697
576d0764d6a9bbec,6333,80,1.3686337,1.4424645,0.073830724,5.118374,5.4955297,5.244739,-0.2507906,-4.7817554
a96f4366c5577bba,608,51,0.3881045,0.46193114,0.07382664,15.982175,0.92231923,1.0599641,0.13764483,12.985802
8d6d3a1161da489,1711,16,0.04550633,0.119213946,0.07370762,61.82802,0.07553825,0.26255277,0.18701452,71.22931
d988a95fdd1faa5,4853,27,0.28708455,0.36069515,0.073610604,20.407982,0.3097169,0.6154354,0.3057185,49.67516
9d9a37f9314364bd,2688,11,0.08796368,0.16151866,0.073554985,45.53962,0.29494634,0.32117218,0.026225835,8.165662
e63c18bcc1b2d4d9,5163,80,1.9696567,2.0432076,0.07355094,3.5997782,5.225723,5.4019003,0.1761775,3.2613986
1f04e1712c4ce2cf,418,18,0.3193289,0.3928681,0.0735392,18.718546,0.5707707,0.7440439,0.1732732,23.288036
81ea4bf2b5c0d9df,1727,25,0.11685266,0.19015783,0.07330517,38.549644,0.21129064,0.3740999,0.16280927,43.520264
92f717d88c753502,3754,76,0.40767157,0.48097458,0.073303014,15.240518,0.45424855,0.85258955,0.398341,46.72131
9a94cabbab561268,2963,80,0.5722792,0.6455705,0.0732913,11.35295,0.83259,1.2575905,0.42500055,33.794827
e651b75bbc65239c,2424,33,0.24397983,0.31722093,0.0732411,23.088356,0.99386185,0.9951747,0.0013128519,0.13192175
61c1e1670ae75f93,4296,30,0.71785015,0.79091614,0.073065996,9.238147,1.68421,1.7306236,0.04641366,2.6819038
aea70c34ab52ba98,1744,68,0.44762003,0.5206646,0.07304454,14.029098,1.1147072,1.4655358,0.35082853,23.938585
240d2077a23de204,2425,21,0.14914128,0.22213203,0.072990745,32.859173,0.27285114,0.23193996,-0.040911183,-17.638695
f2424e5740e16fe6,2454,5,0.072004646,0.1449869,0.07298225,50.337135,0.05461893,0.29459986,0.23998094,81.45996
cb3caaecf3594b2d,355,3,0.28882173,0.3614912,0.072669476,20.102695,0.5308068,0.5987654,0.06795859,11.349787
bcedcc74089bb556,1971,13,0.14650854,0.21900576,0.07249722,33.102882,0.29645902,0.373068,0.076608986,20.534859
180979d34ed80d35,4127,2,0.04633177,0.11859314,0.07226137,60.932167,0.024177628,0.09900386,0.07482623,75.57911
f41e6f5c831e1750,385,10,0.076949514,0.14916179,0.07221227,48.412045,0.18176986,0.22441357,0.04264371,19.002287
d0c6293eb5b1a887,3910,4,0.08194286,0.1541141,0.07217124,46.829746,0.12781875,0.24129444,0.113475695,47.027893
960dbc932024b456,5054,16,0.17105329,0.24318898,0.07213569,29.662401,0.32351765,0.4901036,0.16658595,33.989944
f4fbcdb0774bafc5,86,3,0.045874815,0.118006945,0.072132125,61.12532,0.0933384,0.17513938,0.08180098,46.70622
f29027eb0a7f1b01,2917,25,0.085066974,0.15700164,0.07193467,45.81778,0.3286025,0.53404933,0.20544684,38.469635
90efc6ea1e4ba233,1099,1,0.36241916,0.43429372,0.07187456,16.549759,0.36241916,0.43429372,0.07187456,16.549759
fb4e1053be9a3578,4538,80,3.892051,3.963925,0.0718739,1.8132005,8.398914,8.311912,-0.087002754,-1.0467237
b3f52a26a9df648c,78,12,0.08894328,0.16068079,0.071737505,44.645977,0.27579734,0.41071507,0.13491774,32.849472
f360288df6999051,2648,4,0.2389567,0.31062102,0.07166432,23.071304,0.29591125,0.430864,0.13495275,31.321426
83186b0cd2b64896,5347,1,0.65662795,0.72822833,0.07160038,9.832132,0.65662795,0.72822833,0.07160038,9.832132
ebf671d858d1ca4a,2542,80,2.0853343,2.156657,0.07132268,3.3070943,5.0392194,4.8794017,-0.1598177,-3.2753541
df2f14d4d0f53ae6,2144,45,0.3544801,0.42568317,0.07120308,16.726778,0.62101644,0.7089069,0.087890446,12.398024
d01b05a0e2e8269f,434,49,0.366301,0.4374441,0.07114309,16.263357,0.61918867,0.6311286,0.011939943,1.8918399
b0acbe7e9922050d,1872,11,0.10166412,0.17278168,0.07111756,41.16036,0.13633455,0.37780634,0.24147178,63.91417
f069403f55cddc2,1171,7,0.1784583,0.24944162,0.07098332,28.456888,0.17882363,0.29039928,0.11157565,38.42146
96215e26ef9b1d9c,181,80,0.6867763,0.75774837,0.070972085,9.366181,1.2395797,1.5526204,0.31304073,20.16209
4eeda92a01ac9edc,187,33,0.18913552,0.25991336,0.07077783,27.231318,0.41818675,0.43758324,0.019396484,4.4326386
c8eac85fbe2b22a2,3868,9,0.07141191,0.14185418,0.070442274,49.65823,0.116063125,0.30503786,0.18897474,61.951244
a4f00d25b2e53787,277,38,0.264576,0.33497494,0.07039896,21.016186,0.7385925,0.66298884,-0.075603664,-11.40346
24f0055bff1b98bf,2766,19,0.2930881,0.36325142,0.07016331,19.315357,0.7005739,0.8734226,0.1728487,19.789814
d45bb3b6b8476a8c,3735,35,0.28077382,0.35090056,0.07012674,19.98479,0.57830346,0.6590786,0.08077514,12.255768
4c454677338402,1281,9,0.039753277,0.1098243,0.07007103,63.802845,0.022080896,0.16796467,0.14588377,86.85384
292206fd5d68ad44,50,46,0.29995397,0.36987942,0.06992546,18.904934,1.410697,1.3691435,-0.041553497,-3.0349994
38f53c62e9aa9042,2969,11,0.2296268,0.2995494,0.069922596,23.342592,0.30475166,0.53405917,0.2293075,42.93672
be505e6a5eb21fa7,4724,39,0.38046053,0.45038077,0.06992024,15.524695,0.6212825,0.5683972,-0.052885294,-9.304284
e7fdb701a21e6601,2746,41,0.17953542,0.24935208,0.069816664,27.999231,0.18012549,0.42311493,0.24298944,57.428707
1d4732d63cead004,4899,13,0.16282105,0.23261048,0.069789425,30.0027,0.2966795,0.36621097,0.06953147,18.986725
47cd0425b9616edd,5505,19,0.18457131,0.25426474,0.06969343,27.409788,0.27241415,0.4687135,0.19629934,41.880455
aa8048993c08a397,1389,9,0.09562027,0.16531147,0.0696912,42.157513,0.15542383,0.31569713,0.1602733,50.768055
6ebcc656dea217dd,4923,78,0.61635774,0.6859944,0.06963664,10.151197,0.87884116,1.2762312,0.39739,31.137775
5b839037fe9383cb,1982,28,0.30387077,0.37336066,0.0694899,18.612001,0.8062504,1.0133053,0.20705491,20.433615
2578ce8e259373a5,8104,34,0.091174535,0.16064808,0.06947354,43.2458,0.30733216,0.22805682,-0.07927534,-34.761223
1ddcbd4061ccde48,3962,16,0.1116028,0.18096814,0.06936534,38.33014,0.21286851,0.2923586,0.079490095,27.189243
4eeef97aef2abf86,2555,23,0.1756639,0.24499463,0.06933072,28.298876,0.43712056,0.55110973,0.113989174,20.68357
527cbabff197f87e,3758,11,0.09730339,0.16639033,0.06908694,41.521008,0.13448249,0.19663993,0.062157437,31.609774
4f1a5816265d69ad,6905,14,0.21562351,0.28455827,0.06893475,24.22518,0.33673579,0.48258474,0.14584896,30.222454
eb25f06d8f502438,3847,64,0.22280905,0.29154554,0.06873649,23.57659,0.52313274,0.5505874,0.027454674,4.9864335
fcb7feccb308c387,619,22,0.12662865,0.19519863,0.06856997,35.128307,0.46612322,0.71487594,0.24875271,34.796627
c445f06947e96c0d,610,3,0.010067095,0.07857741,0.06851031,87.1883,0.006181147,0.050043467,0.04386232,87.648445
bdb710c74e121f74,4042,10,0.08824664,0.15667683,0.068430185,43.67601,0.21364704,0.29895028,0.08530325,28.534258
a14f93be79cba48f,6526,3,0.1516288,0.2199025,0.06827369,31.047258,0.20404562,0.2347914,0.030745775,13.094932
8378705f628cb00b,2165,80,0.83353984,0.9012392,0.06769937,7.5118093,1.1783602,1.2358197,0.057459474,4.649503
93564b0ce4f6481d,1148,49,0.30089715,0.36856705,0.0676699,18.360268,0.8344013,0.8036684,-0.03073293,-3.824081
30040e153f75ef67,4916,78,0.60952175,0.67712414,0.067602396,9.983752,1.4355681,1.6495965,0.21402836,12.974588
28b76b94a2d4c231,329,16,0.10321683,0.17080899,0.06759216,39.57178,0.09764595,0.3651846,0.26753867,73.261215
4c40169a0bd789f,2763,19,0.16744773,0.23479259,0.06734486,28.682703,0.34513333,0.35363024,0.00849691,2.4027667
154bec22358e7b2f,461,27,0.23972532,0.3069241,0.06719878,21.894268,0.6423588,0.7168,0.074441195,10.385212
d243433052561036,4290,5,0.15862289,0.22580019,0.067177296,29.75077,0.22094835,0.21266618,-0.00828217,-3.8944461
6f24109e7b34acf5,4644,6,0.059310302,0.12646644,0.067156136,53.101944,0.10175409,0.20536463,0.10361054,50.45199
33690f972bef456f,2422,11,0.07470108,0.1417146,0.067013524,47.287663,0.06818706,0.2641059,0.19591883,74.18192
fd50b679a40eb21c,3380,1,0.020421619,0.08739367,0.066972055,76.632614,0.020421619,0.08739367,0.066972055,76.632614
ff10387420552e04,2245,12,0.11026325,0.17678283,0.06651958,37.627853,0.16667081,0.34230754,0.17563672,51.309628
2a8c5ce4404273a2,2253,9,0.6341034,0.70052403,0.066420615,9.481562,1.7817079,1.9405816,0.15887368,8.186911
96043d9ac0b0ca08,148,27,0.1825987,0.24895498,0.06635629,26.65393,0.31679007,0.7862342,0.46944413,59.707928
3865c63befeedb41,6607,13,0.11474783,0.18099625,0.066248424,36.602097,0.22539237,0.13161178,-0.09378059,-71.25547
7f636cd96b17f0d8,646,33,0.37860894,0.44467688,0.066067934,14.857515,0.82264555,0.79923856,-0.023406982,-2.9286602
7e3b596ab1295d06,2335,72,0.7231309,0.7891427,0.066011846,8.365007,1.1220316,1.6976558,0.5756242,33.907005
c4d42f1498781af1,2685,4,0.022495966,0.088502645,0.066006675,74.58159,0.051988848,0.20220374,0.15021488,74.28887
e38692374f5747,3839,80,0.42265862,0.48857093,0.06591231,13.490836,1.2544222,1.1010972,-0.15332496,-13.924744
64b5a8f8b84a6426,300,11,0.109680004,0.17547874,0.06579874,37.4967,0.20287569,0.21027654,0.0074008554,3.519582
bbeab1361f47d896,1328,14,0.049149364,0.114768334,0.06561897,57.17515,0.0745281,0.20427729,0.1297492,63.516212
40823fd3e0dbfe06,2366,9,0.051102977,0.116556935,0.06545396,56.15621,0.11813682,0.18588082,0.067744,36.44486
6dd40223be6286e,3385,43,0.33417276,0.3995385,0.06536573,16.36031,0.49341908,0.8571283,0.36370924,42.433464
63acaff877ce20e,4389,14,0.06322918,0.1282931,0.065063916,50.715057,0.10418828,0.17935719,0.07516891,41.910175
d7e308f14cee3f5f,4704,80,2.178092,2.2431054,0.06501341,2.8983662,4.9080973,5.1947803,0.28668308,5.518676
45d8629519090777,2197,7,0.03453127,0.09943826,0.064906985,65.27365,0.07563554,0.17470685,0.09907131,56.70717
2ba3a0a37c7b6458,509,36,0.25187576,0.31638077,0.06450501,20.38841,0.40387568,0.5861885,0.18231282,31.101397
a6bb83ce1237977b,1451,80,0.19547772,0.2599597,0.06448197,24.804604,0.39921322,0.43312535,0.033912122,7.8296328
12868e5b9616a270,1761,15,0.121104315,0.18557982,0.06447551,34.742737,0.12984087,0.31590798,0.18606712,58.89915
985d24cf2e4024e1,3225,5,0.07456733,0.13902618,0.06445885,46.36454,0.08587584,0.20381403,0.11793819,57.86559
56fdb733fb25766e,535,11,0.10036609,0.16478056,0.064414464,39.09106,0.15422578,0.37987277,0.22564699,59.400673
5fb3996d614c1052,538,20,0.5394569,0.6030938,0.0636369,10.551742,1.1036069,1.1954026,0.09179568,7.67906
8c667051d7852ebf,6550,1,0.068715505,0.1322483,0.06353279,48.040535,0.068715505,0.1322483,0.06353279,48.040535
b8047ec6b4db109d,5422,6,0.059532624,0.12300708,0.06347446,51.60228,0.02069299,0.25072566,0.23003267,91.74676
61d6548987491ab1,1073,76,0.45030975,0.5137637,0.06345397,12.350808,0.52447975,0.11699406,-0.4074857,-348.29605
1826892647678bdc,2364,21,0.37594253,0.4393426,0.06340006,14.430666,0.64748174,0.852265,0.20478326,24.02812
53dd91c928c222fd,2997,21,0.28971058,0.35307497,0.06336439,17.94644,0.4799097,0.6334591,0.1535494,24.23983
a3b4d9aee24bc9d,1093,9,0.15747775,0.22073282,0.06325507,28.656849,0.23881494,0.43356878,0.19475384,44.91879
b782a8ee72b4e2df,65,80,0.75730586,0.82048243,0.06317657,7.6999297,1.5652856,1.5395217,-0.02576387,-1.6734984
8af4399288ca683c,108,72,1.6798797,1.7429638,0.063084126,3.6193595,3.9241502,3.7393777,-0.18477249,-4.941263
23e49a967397d0e0,4841,42,0.24738848,0.3104308,0.06304231,20.308008,0.39111182,0.71169,0.3205782,45.044636
9d2c0425674bbc09,3162,2,0.0619521,0.124978445,0.063026346,50.42977,0.07387826,0.17902102,0.10514276,58.732075
30a1176626e8884a,1593,43,0.71956205,0.78253514,0.06297308,8.047317,1.6772573,2.1064134,0.42915606,20.373783
71dd53ce3fd4ac60,4311,11,0.1171253,0.17998432,0.06285901,34.924717,0.25094807,0.27044126,0.019493192,7.207921
d537ea83943c8b54,2161,7,0.13884553,0.20167972,0.06283419,31.155432,0.090760946,0.17512253,0.08436158,48.17289
58acdc37bc07a55a,3852,1,0.042175703,0.10474533,0.062569626,59.735004,0.042175703,0.10474533,0.062569626,59.735004
7c92baf2548b555a,1511,41,0.45993167,0.52239907,0.062467396,11.957792,1.8083252,1.8280964,0.019771218,1.0815195
6dee516910b4ba00,2456,25,0.084506206,0.1469727,0.062466495,42.50211,0.15679911,0.39874643,0.24194732,60.676987
6eeb4c7f989cfef9,4062,7,0.10104931,0.16347179,0.062422477,38.185474,0.18723844,0.2640338,0.076795354,29.085428
f42affbc72441975,8833,31,0.22466794,0.28704363,0.062375695,21.730387,0.38183048,0.43040627,0.04857579,11.286032
4f9cf5433e58d4c8,2530,4,0.203949,0.26619184,0.062242836,23.382698,0.17537096,0.2670955,0.091724545,34.341476
798bba09190e673,6753,10,0.088488,0.15068355,0.062195554,41.275608,0.114033535,0.13015273,0.016119197,12.384832
922e072ea2cbc3a6,4113,56,0.720136,0.7823269,0.06219089,7.9494767,2.6962373,2.7466357,0.05039835,1.8349121
a4d7aafdf9d3e9c4,5004,9,0.29542023,0.35756385,0.062143624,17.379728,0.44981927,0.7503001,0.30048084,40.048088
e9641066613ba5cf,3539,9,0.7953751,0.8575006,0.062125504,7.2449512,0.9104246,1.1498411,0.23941648,20.821703
f2e58969161fa2bc,4768,13,0.050272822,0.112363964,0.062091142,55.25895,0.046941075,0.19419235,0.14725128,75.82754
e651e7ef86910de6,3090,56,0.75203884,0.81409985,0.06206101,7.623268,2.6188564,2.6268196,0.007963181,0.30314913
2b06c39bdd22e29b,761,10,0.15242052,0.21441941,0.06199889,28.914774,0.16959605,0.52486634,0.3552703,67.68777
bd02d5ed5cbb7101,335,17,0.15361573,0.21560778,0.06199205,28.752232,0.3105722,0.34392986,0.03335765,9.698969
8feacf8af2c5daf,4895,80,1.7590815,1.820932,0.061850548,3.3966422,5.038072,4.917291,-0.120780945,-2.4562497
8c767d38211984fc,1599,9,0.29347923,0.3551391,0.061659873,17.362175,0.29611772,0.4721922,0.17607448,37.28873
a8433f18963d48b,1126,7,0.08573382,0.14728417,0.06155034,41.790195,0.16273625,0.257141,0.09440474,36.713223
4f01d2bf26bb66d1,1311,6,0.03879455,0.10029688,0.061502326,61.320282,0.04834734,0.20565847,0.15731113,76.49144
8169f1f03577959e,2475,80,1.0133537,1.0747987,0.061444998,5.716884,1.8126391,1.4839653,-0.32867384,-22.148352
9e67d66829169b41,2702,3,0.0866007,0.1478071,0.061206408,41.40965,0.09475204,0.20812584,0.1133738,54.47368
8086772a097dd289,3779,78,1.3909082,1.4519541,0.061045885,4.204395,2.170936,2.394527,0.22359085,9.33758
440966dcf16d03cd,618,23,0.09098479,0.15202202,0.061037228,40.150253,0.117822535,0.39278623,0.2749637,70.003395
c42467b99711809d,291,3,0.037805066,0.09873105,0.060925983,61.70904,0.072377644,0.16169387,0.08931623,55.237854
ccd9920838a63310,3584,14,0.048528604,0.109433375,0.06090477,55.654655,0.07908058,0.2248953,0.14581472,64.83671
8819553afaa63c14,2889,31,4.257321,4.3181458,0.06082487,1.4085878,6.3593264,6.8038816,0.44455528,6.533848
4ca908202ec3fdca,358,80,0.79068667,0.8513564,0.06066972,7.1262426,3.5301752,3.0676322,-0.462543,-15.0781765
d2a4b09f32f4536f,779,80,0.6746753,0.73524404,0.06056875,8.237911,0.5237112,0.9905959,0.46688467,47.1317
3709f8145a2a2478,2476,14,0.17116822,0.2317034,0.060535178,26.12615,0.35908622,0.42297643,0.06389022,15.104912
d6510e303cb577d9,4760,7,0.092463754,0.15299834,0.06053459,39.565517,0.16096313,0.28277436,0.121811226,43.077183
7fe51593f6da19e,1735,80,1.6643692,1.7248421,0.060472846,3.5059934,4.8372416,4.6119986,-0.22524309,-4.88385
ef90dd97eb3ba5dc,261,29,0.19352268,0.25387904,0.060356364,23.773668,0.36151448,0.421415,0.059900522,14.214142
2917cdd370a900b8,4741,14,0.18116505,0.24112241,0.059957355,24.86594,0.30220985,0.4582481,0.15603825,34.051044
3e2cbf6b3aaf8b5e,4596,20,0.34082073,0.4007647,0.059943974,14.957398,0.45495027,0.48125443,0.026304156,5.4657483
eb9a4f03c73ec95a,5247,1,0.06537136,0.1253086,0.059937246,47.831707,0.06537136,0.1253086,0.059937246,47.831707
d4ee6f493c183da3,3424,80,2.479308,2.5391965,0.0598886,2.358565,9.010116,8.8356905,-0.17442513,-1.9740973
5e462eafbd61e34d,4996,80,0.76505077,0.8248824,0.05983162,7.2533517,1.6471446,1.8819326,0.23478806,12.475902
d3b584a4eefeb6cf,4445,24,0.263834,0.32361928,0.059785277,18.473955,0.8041213,0.60691047,-0.19721085,-32.494225
461c780269184783,23,11,0.08127697,0.14095615,0.05967918,42.33883,0.204236,0.21746942,0.013233423,6.085188
dd2782cb95e23997,6041,21,0.28924733,0.34884387,0.05959654,17.084015,0.4760646,0.8657842,0.38971964,45.013485
c172d39de129206,4040,9,0.060557857,0.12005207,0.059494212,49.557007,0.12030065,0.30299416,0.18269351,60.29605
3306000879660475,3637,53,0.21174058,0.27108863,0.059348047,21.892488,0.53298664,0.27316466,-0.25982198,-95.11552
b20bbc550ca12f44,2169,5,0.043331347,0.10260769,0.059276342,57.769882,0.067369655,0.1388922,0.07152255,51.495003
3c94d2a37a6509a2,5821,39,0.3097603,0.36898276,0.05922246,16.050198,0.84140277,0.70568436,-0.1357184,-19.232168
c003e30df2cc3094,5025,14,0.46066687,0.5198112,0.059144348,11.378044,0.57300305,0.62072355,0.047720492,7.6878815
2dff816a412f2db4,1774,22,0.21871766,0.27766642,0.058948755,21.230062,0.5373792,0.55464804,0.017268836,3.1134765
12041cd6a46c7fcb,4927,3,0.04739363,0.10626534,0.058871705,55.40067,0.06902059,0.039233785,-0.029786807,-75.92132
f79961c4889b2e02,1691,7,0.07078602,0.12954818,0.058762155,45.359306,0.06786322,0.124611504,0.056748286,45.540165
5aff03a1e80db517,946,10,0.067897566,0.126524,0.058626436,46.336216,0.085162744,0.2620977,0.17693494,67.50725
685a0dd508c44379,6587,22,0.23301302,0.2915517,0.05853869,20.078321,0.49669492,0.48834327,-0.008351654,-1.7102014
fa1ee2acacc88bb5,1173,72,0.46595722,0.52445656,0.058499336,11.154277,0.50784725,0.851594,0.34374672,40.365097
7d2e27ee22699b58,3009,7,0.061106708,0.119597875,0.058491167,48.906525,0.14110604,0.20202757,0.060921535,30.15506
7868aa0ab8df6fbf,102,16,0.4707731,0.529175,0.058401883,11.036403,1.1601003,1.1708008,0.010700464,0.913944
e422c08e89f86923,2466,80,1.4037465,1.4618478,0.058101296,3.9745107,3.5982199,2.2327683,-1.3654516,-61.155094
d52a4d7453c4dd5d,1138,22,0.3205435,0.3786317,0.058088213,15.341613,0.44590166,0.81607807,0.3701764,45.360416
4405721405afc475,5801,16,0.15410867,0.21210109,0.057992414,27.341875,0.35058627,0.50516987,0.1545836,30.60032
d44b7a3d4965971e,7358,80,2.7996426,2.8575416,0.057899,2.0261822,6.7426414,6.89802,0.15537834,2.2525065
4e3b488f1d96ea29,1807,1,0.12182178,0.17968619,0.057864405,32.203033,0.12182178,0.17968619,0.057864405,32.203033
70e446060e19d93e,6065,80,0.9285186,0.9862245,0.05770588,5.8511915,3.6691606,3.2822714,-0.38688922,-11.78724
eb8148a6cdbebb61,3131,35,0.26796475,0.3255767,0.057611942,17.695353,0.59320176,0.7728819,0.17968017,23.248075
e7e754f3a7d50a58,2987,19,0.38032937,0.43792844,0.057599068,13.152621,0.8323435,1.0326422,0.20029873,19.39672
37e17ebf85e055da,1941,1,0.014360783,0.0719045,0.05754372,80.02798,0.014360783,0.0719045,0.05754372,80.02798
b62e9474a789abd5,3548,80,0.65240484,0.7099221,0.05751723,8.101908,1.7868756,1.979888,0.19301236,9.748651
31e8769d48117006,4191,25,0.13199429,0.18945019,0.057455897,30.327707,0.43842566,0.44804832,0.009622663,2.1476843
85242f3b318077b6,2089,3,0.035797805,0.09322715,0.057429343,61.601524,0.06097519,0.0835892,0.022614013,27.05375
d50b7e9d7ecc9118,885,40,0.27133143,0.3284821,0.057150662,17.398409,0.5201808,0.6186953,0.0985145,15.922943
5e8852fe6d12acde,33,16,0.1400212,0.19714676,0.057125553,28.976158,0.302323,0.4545768,0.15225378,33.493523
44407c53c885b34b,2919,6,0.06344042,0.12044767,0.057007253,47.329475,0.07348998,0.18938173,0.115891755,61.19479
2f4816d27ad10533,5280,7,0.08232643,0.13930269,0.05697626,40.901047,0.098076776,0.11968272,0.021605946,18.052687
a86fcfcb3320c965,3046,22,0.1476318,0.20460533,0.05697353,27.845577,0.44579756,0.503345,0.05754745,11.433003
f17eba7af5d14a57,602,78,2.353851,2.4107754,0.056924343,2.361246,4.0748844,4.0479364,-0.026947975,-0.6657213
80acb3b094a62e85,4003,48,0.29093173,0.34779716,0.056865424,16.35017,0.68978435,0.62727916,-0.062505186,-9.964493
9cc27d2b1ea46bf6,899,59,0.4268147,0.4836661,0.056851387,11.754263,0.7876412,0.9998883,0.21224707,21.227077
a57b214a63a2d277,3601,7,0.08290792,0.13966642,0.0567585,40.63862,0.039964747,0.21517216,0.1752074,81.42661
a3be94cbe16d1e3a,374,10,0.34842357,0.40504187,0.056618303,13.978383,0.5327605,0.646095,0.11333448,17.541458
4118eb85b89ab765,2681,5,0.09036444,0.14695652,0.056592077,38.509403,0.06807448,0.14886536,0.08079088,54.271107
8b3d0876f7933dab,5052,32,0.120946236,0.17740381,0.05645757,31.82433,0.20103094,0.26471263,0.06368169,24.056915
1ae496cb65372460,3222,7,0.104111865,0.16053426,0.056422397,35.146637,0.19310783,0.29675612,0.10364829,34.927094
554412bf9a830402,928,34,0.35885262,0.41520917,0.05635655,13.5730505,1.2875218,0.7448872,-0.54263467,-72.8479
8d4401ce95974720,2938,9,0.13416868,0.19050714,0.05633846,29.572886,0.12810847,0.25891247,0.130804,50.52055
c618ab4b6223e1a4,330,80,0.46290326,0.51922476,0.0563215,10.84723,0.9552365,1.5418273,0.5865908,38.04517
ca2f134d4cae03cd,1089,5,0.051404558,0.10772117,0.056316614,52.279984,0.13151295,0.23035622,0.09884326,42.908875
f354917072037238,1409,21,0.1288579,0.1850887,0.0562308,30.38046,0.32314178,0.31532502,-0.007816762,-2.4789538
571bae00fca35b3b,3620,4,0.27589762,0.33208516,0.05618754,16.919617,0.30396697,0.33905992,0.03509295,10.350073
b3b335246e7d95d9,3553,38,0.3182082,0.37420884,0.05600065,14.965079,0.5427597,0.7719688,0.22920907,29.691494
4b157543ab547340,4474,4,0.18390672,0.23989838,0.055991665,23.339743,0.15496416,0.36335313,0.20838897,57.35164
9ef44f5f8a4c8dc,68,78,0.09582067,0.15178448,0.055963807,36.87057,0.08436569,0.12659226,0.042226575,33.35636
db29be017f61411e,1903,80,0.7187611,0.7745852,0.0558241,7.2069674,1.2038275,1.7531383,0.5493108,31.333
4ee87acb521b9cae,3362,10,0.059828945,0.11556146,0.05573252,48.2276,0.11286653,0.12536496,0.012498431,9.969637
217294f223bf8c2a,1075,27,0.20708488,0.2628047,0.055719808,21.201984,0.36078665,0.58946466,0.22867802,38.794186
ac7709e34752726f,5759,9,0.058934595,0.11463833,0.055703733,48.590843,0.072891414,0.18796848,0.11507706,61.22147
b5ecf8a2f2b7af9f,4542,5,0.16569851,0.2213798,0.05568129,25.15193,0.23568451,0.35662657,0.120942056,33.9128
973f1ee95ac0b81b,7537,16,0.04573612,0.10114603,0.05540991,54.782093,0.06286035,0.18779632,0.12493598,66.52738
597670e74444db29,2906,12,0.13930872,0.19464481,0.055336088,28.429264,0.6071707,0.69776285,0.090592146,12.983229
23b880b590f248fb,4277,3,0.060700785,0.11598582,0.055285033,47.66534,0.05966629,0.11951226,0.05984597,50.075172
c6ffa2df1f0efbcb,5777,35,0.0944114,0.1495659,0.055154502,36.876385,0.3037032,0.29032755,-0.01337564,-4.6070857
a78d14ffba6b63c6,2635,27,0.108730204,0.16384734,0.055117138,33.639324,0.18884927,0.474035,0.28518572,60.161324
e12388e8a1498e08,4423,80,0.61764824,0.6726905,0.055042267,8.182405,0.969701,1.2095679,0.23986691,19.830793
2f9b753f2751e70a,4161,9,0.11414651,0.16909622,0.05494971,32.496117,0.217767,0.32697678,0.109209776,33.399857
a4993813b5d430e1,5986,80,0.38794374,0.44288844,0.054944694,12.40599,1.1381903,1.357623,0.21943271,16.163008
82bda5985d4cb830,760,13,0.09067432,0.14558615,0.05491183,37.71776,0.14767392,0.22721204,0.07953812,35.006123
723d2ae8e513e738,643,8,0.06748675,0.12230098,0.054814234,44.81913,0.2053654,0.26976153,0.06439613,23.8715
ec21426caa712597,3179,67,0.63103676,0.6858058,0.05476904,7.986086,0.49866983,0.595268,0.09659818,16.227678
5d690923405995cd,1411,3,0.06667705,0.12124153,0.054564483,45.00478,0.11358313,0.17448592,0.06090279,34.90413
91b21d4c37e02644,6077,32,0.6628792,0.7173617,0.05448246,7.594838,1.8847882,1.9196968,0.034908652,1.818446
40d4d819656979e1,349,46,0.23269318,0.2870761,0.054382905,18.943726,0.18934046,0.55273014,0.36338967,65.7445
d4452ecc91a7a3a0,2369,80,0.18285583,0.23717913,0.0543233,22.903913,0.503725,0.8630709,0.3593459,41.635735
910e529f0f2d3951,3808,21,0.097220436,0.15153164,0.0543112,35.84149,0.12577376,0.05232817,-0.07344559,-140.35574
6b7e77cf23504362,3843,2,0.011241409,0.06554772,0.05430631,82.85004,0.013192633,0.034099374,0.02090674,61.311214
fe08c95b8612faad,1666,28,0.21699753,0.27122244,0.05422491,19.99278,0.3628613,0.6552385,0.2923772,44.62149
dbe9d7fc8aeb05f0,3494,26,0.08677973,0.1408362,0.054056466,38.38251,0.23589739,0.29217198,0.056274593,19.260777
e4b50c262210e8d8,1373,60,0.3882205,0.4422547,0.054034203,12.217893,0.29680765,0.687423,0.39061534,56.82314
b763757d4d1d4179,3265,1,0.021617133,0.07562056,0.05400343,71.41368,0.021617133,0.07562056,0.05400343,71.41368
f38d4a0a2b8582fd,8295,6,0.054016735,0.1079962,0.053979468,49.982746,0.08389109,0.15176831,0.067877226,44.72424
ee60ccc3619a16e6,185,7,0.03331079,0.087192036,0.053881247,61.796062,0.058995713,0.1004687,0.04147299,41.279514
24e9b81e5a72b70f,1483,7,0.097403996,0.15121794,0.05381394,35.58701,0.21074979,0.28197175,0.07122196,25.258545
3c752801c07e1e67,4764,1,0.060749605,0.114497155,0.05374755,46.942257,0.060749605,0.114497155,0.05374755,46.942257
43bc06f643214262,3177,6,0.044143867,0.097875915,0.05373205,54.898132,0.06611885,0.20234677,0.13622792,67.32399
e745a90d2088a49b,2032,28,0.1780748,0.23178537,0.053710565,23.172543,0.49834624,0.535876,0.037529737,7.003437
fab25e75a9fc2be0,837,2,0.061597314,0.11529711,0.053699795,46.575146,0.06671988,0.1261477,0.05942782,47.109715
5a729e50a90d0842,1930,3,0.15644842,0.21003997,0.05359155,25.514927,0.26738915,0.27021328,0.0028241277,1.0451477
439fb6683dce6be2,5576,7,0.048991997,0.10254426,0.053552266,52.223564,0.12477473,0.1714667,0.04669196,27.23092
9d695fc4484d1c9c,5391,80,1.8894327,1.9429672,0.053534508,2.7552967,4.842902,4.8450418,0.0021395683,0.044159956
c39aa6da0d37a5f5,3521,7,0.097085245,0.15052901,0.053443767,35.503967,0.21658123,0.28223333,0.0656521,23.26164
e7cf2fd12887f6b8,708,29,0.19764377,0.25101382,0.053370044,21.261795,0.18459098,0.2089142,0.024323225,11.642686
911a654fcd3c6da0,1156,1,0.0925326,0.14587177,0.053339176,36.565796,0.0925326,0.14587177,0.053339176,36.565796
abeb43d0aeae139b,1144,46,0.3822933,0.43560302,0.05330971,12.23814,0.51571476,0.77620965,0.2604949,33.55986
fd9c5651934fc379,5785,80,0.4209411,0.47424117,0.053300053,11.239018,1.1719824,1.357242,0.18525958,13.64971
53a97dd72d2f5328,1887,10,0.0406238,0.09388078,0.05325698,56.72831,0.06309798,0.040681887,-0.022416096,-55.100925
465a1d3bd375ceaa,5744,80,0.72723216,0.78041595,0.053183794,6.8148007,2.6407213,2.3302448,-0.31047654,-13.323773
4db779da01d1e6d1,2137,30,0.18737556,0.24047944,0.05310388,22.082502,0.33479154,0.33764467,0.0028531253,0.84500825
6b708cda0a84e511,3644,33,0.45636207,0.5093558,0.052993715,10.404067,0.5057425,0.51625186,0.010509372,2.0357063
686cde7a63842601,382,1,0.023945702,0.07690081,0.052955106,68.86157,0.023945702,0.07690081,0.052955106,68.86157
1ffca104e72e323e,1581,19,0.1294262,0.18236673,0.052940533,29.029709,0.30682445,0.54671544,0.239891,43.878586
75482d00e753cb4a,10691,80,0.5945331,0.64745206,0.05291897,8.17342,0.75003785,0.85152054,0.10148269,11.917821
ad11e657f7cb5171,3519,13,0.084296815,0.13721204,0.052915223,38.564564,0.21691315,0.2857619,0.068848744,24.093046
e7d66b055f1d337,3666,78,0.51469934,0.5675407,0.052841365,9.310586,1.8252418,1.4790717,-0.34617007,-23.404549
e61319796fcc7ee0,244,3,0.02720525,0.08002638,0.05282113,66.00465,0.03885596,0.10160394,0.062747985,61.757435
cfad8fe26d80492d,4079,1,0.019442739,0.07222503,0.05278229,73.08033,0.019442739,0.07222503,0.05278229,73.08033
3ebc607a453e1c3,3500,29,0.34643853,0.39917004,0.052731514,13.210289,0.7504995,0.9807406,0.23024112,23.47625
d463dd07f43d0026,253,32,0.20945014,0.26211956,0.05266942,20.093662,0.3613143,0.39312828,0.03181398,8.092519
5b470714f8944899,3381,5,0.076816306,0.12943473,0.05261843,40.65248,0.11364772,0.20888011,0.09523239,45.591892
bfa946386d75759e,437,76,0.62064326,0.6732284,0.052585125,7.8108892,0.6972455,1.1704432,0.4731977,40.428932
f5efabbbca5a7718,7813,2,0.07355049,0.12612784,0.052577347,41.68576,0.083608806,0.16129757,0.07768877,48.16487
d3d680f3e3baafe,168,32,0.20218106,0.25473493,0.052553877,20.630808,0.41746876,0.609537,0.19206825,31.510513
80738a9d3bc2549a,3345,16,0.08316406,0.1356992,0.05253514,38.714405,0.19756964,0.33940625,0.14183661,41.78963
550fb9aba453daca,2152,5,0.05895711,0.11133572,0.052378606,47.045647,0.078043416,0.1674543,0.089410886,53.3942
7d3988fbf05a65d2,836,80,1.9223067,1.9745792,0.05227256,2.647276,4.364975,4.662643,0.29766798,6.384104
bcbbf282f42332f8,3257,3,0.04805292,0.10030224,0.052249324,52.091877,0.06662251,0.11832583,0.05170332,43.695717
c4a42c036dc83f2,2900,7,0.059868056,0.112092905,0.05222485,46.590683,0.15121154,0.21947974,0.068268195,31.104555
b3fa998546019f12,6800,6,0.18140061,0.23360819,0.052207574,22.34835,0.23208703,0.34699085,0.11490382,33.11437
647818d8081ded5,969,73,1.124657,1.1767539,0.052096844,4.4271655,1.2189105,1.3418537,0.12294328,9.162197
b232e98c13e05900,594,80,0.36930233,0.42138705,0.052084714,12.360302,0.88956594,0.8026725,-0.08689344,-10.825516
4539f997ab92fa6e,2062,11,0.24007826,0.29211417,0.052035913,17.813553,0.58362174,0.66257465,0.07895291,11.916077
4ff787c5c23656f9,2678,4,0.11343572,0.1654616,0.052025877,31.442871,0.038308173,0.29364708,0.2553389,86.954346
1800bc7c8ab47330,3531,9,0.059653495,0.11164236,0.051988866,46.56733,0.07459045,0.22964174,0.15505129,67.518776
da6c4d8a29806030,4063,73,0.46359682,0.51546645,0.05186963,10.062658,0.6186905,0.62740153,0.00871104,1.3884314
b13645ea0994e6fa,1349,15,0.08715659,0.1389721,0.051815517,37.284832,0.17800318,0.24779744,0.06979427,28.165854
50b0940cad8c4b0c,1124,14,0.58263034,0.6344392,0.051808834,8.166083,0.6463675,0.86800486,0.22163737,25.534117
7a0fafbdc01184b1,9425,9,0.19514707,0.24688874,0.051741675,20.957487,0.3245497,0.4573432,0.13279349,29.03585
759b2df70da0c8f5,8369,11,0.108693965,0.1604129,0.051718928,32.24113,0.28797045,0.26286995,-0.0251005,-9.548638
36d609f59be6df50,2988,17,0.24831915,0.29988542,0.051566273,17.195324,0.42895794,1.0062158,0.5772579,57.36919
d14d6b3d07d8a3d6,3116,15,0.08739699,0.13893832,0.051541336,37.096558,0.11037728,0.21278785,0.10241057,48.128014
757a6f39e6f44d6a,1341,21,0.12236048,0.17384522,0.051484734,29.61527,0.20917267,0.117157236,-0.09201543,-78.540115
efb18350668453dd,1547,53,1.4136313,1.4651026,0.051471233,3.5131488,3.489895,3.561098,0.07120299,1.9994674
fff638a432d6ac14,145,9,0.039140586,0.09058111,0.051440526,56.789463,0.11950827,0.20641306,0.086904794,42.10237
2dcbecb92c5139a2,2108,6,0.16462882,0.21601291,0.05138409,23.787508,0.23969388,0.27148438,0.031790495,11.70988
d59da48880a45ac4,2086,20,0.724435,0.77579176,0.051356792,6.61992,1.2059189,1.3745855,0.1686666,12.27036
a3a81630b2206aff,7637,38,0.41000277,0.46095046,0.050947696,11.052749,0.8817304,0.9407653,0.059034944,6.2752037
cd7c3af061e7d17f,7108,1,0.06691483,0.11785862,0.050943792,43.224495,0.06691483,0.11785862,0.050943792,43.224495
d8e4e5456a5dd423,2737,15,0.07276951,0.123687975,0.050918467,41.16687,0.16706428,0.2949643,0.12790003,43.36119
568f5c5eb9d1e131,6366,16,0.07492896,0.12582318,0.050894223,40.449,0.12909846,0.25711614,0.12801768,49.789825
7bc71ad5ad642d5e,3037,58,0.41250414,0.4633897,0.050885558,10.981159,0.80275077,1.1164942,0.3137434,28.100765
b2888b16cf4ca29,1638,11,0.047161773,0.09801961,0.050857835,51.88537,0.087752506,0.12983347,0.04208097,32.411495
1d58cf1549a75e99,1398,28,0.06806091,0.11884982,0.05078891,42.73369,0.13116483,0.1903663,0.059201464,31.098711
50e2194c1e155b52,4979,62,0.5025935,0.5532957,0.050702155,9.163664,0.8562816,0.97784495,0.121563375,12.431764
5740e00c35d39c1,81,1,0.1547944,0.20545736,0.050662965,24.658628,0.1547944,0.20545736,0.050662965,24.658628
4e4f205616131131,171,4,0.08505362,0.13570626,0.050652638,37.325203,0.090384826,0.15237516,0.061990336,40.682705
4b745fe31598af28,3044,1,0.10546338,0.15602343,0.05056005,32.405422,0.10546338,0.15602343,0.05056005,32.405422
e91b7eb4e8012ffd,4211,6,0.07605671,0.12656523,0.05050852,39.90711,0.14353979,0.2256626,0.08212282,36.39186
8ead67646d3681b6,2812,80,0.34445953,0.39478537,0.05032584,12.747645,0.34965438,0.45463154,0.10497716,23.090603
c5451bc3c112341f,786,2,0.022364402,0.072630845,0.050266445,69.20812,0.02903529,0.055391412,0.026356122,47.5816
dda9393fb35f9b4c,2229,10,0.29541796,0.3455593,0.050141335,14.510197,0.5774747,0.71977234,0.14229763,19.76981
dec806bf96e64506,3364,56,0.3825436,0.4325738,0.0500302,11.565703,0.7992966,0.82558644,0.02628982,3.1843815
368afca8c892f248,1332,1,0.03917411,0.0891722,0.04999809,56.06915,0.03917411,0.0891722,0.04999809,56.06915
bbdca6d0a90ee20d,1689,6,0.09224212,0.14219151,0.049949393,35.12825,0.1263696,0.16906099,0.042691395,25.252068
3eae4de114d0b2de,1758,31,0.616406,0.6663246,0.049918592,7.4916325,1.3433073,1.5688342,0.22552693,14.375446
477999448dcf1e82,6673,80,1.7274338,1.7773327,0.049898863,2.807514,3.415693,3.403781,-0.0119121075,-0.3499669
e33cfdd913e85e9c,5263,80,0.70748717,0.7573121,0.049824953,6.579183,1.4802115,1.2903732,-0.18983829,-14.711889
bcb73f9caacd8d4c,6044,80,0.70279706,0.75228083,0.049483776,6.577833,1.9213614,2.0392277,0.11786628,5.779947
3c5b0f0892cddd1c,5364,19,0.43413243,0.48357588,0.049443454,10.224549,0.39171132,0.46149242,0.069781095,15.120747
76a95a1fcc66166b,5035,7,0.06373658,0.113117635,0.049381055,43.654602,0.040244713,0.1084078,0.06816309,62.876553
c2f8d00f04320637,1585,80,2.0838854,2.1331694,0.04928398,2.3103642,5.231975,5.2723675,0.0403924,0.766115
72520dbb5a08eee7,1592,13,0.43806913,0.4873169,0.04924777,10.105903,0.9682648,1.0918363,0.123571515,11.317769
c502ca0987c851ad,2545,34,0.11493618,0.16415119,0.04921501,29.981512,0.23624317,0.70330036,0.46705717,66.40934
3d6507a40ba36ae,1023,16,0.2448931,0.29405951,0.04916641,16.719885,0.36529833,0.7166199,0.35132158,49.024815
abf77399c45db4,4282,25,0.13813184,0.18724912,0.049117282,26.230982,0.26592147,0.4641823,0.19826081,42.711845
3b1351b4e7c157c3,4225,80,0.60245585,0.65157163,0.049115777,7.5380473,1.2749225,1.0991806,-0.17574191,-15.988448
566001db177ffc4b,2455,6,0.102599405,0.15167372,0.049074315,32.355186,0.09193388,0.14198607,0.050052196,35.251484
8930a8072980a653,4726,80,0.8432189,0.89221936,0.049000442,5.4919724,1.6527478,1.9819958,0.32924807,16.611946
129db584368b278c,5559,1,0.1152367,0.16415516,0.048918456,29.800135,0.1152367,0.16415516,0.048918456,29.800135
13563ddd805a1a2c,3610,4,0.061103545,0.10999266,0.048889115,44.447617,0.11705009,0.13802585,0.020975761,15.19698
70bdc4f6794081ba,3463,3,0.03367606,0.08255452,0.048878457,59.20749,0.0752874,0.123197496,0.047910094,38.888855
cbadcd6a77dc357d,512,19,0.14571743,0.1945791,0.048861668,25.11147,0.31561255,0.40858144,0.09296888,22.754065
b588b47cecce5554,4756,79,3.4190283,3.4677947,0.048766375,1.4062648,8.168877,8.248725,0.07984829,0.9680076
e2123685b712e696,7144,79,0.6991192,0.7477794,0.04866022,6.5072956,1.3263924,1.4699476,0.14355516,9.7660055
4b724e6537d3c59,1789,1,0.06590575,0.114524595,0.048618846,42.452755,0.06590575,0.114524595,0.048618846,42.452755
579d2ee08b38ae36,4068,80,0.7537525,0.80236757,0.04861504,6.0589485,1.6960181,1.9045831,0.208565,10.95069
b5f53fa2db40a6b4,2302,17,0.12439111,0.17297885,0.04858774,28.088833,0.14762576,0.3431927,0.19556694,56.984585
95571eceecfba464,179,1,0.024158822,0.07272113,0.04856231,66.77882,0.024158822,0.07272113,0.04856231,66.77882
50841317a419a379,1434,46,0.5826746,0.63114524,0.048470616,7.679788,1.598793,1.6291761,0.03038311,1.8649372
358d878db6142332,3947,5,0.0618608,0.11014895,0.04828815,43.83896,0.13466121,0.1768859,0.04222469,23.871145
5bfa69b2106fda42,2794,55,0.08726347,0.13552624,0.048262767,35.61138,0.19744517,0.26534402,0.067898855,25.58899
e066a4c659a5c47c,2118,72,2.1758184,2.2240686,0.0482502,2.1694562,2.3932993,3.047657,0.6543577,21.470842
460237da0b5c72a7,4090,5,0.029709082,0.07784581,0.04813673,61.83599,0.051302217,0.100443915,0.049141698,48.924515
f7d4a35560a395e2,3972,60,0.5591063,0.6071778,0.048071504,7.917204,1.1401974,1.2353598,0.09516239,7.7032127
ada9079ad22800b1,2070,39,0.29989028,0.3479363,0.048046023,13.808855,0.45966572,0.72851914,0.26885343,36.9041
360086a586ee0426,2405,32,1.1460305,1.1940739,0.04804337,4.0234838,2.6257682,2.6247866,-0.0009815693,-0.037396155
2947a74a1b1af120,315,3,0.014964041,0.063002676,0.048038635,76.248566,0.026544048,0.07791912,0.05137507,65.93384
c6a082d880a6531c,2713,10,0.46437177,0.5124008,0.048029035,9.373333,1.1533028,1.1637334,0.010430574,0.8963028
6c1136c3a33e3653,4700,1,0.02221009,0.070122354,0.047912262,68.32666,0.02221009,0.070122354,0.047912262,68.32666
abb24f7a73144100,3189,17,0.15685272,0.20464583,0.047793105,23.354057,0.37803543,0.41577092,0.037735492,9.07603
feb2344c49b51f28,4729,80,0.5640514,0.61184067,0.047789276,7.8107386,2.4637084,1.1384311,-1.3252773,-116.41261
6b88167db9393b42,258,46,0.30368304,0.35140857,0.04772553,13.581207,0.55270064,0.75616556,0.20346493,26.907455
31584d274729f533,1401,11,0.0765734,0.124281146,0.047707744,38.38695,0.12589729,0.11560207,-0.01029522,-8.90574
e5ea70a0975d96d3,1803,80,0.63846946,0.6861128,0.047643363,6.9439545,3.2216935,2.6700728,-0.5516207,-20.65939
ecc22b0310190431,7110,15,0.26266235,0.3102745,0.04761216,15.345173,0.39362317,0.54097956,0.14735639,27.23881
cdb60ebdd3d689f9,1481,39,0.50687754,0.55446106,0.04758352,8.581941,1.1358898,1.1464481,0.010558367,0.9209633
45bf91c182154c27,5279,80,1.1614937,1.2089194,0.047425747,3.9229865,2.2765465,2.3658173,0.08927083,3.773361
3a3c78cd1650bb13,2957,9,0.3652415,0.4124927,0.047251195,11.455038,0.765399,0.7757328,0.010333836,1.3321385
53f880c23a808c79,908,19,0.07909293,0.12623262,0.047139697,37.343513,0.12393329,0.2517839,0.12785062,50.77792
7b3a976930cddbe2,1749,80,0.82492226,0.8720499,0.047127664,5.404239,0.8437952,0.8423767,-0.0014184713,-0.16838919
95f7b70e07dae7a3,1931,18,0.11593996,0.16292828,0.046988323,28.83988,0.29066026,0.44744557,0.15678531,35.040085
9d94b887aad99830,4351,77,1.3008561,1.3477931,0.04693699,3.4825068,2.0773964,2.2422833,0.16488695,7.3535285
38481f1dc697309b,4377,80,0.33316207,0.3800917,0.046929628,12.346923,0.65007454,0.6116003,-0.03847426,-6.2907524
cc3d254208a3688c,4908,9,0.027699394,0.07460383,0.046904437,62.87135,0.019628663,0.1059199,0.08629124,81.46839
a4d3b80bf440eaee,4459,11,0.056646418,0.10354536,0.046898942,45.293137,0.0332608,0.13275865,0.09949785,74.94642
adae784eb8d686b,670,15,0.07103007,0.11790368,0.046873607,39.755848,0.096864775,0.1457174,0.048852623,33.525597
a7dc32d5c0b782f9,1402,39,0.1640904,0.21093307,0.04684268,22.207365,0.3351673,0.34785506,0.0126877725,3.6474307
95a9eadee8fee15,3956,25,0.15669012,0.20350572,0.046815604,23.004562,0.28834444,0.47446266,0.18611822,39.227158
2fc9a288c1f6e512,927,3,0.15221868,0.1989754,0.046756715,23.498741,0.19482976,0.27821174,0.08338198,29.97069
876b5dc610b545c,1058,8,0.095428474,0.14214967,0.046721198,32.867607,0.10551395,0.18646272,0.08094876,43.41284
3f55c002b6d9bd47,2780,5,0.041250587,0.0879523,0.046701714,53.09891,0.02616864,0.02079965,-0.005368991,-25.812891
eede40d3d44ea508,2825,5,0.10850128,0.15516677,0.046665497,30.074415,0.09923564,0.21630691,0.11707127,54.122757
2250d0c4ba6a3110,5076,4,0.10365656,0.15031129,0.04665473,31.03874,0.23154585,0.22232687,-0.009218976,-4.1465864
fcfa8d3f84d74ffc,2145,7,0.051389012,0.098031126,0.046642113,47.578884,0.107129134,0.17676643,0.06963729,39.39509
626959ebfab1cd5a,2883,39,0.32002178,0.3666626,0.046640813,12.720363,0.46723467,0.73028797,0.2630533,36.02049
f238258c98624c70,905,15,0.14726101,0.19386914,0.046608135,24.041029,0.27814764,0.6133326,0.335185,54.649788
37e31e444e523bc4,1442,5,0.085377924,0.13195519,0.046577267,35.29779,0.14362925,0.12444393,-0.01918532,-15.416839
bbaa8d674fc2357c,6862,23,0.55311835,0.59969515,0.046576798,7.766746,1.1449171,1.1365492,-0.008367896,-0.7362546
854d549f310f09e6,2529,11,0.101445146,0.14801969,0.04657454,31.465097,0.16777062,0.096693635,-0.07107699,-73.50741
49a6d7cf1d989377,553,80,1.4531622,1.4995904,0.046428204,3.0960588,4.159356,3.9703832,-0.18897295,-4.7595644
8bf181e3b52d9ed8,7050,4,0.14903717,0.19542858,0.046391413,23.738295,0.19784069,0.33048958,0.13264889,40.137085
7f1c0ea6032094b3,2736,3,0.08521161,0.13156481,0.0463532,35.232216,0.1497279,0.19643386,0.04670596,23.776941
e0b58be55bc4153c,1925,42,0.13897666,0.1853063,0.046329632,25.001652,0.38312253,0.5953172,0.21219465,35.643967
98710dda503f103c,88,5,0.045028795,0.09132538,0.046296585,50.694107,0.04554928,0.2042082,0.15865892,77.69469
e285b0d29762e9b0,248,19,0.06926404,0.11542845,0.04616441,39.99396,0.09612497,0.1889953,0.09287033,49.13896
57f3f03f7e7967f9,6721,35,0.2687582,0.31475088,0.045992672,14.612405,0.42576474,0.7444675,0.31870276,42.809494
928207dbf3087067,6621,4,0.04111105,0.08707562,0.045964573,52.786957,0.051760115,0.08803868,0.03627857,41.20753
b3d8287a5716dca5,7696,32,0.16611707,0.21204853,0.04593146,21.660824,0.14805257,0.58027047,0.4322179,74.485596
944d70b45a572b59,2662,4,0.06391999,0.10981909,0.0458991,41.795193,0.093052894,0.16593671,0.072883815,43.92266
cfac28cc48e0e263,5881,6,0.055961315,0.10185913,0.045897815,45.06009,0.06640636,0.12676989,0.060363524,47.61661
faf4906978b1ab63,5717,80,2.5883017,2.634149,0.045847416,1.740502,5.7491207,5.8531647,0.10404396,1.7775677
610b339de58d4051,9094,80,0.5124798,0.55828047,0.045800686,8.203885,0.9896146,0.9002693,-0.08934528,-9.924283
9745b67488b65544,4197,35,0.34783828,0.39361402,0.04577574,11.6296015,0.41359627,0.34624118,-0.0673551,-19.45323
79baff50fe79adf3,4691,25,0.100893624,0.14664967,0.04575605,31.200922,0.14999734,0.32816863,0.17817129,54.292603
67939da96bbae35d,1160,2,0.016570482,0.062260203,0.04568972,73.38512,0.026695468,0.02727855,0.00058308244,2.1375124
7d50ef2a9e3c70bb,2208,6,0.062681116,0.10834577,0.045664653,42.147152,0.08528021,0.18726605,0.10198584,54.4604
bd76202a14cdf3df,2517,66,0.15075712,0.19633104,0.04557392,23.212793,0.3159025,0.33074918,0.014846683,4.488804
43bd209f7a119b86,2913,10,0.051199056,0.09669773,0.045498677,47.052475,0.05717688,0.06224389,0.0050670095,8.1405735
a050aed2c972ccfa,6467,7,0.3043267,0.3496928,0.04536608,12.973124,0.43875664,0.46327794,0.024521291,5.292998
85182c08330d07f8,3027,12,0.3373897,0.3826444,0.045254678,11.826823,0.6275365,0.6426741,0.015137613,2.3554106
f47dab165a3d0d40,6577,80,4.6249385,4.670091,0.045152664,0.9668476,9.523019,9.574902,0.051882744,0.5418619
8db4d26cb5a2c09,2323,11,0.10023692,0.14538097,0.04514405,31.05224,0.06920859,0.09058637,0.02137778,23.599333
e48eea7c2b1274a7,4480,78,2.2279217,2.2729776,0.045055866,1.9822398,4.4197264,4.620424,0.20069742,4.3437014
341a4d5092f93e3c,462,31,0.19745672,0.24208441,0.044627696,18.434767,0.25082716,0.33522677,0.08439961,25.17687
e19041c9ce31cb69,2188,2,0.040434666,0.0850247,0.044590034,52.443623,0.047651846,0.10476563,0.057113785,54.515766
f6924095984f9ebb,1863,3,0.07336082,0.11793649,0.04457567,37.796333,0.11951432,0.15035798,0.03084366,20.513483
69fbe2b604d9ad8d,12479,79,0.2124749,0.256968,0.044493094,17.314644,0.39551747,0.5148756,0.11935812,23.181934
faaf235ebb313eee,2258,80,2.398251,2.4427037,0.044452667,1.8198142,7.440702,8.13683,0.69612837,8.555277
a13c16d047c3d8b9,5444,16,0.06452626,0.10892235,0.044396088,40.75939,0.11268163,0.20550355,0.092821926,45.168037
a42a63b65e0ed73f,364,4,0.028894328,0.07303028,0.04413595,60.43514,0.03580803,0.07098082,0.035172787,49.552525
1ff0144345fea92f,1851,13,0.07221266,0.116220385,0.044007726,37.865753,0.064590454,0.2317323,0.16714184,72.12712
e35b71d9f7fad007,1779,5,0.033729784,0.07772,0.043990217,56.6009,0.01663026,0.08171092,0.06508066,79.64744
550fb9f6e375a618,4928,14,0.08888483,0.13284521,0.043960378,33.09143,0.13925178,0.19721308,0.0579613,29.390188
63a9de96cd3d450e,5439,1,0.061230157,0.105106436,0.04387628,41.744617,0.061230157,0.105106436,0.04387628,41.744617
54c7d4acc2f8d220,1342,14,0.07711722,0.120923996,0.043806776,36.2267,0.20810096,0.18133733,-0.026763633,-14.759031
9adb5c109fd306cb,5521,7,0.11673456,0.16049634,0.043761782,27.26653,0.21096438,0.2372013,0.026236922,11.061036
616b3965a03f1642,3503,19,0.22440624,0.26816547,0.043759227,16.317995,0.5411744,0.39667958,-0.14449483,-36.426083
d898f3b590b6555a,914,3,0.21781056,0.26154202,0.043731466,16.720627,0.072716214,0.10035249,0.027636275,27.539202
65fcf1d6e43fdfdf,565,6,0.031518813,0.075108856,0.043590043,58.03582,0.037234295,0.037453227,0.00021893159,0.5845467
c4ebe2d21a017b2e,613,7,0.08034317,0.123861834,0.043518662,35.134842,0.120439544,0.11529656,-0.005142987,-4.460659
1d1071940f1e4b6b,3165,6,0.10153011,0.14496277,0.04343266,29.961252,0.1617118,0.27138776,0.10967596,40.41301
348f5ed22468048e,2527,17,0.25572696,0.29913598,0.04340902,14.511468,0.437495,0.5551712,0.1176762,21.19638
2539d91f41ccbaf5,351,7,0.054304253,0.09756576,0.04326151,44.340874,0.116764136,0.16951591,0.052751772,31.11907
cdf660e13056e19e,4318,57,0.39383906,0.4369855,0.04314643,9.873653,0.974512,1.1339519,0.15943992,14.060554
726ef08f6f4756d0,5822,58,0.4104468,0.45355457,0.043107778,9.50443,1.2926387,1.1595703,-0.13306832,-11.475657
3915247dc54b5bdd,6003,80,1.0507226,1.0937976,0.043074965,3.9381113,2.955643,3.0999365,0.14429355,4.654726
b695afb4565ed642,1045,2,0.012727816,0.055766918,0.043039102,77.17676,0.015077321,0.031585693,0.016508373,52.265347
ac977a0854771c7f,1464,3,0.056069355,0.09910745,0.043038096,43.42569,0.07156403,0.12740235,0.055838317,43.828327
91519f2170450c47,1381,7,0.05766093,0.10066422,0.04300329,42.71954,0.09922567,0.21117035,0.111944675,53.011547
652923c625ef1d50,2675,80,0.6385027,0.6814595,0.04295677,6.3036427,2.219629,1.7148813,-0.50474775,-29.433393
1eb7eb712748abdf,939,4,0.027049609,0.06998369,0.042934082,61.348694,0.016858082,0.12672403,0.10986595,86.697014
cd1fa1a564bbbf50,3294,25,0.4195817,0.4624578,0.042876095,9.271353,0.70009977,0.96260846,0.2625087,27.27056
ead7ae8aec9aeadf,673,9,0.13672835,0.17946045,0.042732105,23.811432,0.24830098,0.43390158,0.1856006,42.774815
d3b9b0c0d503cd26,156,21,0.3139902,0.35660565,0.042615443,11.9503,1.3785882,1.291628,-0.0869602,-6.732604
df00360550462edf,98,5,0.0627001,0.10519811,0.042498007,40.39807,0.11555623,0.13716793,0.021611698,15.755649
e8b6730ff454911b,6064,19,0.45832753,0.5007489,0.04242134,8.47158,2.2151937,2.3086996,0.09350586,4.050153
ef1b8d7fc1d8c0ae,153,11,0.19686781,0.23927778,0.04240997,17.724157,0.40268227,0.40643528,0.0037530065,0.9233958
c09f910ac6981bcf,5065,67,1.3118144,1.3541521,0.042337656,3.1265068,2.9417078,2.8873286,-0.054379225,-1.8833749
49f4b35b77bff76f,1134,50,0.17967245,0.22200096,0.042328507,19.066813,0.2949136,0.47694778,0.1820342,38.166485
6e9dfe986c073db9,2752,5,0.1421411,0.18444642,0.04230532,22.936375,0.21720229,0.20736556,-0.009836733,-4.7436676
1209af5aa7a2daff,3490,80,1.9968166,2.0391078,0.042291164,2.0740035,5.2765737,5.2253566,-0.05121708,-0.9801643
f742a248b117af34,4563,48,0.34211376,0.38439858,0.042284817,11.000254,0.7881779,0.8455255,0.057347596,6.78248
1967d45b396b9c17,629,27,0.24782065,0.29007962,0.042258978,14.568062,0.59386104,0.6510496,0.05718857,8.784058
f529ed2b73ed31a1,4026,6,0.04460113,0.0867556,0.042154472,48.589912,0.103988506,0.16428705,0.06029854,36.70316
94ff7bbb0dd227e2,1432,18,0.067736335,0.10963324,0.041896902,38.21551,0.08703134,0.110238686,0.023207344,21.051907
a6f46e724049dde5,4019,5,0.09970031,0.14159533,0.041895024,29.587856,0.07659958,0.2662491,0.1896495,71.23011
f5ecd22e88dbe5c2,2838,5,0.10521783,0.14711013,0.041892305,28.476831,0.14395367,0.30686003,0.16290636,53.088165
f9b1915d291b1199,3330,9,0.3067947,0.34862173,0.041827023,11.997825,1.2249954,1.2267448,0.0017493963,0.14260475
6b50f813f232ab61,1324,2,0.020268328,0.062054582,0.041786253,67.3379,0.03043354,0.030814776,0.0003812369,1.2371886
674b059a6ef7d8df,4182,18,0.19036442,0.23207712,0.0417127,17.973637,0.4839787,0.40425268,-0.07972601,-19.721827
52f53b98d8340e2d,6396,80,1.0778449,1.1195045,0.041659594,3.7212532,3.1254523,3.1525958,0.027143478,0.86098826
d9fc3b150fe32549,6339,45,0.46235424,0.5039358,0.04158157,8.251362,0.70231366,0.89705664,0.19474298,21.709105
202b367d44291cf,1652,24,0.18084814,0.2223612,0.04151307,18.669207,0.32577544,0.33415318,0.008377731,2.5071528
ee94577cc2e717f6,4456,10,0.22390099,0.26526743,0.041366443,15.594241,0.25016853,0.33936134,0.08919281,26.282549
66edab6d876a7bab,745,5,0.042740215,0.084101304,0.04136109,49.18008,0.040018402,0.07521592,0.03519752,46.795303
7690d5486d40ef79,1933,20,0.07084754,0.112129346,0.041281804,36.816235,0.18475692,0.23248252,0.047725603,20.528685
5b6a1bd164d6406b,5562,3,0.08983844,0.13099976,0.04116132,31.420914,0.061160028,0.055218976,-0.005941052,-10.759076
5aab3561c27f8231,4421,16,0.20897526,0.2501104,0.041135132,16.44679,0.5963874,0.52777696,-0.06861043,-12.99989
c050db6264924bcc,4608,4,0.14188433,0.1829234,0.04103908,22.435116,0.18596229,0.23670013,0.050737843,21.435495
a02bb6bd0aa247db,2799,63,1.6548051,1.6958286,0.041023493,2.4190826,2.1679626,2.5830085,0.41504598,16.068316
2d64ad49a52083fa,3718,80,3.4704545,3.511372,0.040917635,1.165289,8.804446,8.725007,-0.07943916,-0.9104768
3d963513dd11e643,2110,7,0.06620678,0.10711924,0.040912457,38.19338,0.13508457,0.14305891,0.0079743415,5.5741663
2210e737d50d66a7,2179,2,0.030717626,0.07154007,0.040822446,57.06235,0.031189144,0.05612049,0.024931345,44.424675
d62912be0023b92a,1056,13,0.06158471,0.10237113,0.040786415,39.841717,0.15253162,0.21127984,0.058748215,27.80588
f920db12a3150a85,6013,72,12.698197,12.738857,0.040659904,0.31918016,26.051182,27.294498,1.2433167,4.5551915
5684393abd5a0f7e,4985,22,0.05613703,0.09663365,0.04049662,41.90737,0.12242654,0.040894285,-0.081532255,-199.37321
f6cca57da4f5b777,685,35,0.37135053,0.4117271,0.040376574,9.806635,0.49481758,0.4292656,-0.065551996,-15.270732
826df5db6ef055ca,1876,10,0.047382005,0.08772243,0.040340424,45.986443,0.18874155,0.260925,0.072183445,27.664444
42bf63663e139d37,3529,5,0.05220563,0.09253188,0.040326253,43.58093,0.11184519,0.10075645,-0.011088736,-11.005486
e643e5ab30e7aa1c,1131,16,0.0834769,0.12378611,0.040309206,32.563595,0.23400658,0.324376,0.0903694,27.85946
f76365e2d6fd7bd1,440,23,0.23268895,0.2729473,0.040258363,14.7495,0.400433,0.5776673,0.17723429,30.681032
c01d933f4e5f6477,4295,16,0.053301588,0.093526885,0.040225297,43.009342,0.04053911,0.1511757,0.110636584,73.18411
f4bcff4d30eec019,1653,15,0.23695974,0.27705595,0.04009621,14.472241,0.50176924,0.54674095,0.044971704,8.225413
847202df87d5e78f,568,2,0.0308104,0.070899025,0.040088624,56.543266,0.03737824,0.06833321,0.030954968,45.300037
c6493b4e9c280bfd,5117,6,0.06301197,0.10308393,0.040071964,38.873142,0.11160402,0.1632814,0.051677376,31.649273
fa6efebcf8a0cf5,3748,17,0.10838825,0.14833844,0.039950185,26.93178,0.23943253,0.33883405,0.09940152,29.336342
9cc175f5a071ba57,915,6,0.09335435,0.13319598,0.03984163,29.912037,0.13794874,0.16879141,0.030842677,18.272657
b56ab4f5533cb8fb,961,23,0.3122147,0.35198992,0.039775223,11.300102,0.56503445,0.65644544,0.091410995,13.925147
435d3ed195bc4d5f,802,26,0.11171259,0.15147465,0.039762065,26.249977,0.23753616,0.30888757,0.07135141,23.099476
57b649b330dceecf,4303,5,0.028962076,0.06867037,0.039708294,57.824493,0.035286557,0.0678926,0.032606047,48.025917
e962d13e4df7c30d,3134,14,0.14147398,0.1810902,0.039616227,21.876516,0.16658336,0.20683725,0.040253893,19.461626
fc9648e48c196d55,6750,5,0.061143924,0.10073439,0.039590467,39.301838,0.08458689,0.14426135,0.059674457,41.36552
29014a9b76e70028,5997,37,0.12682338,0.16639791,0.039574534,23.783072,0.19465342,0.30003572,0.10538229,35.12325
98de51f80eed8763,3419,1,0.008659252,0.048221946,0.039562695,82.04292,0.008659252,0.048221946,0.039562695,82.04292
bca17437affc8f9,4406,7,0.086891875,0.1264229,0.039531022,31.268879,0.04736328,0.16987696,0.12251368,72.11907
d3d2df3fa5c73809,1748,7,0.051411577,0.09083952,0.039427944,43.403954,0.074233204,0.08722212,0.0129889175,14.89177
cf4ee8cdcec50488,3428,80,1.1203052,1.1596316,0.03932643,3.3912864,2.5173013,2.8188195,0.3015182,10.696612
2cc96b8a3014ba7f,290,24,0.063834034,0.10310496,0.039270923,38.0883,0.0779455,0.1752304,0.0972849,55.518276
ad1ac9319a747b34,1509,80,0.76941276,0.8086597,0.039246917,4.8533297,3.3760884,2.705083,-0.6710055,-24.805359
7c70df3ad7b8471f,4555,13,0.8352096,0.8744484,0.03923881,4.487264,1.7893414,1.9177045,0.12836301,6.6935763
82060af60c1ae4ed,3580,6,0.21274786,0.25197434,0.039226487,15.567652,0.46116412,0.50338095,0.042216837,8.386658
2e84b1d483801963,2911,8,0.34897256,0.38815683,0.039184272,10.094958,0.36263695,0.4654988,0.10286185,22.097124
4bb3c00be6c00157,2888,9,0.100858994,0.14000115,0.039142154,27.958452,0.25750738,0.21595243,-0.041554958,-19.242645
1c70700b7c78ddb9,256,20,0.17906772,0.21810369,0.039035976,17.897898,0.27352446,0.3832619,0.109737426,28.632492
134f207f3e69f585,8555,80,1.251214,1.2902406,0.039026618,3.024755,4.106246,4.293828,0.18758202,4.3686433
d06a09e80e7f956e,1246,12,0.04127879,0.08025653,0.03897774,48.56644,0.08866333,0.029699484,-0.05896385,-198.53493
7348dbd0ea494572,1494,38,1.3857657,1.4246882,0.03892255,2.7320046,3.512646,3.4151263,-0.097519636,-2.8555207
b2d7d0b814279519,3277,10,0.0941436,0.13300857,0.03886497,29.219898,0.23220186,0.25134155,0.019139692,7.6150136
83971191edb54d28,592,80,0.77790356,0.816704,0.03880042,4.7508545,1.0476371,1.6727682,0.62513113,37.371056
f784d55e0d0fac7a,3438,11,0.0596377,0.0981375,0.0384998,39.230465,0.07803034,0.15356465,0.07553431,49.1873
f592dc9662775cee,471,6,0.077258565,0.11571407,0.03845551,33.233215,0.08713035,0.11916801,0.03203766,26.884445
8abe59aee39f351e,8000,9,0.058218077,0.09665093,0.03843285,39.764595,0.15396667,0.15378544,-0.00018122792,-0.117844656
75cc4c711eaf514,2549,3,0.023696037,0.062044967,0.038348928,61.80828,0.002303218,0.07399354,0.07169032,96.88727
5c8498f82561a511,490,21,0.29357344,0.33190385,0.038330406,11.548648,0.49159706,0.507782,0.016184926,3.187377
3f6ca1ad54eeafbb,1422,2,0.046147518,0.08446725,0.03831973,45.366375,0.060737554,0.09033335,0.029595796,32.762867
f82a17055250064b,1017,20,0.1238148,0.1621193,0.0383045,23.627354,0.23599088,0.14046061,-0.09553027,-68.012146
4d853fcc6100c09b,3415,29,0.20927367,0.24754061,0.038266942,15.458855,0.49314454,0.46444607,-0.028698474,-6.1790757
17b8e87ae6f65e09,1204,80,0.84360206,0.8818034,0.038201332,4.3321824,1.3913729,1.6256645,0.23429155,14.412048
f4fd5742ec9f0600,5712,2,0.019545026,0.057709068,0.038164042,66.1318,0.0271172,0.05964643,0.03252923,54.53676
c73e55aa0b40af4c,5373,18,0.13765219,0.17576261,0.03811042,21.682894,0.26881203,0.2854956,0.016683578,5.843725
fe4d6bbcd8daa255,1551,36,0.17384394,0.21189779,0.038053855,17.95859,0.5705044,0.50919056,-0.061313868,-12.041438
b90c2e14459f521e,2575,19,0.1406775,0.17870747,0.03802997,21.280571,0.2622002,0.35007137,0.087871164,25.10093
39460faf6ca8d7c6,2850,78,0.7525271,0.79053086,0.038003743,4.8073697,0.98192495,1.3550347,0.37310976,27.535069
7d1d2b26dd1e62e4,1514,2,0.033335365,0.07133727,0.038001902,53.270756,0.042106297,0.043682285,0.0015759878,3.607842
186cf849fcf30987,2540,12,0.5018596,0.53981954,0.037959933,7.0319676,0.5351193,0.96181804,0.42669874,44.36377
dd581145bcb4c0a0,1128,77,0.6656975,0.70365316,0.03795564,5.394084,1.1337383,1.5057082,0.37196994,24.703985
6c3d62edaf428ccb,3598,5,0.1261462,0.16406909,0.03792289,23.113976,0.20960212,0.2325728,0.022970676,9.876768
956177dd2df414d8,1186,4,0.10847393,0.14627449,0.037800565,25.842213,0.06640636,0.11899196,0.0525856,44.192566
e93c65b6e1c61c3e,1718,3,0.14122854,0.17902774,0.037799194,21.113596,0.2433824,0.2761862,0.032803804,11.877423
1707d0dbbb87c6d3,7905,27,0.38665798,0.42424443,0.03758645,8.859622,0.69053066,0.8023666,0.11183596,13.938262
39925b503ad00ccc,801,13,0.14960566,0.18711935,0.03751369,20.048,0.26049635,0.30689797,0.04640162,15.119558
72e6a8028a15c62b,3612,5,0.030380864,0.06786766,0.037486795,55.235134,0.044548806,0.083093934,0.038545128,46.387417
becde4b180db168a,378,9,0.05519153,0.0926724,0.03748087,40.444477,0.18691452,0.17879151,-0.00812301,-4.5432863
1b86c399ad28379e,6484,80,2.7169118,2.7543287,0.037416935,1.3584775,4.6229243,4.708857,0.08593273,1.8249168
9f189f3b89de44d,6739,5,0.07754961,0.1148237,0.037274092,32.46202,0.13329989,0.14019732,0.0068974346,4.9198046
c535d4257471f1b4,1714,5,0.033627898,0.07089004,0.03726214,52.563297,0.069848605,0.06543299,-0.0044156164,-6.748303
b6b4765d3f4bfc2f,4757,5,0.05111246,0.088337645,0.037225183,42.13966,0.070322484,0.09156681,0.021244325,23.200901
f84f1b854e869e09,2264,5,0.048635412,0.08577754,0.03714213,43.30053,0.034211934,0.096933976,0.06272204,64.70595
a6d0f69299c07d14,4553,80,1.2258785,1.2629602,0.03708172,2.9360955,4.4310465,4.45487,0.023823738,0.5347796
a7c21f2510abcc2c,9352,80,1.1282756,1.1652634,0.03698778,3.174199,3.3554235,3.4866223,0.13119888,3.762922
204d26612d345513,412,1,0.22193605,0.25885078,0.036914736,14.26101,0.22193605,0.25885078,0.036914736,14.26101
1d5dd895dcccd575,4878,80,0.08834644,0.12526074,0.036914304,29.46997,0.22281241,0.29514337,0.07233095,24.507055
e93ea909b66e4851,2595,9,0.08987052,0.12674694,0.036876418,29.094522,0.030524414,0.08254697,0.052022558,63.021763
922e7c3347a38580,4568,3,0.078211404,0.11501491,0.036803506,31.9989,0.10175659,0.22272319,0.1209666,54.312534
a838d70ad5b309d0,4488,77,0.1896734,0.2264607,0.0367873,16.244453,0.41110396,0.38643327,-0.02467069,-6.3842044
b51ce77e58185a0b,2005,12,0.06846751,0.10518896,0.036721446,34.90998,0.078453355,0.10069937,0.022246018,22.091515
3eccc091ac7aa0ac,3429,8,0.03553795,0.07219751,0.03665956,50.776768,0.035278108,0.06424564,0.028967533,45.088715
2d073df03e90f569,3977,9,0.36900583,0.40564805,0.036642224,9.033009,0.80624855,0.83552366,0.02927512,3.503805
c51bdac23ab4a3a9,4070,14,0.09612812,0.1327376,0.036609486,27.580341,0.04264082,0.27312562,0.2304848,84.38783
9fc47f4f8c42eafe,4577,3,0.0735454,0.11007798,0.03653258,33.187912,0.08713401,0.1335019,0.04636789,34.73201
96e897b740e68237,2088,8,0.032808445,0.0693057,0.036497258,52.661263,0.058553554,0.057949338,-0.000604216,-1.0426625
2b690d2b4b515b48,2606,21,0.16040216,0.19688766,0.036485493,18.531122,0.3681226,0.72264636,0.35452375,49.059093
a94f10d6efa68d12,3562,80,0.6872589,0.7237173,0.036458373,5.0376544,1.3577294,1.3317848,-0.02594459,-1.9481069
35fac738f04a7df1,2204,7,0.058774225,0.09523251,0.036458284,38.283443,0.04579264,0.07940345,0.033610813,42.32916
b4c3c4500dd69547,2334,3,0.039905567,0.076324515,0.03641895,47.715927,0.077082835,0.11239123,0.0353084,31.415617
47a2c3c63fb4f0e2,1477,40,0.36068255,0.3970523,0.03636974,9.159938,0.8794037,0.77819794,-0.101205766,-13.005145
564f6bac415d3d38,3127,2,0.008860466,0.045209188,0.036348723,80.401184,0.013626569,0.03136851,0.01774194,56.55972
fbe0fd9008ab983f,1672,9,0.15333243,0.18965404,0.03632161,19.151508,0.12874313,0.26389697,0.13515384,51.214622
b6882ea3c063150a,6358,12,0.08954223,0.12582041,0.03627818,28.833303,0.18036556,0.27519664,0.09483108,34.45939
c272890e1ca712d0,964,12,0.0447599,0.08102121,0.036261313,44.755333,0.08110762,0.20180848,0.120700866,59.80961
6e8b3e4f1780720c,3543,8,0.05659718,0.09285566,0.03625848,39.048218,0.038193185,0.12776604,0.08957286,70.10694
3405eabf0146da6a,3650,15,0.09339722,0.12960173,0.03620451,27.935204,0.16650409,0.22592099,0.059416905,26.299862
a5a4965de6be450a,359,5,0.038214885,0.07432691,0.036112025,48.585396,0.030110547,0.084898375,0.05478783,64.533424
4f3bb33178758448,3355,18,0.14682327,0.18293269,0.036109418,19.739182,0.29604277,0.29199156,-0.0040512085,-1.3874402
b928a58863557440,4929,80,0.55472076,0.5907598,0.036039054,6.100458,1.0499573,1.3656294,0.31567216,23.115507
f5addef3fadf2b92,3152,25,0.21744052,0.25343573,0.035995215,14.202897,0.40171662,0.5248213,0.12310466,23.456491
ea9a4fc3212a6349,2052,80,4.355626,4.3916063,0.035980225,0.8192953,10.477207,10.698402,0.22119522,2.0675538
cef8d55b307b673b,1926,8,0.033649478,0.069606505,0.035957027,51.65757,0.05702291,0.035055228,-0.021967683,-62.665928
ffcd7672abe0a305,430,23,0.14262842,0.17846854,0.035840124,20.08204,0.3316836,0.25017744,-0.08150616,-32.57934
220332e42730d782,3702,80,0.4881544,0.52398455,0.03583014,6.8380146,2.482021,1.9523208,-0.5297003,-27.131826
6f603eb0d92fd04d,3228,35,0.4613581,0.49705184,0.035693735,7.1810894,1.5920423,1.3927015,-0.19934082,-14.313248
a143cca8a3d1ef31,3634,17,0.13125099,0.16689062,0.03563963,21.355082,0.33540913,0.43074894,0.095339805,22.133497
cef0a9f5a335395,2487,6,0.21334384,0.24891289,0.035569042,14.289755,0.59348273,0.6199959,0.02651316,4.2763443
2a41ad7c770613ba,2316,6,0.04027872,0.07582817,0.03554945,46.881588,0.03198668,0.11918936,0.08720268,73.16315
7f7ad77a56904fa3,1553,2,0.036100313,0.07162747,0.035527155,49.599903,0.04731497,0.080609374,0.033294402,41.303387
1dd06735061f96fb,3145,21,0.14990738,0.18540399,0.035496607,19.145546,0.2504703,0.32681614,0.07634583,23.360483
e4f0486ab07116e6,3969,80,0.18038154,0.215785,0.03540346,16.406822,0.46665335,0.55110824,0.084454894,15.324556
4b431c86d79997c,868,4,0.05418126,0.089551434,0.035370175,39.49705,0.048115537,0.13138032,0.08326478,63.37691
2290315cde183b8d,280,25,0.10981698,0.14507261,0.035255626,24.302055,0.32921338,0.38724622,0.05803284,14.986031
8dd1a72cd622bd1c,3093,41,0.24229117,0.27753308,0.035241917,12.6982765,0.4771617,0.24548471,-0.231677,-94.37532
9d46df9f277ba00,3184,2,0.18496636,0.22020516,0.035238802,16.002714,0.17878446,0.2575053,0.07872084,30.57057
5a9ac8f6edc20b1e,3307,7,0.20788077,0.24307394,0.035193175,14.478382,0.45176968,0.50114787,0.049378186,9.853018
f00a23d7633bed9a,1446,13,0.07738308,0.11254993,0.035166852,31.245556,0.052874785,0.14161022,0.08873543,62.661743
3cb4759d1ab8286f,5110,80,0.5256368,0.56072223,0.03508544,6.257187,0.9299453,0.69026315,-0.23968214,-34.7233
c56fa712bcae7cc2,6782,5,0.2611184,0.2961367,0.035018295,11.825044,0.76747274,0.9583046,0.19083184,19.913486
b68a294e62b571f9,2120,6,0.03335169,0.06834831,0.03499662,51.203346,0.03490923,0.046396717,0.011487488,24.75927
572ecdc499e33e46,827,19,0.5000927,0.5350435,0.034950793,6.5323277,0.76647043,0.8026071,0.036136687,4.5024133
5718d66888cc90e,3371,7,0.08606287,0.12100489,0.034942016,28.876534,0.09111516,0.17984682,0.08873166,49.337353
1752fff4f67277a,1841,9,0.06541685,0.10034284,0.03492599,34.80666,0.07837066,0.050932,-0.02743866,-53.873123
5ec13c9eed3c8cac,209,4,0.09927486,0.13419145,0.034916595,26.019985,0.039740965,0.15723567,0.1174947,74.72522
98acdd262006bb3f,4397,78,2.0430608,2.0779064,0.03484559,1.6769568,3.751943,4.0584636,0.30652046,7.552623
867c416aa6dd3ccb,5679,4,0.06309027,0.09793269,0.034842417,35.577923,0.08696342,0.11636778,0.029404357,25.268469
199a9926909360ad,1847,72,0.843902,0.87872285,0.034820855,3.9626665,2.5390418,1.9536165,-0.58542526,-29.966232
bbb7169616c68a94,1800,9,0.12728724,0.16207,0.034782767,21.46157,0.1655238,0.30610275,0.14057896,45.925415
53422206b28a964c,4772,52,0.46960023,0.50435954,0.034759313,6.8917727,0.72770125,1.0278181,0.30011684,29.199413
fe51b92b0ab4205,1155,35,0.33652565,0.3712372,0.03471154,9.350232,0.5972458,0.8160939,0.21884811,26.816536
a40c1b5c9bd724ca,5600,25,0.07816763,0.11275032,0.03458269,30.67192,0.25853744,0.2378431,-0.020694345,-8.700839
70cb856bb147a6ce,4883,17,0.12339527,0.1578593,0.034464024,21.832115,0.8582469,0.8706975,0.012450576,1.4299543
213590f22174eac5,1936,4,0.02654528,0.060961805,0.034416527,56.455887,0.007326825,0.040093362,0.032766536,81.725586
750e8ae801e6fcea,2936,13,0.1189833,0.15339836,0.034415066,22.435093,0.1448634,0.18374777,0.03888437,21.16182
5e8e60afd1685e6f,2565,33,0.21229674,0.24668093,0.03438419,13.938731,0.49536565,0.51298004,0.017614394,3.4337387
2bd432b8d9716ee2,878,8,0.12117118,0.1555546,0.034383416,22.103762,0.21667051,0.32914945,0.11247894,34.172604
6a75773ec6aeb837,4122,43,0.16773176,0.202074,0.034342244,16.994884,0.1967769,0.39941633,0.20263943,50.733887
98646eca130441bd,656,66,0.39486566,0.42919943,0.034333766,7.9994903,0.46104327,0.6044382,0.14339492,23.72367
67244dcf6291e671,4536,3,0.048856407,0.083167434,0.034311026,41.255363,0.07693657,0.09977234,0.022835769,22.887875
62f6d7fb7fbca179,5212,5,0.036279682,0.07055959,0.03427991,48.58292,0.055800956,0.055922594,0.00012163818,0.21751168
b1647e25d0853c98,6683,2,0.11969949,0.15397258,0.034273088,22.259214,0.11382715,0.25198367,0.13815653,54.82757
452e0a6344dc16b2,3008,2,0.1642619,0.1985285,0.03426659,17.260288,0.11325599,0.15636058,0.04310459,27.567429
d6670ed40e445507,1209,3,0.021541953,0.055806797,0.034264844,61.399048,0.01184082,0.0685406,0.056699783,82.724365
d3eaf42e4b69a60a,1555,1,0.06104736,0.095285244,0.034237884,35.931988,0.06104736,0.095285244,0.034237884,35.931988
a3bf72ecbd596c01,4825,14,0.12068188,0.15489244,0.034210563,22.086657,0.15311122,0.21521851,0.062107295,28.857786
b62e8d99631d911,5257,7,0.082190715,0.1163748,0.034184083,29.374128,0.14297159,0.15928218,0.016310588,10.240058
b2348f79f7707f39,5256,3,0.08387088,0.1180077,0.034136817,28.927618,0.09049991,0.1341113,0.043611392,32.518803
6688333126ac466d,5003,17,0.11725938,0.15133557,0.034076184,22.51697,0.34996083,0.43013483,0.080174,18.63927
7a5932124bec6e5,1365,9,0.105017245,0.13884206,0.033824816,24.362082,0.11566908,0.21815738,0.1024883,46.979065
8359d00df188d62,157,7,0.030875474,0.06454242,0.033666946,52.16251,0.038486235,0.10279806,0.064311825,62.56132
a83772c78279f3ea,112,23,0.42488843,0.4585372,0.03364876,7.338283,0.65159845,0.8118051,0.16020668,19.734623
e1e8e2eb4f7bd813,6285,80,0.4182597,0.4519019,0.033642203,7.4445806,0.4208112,0.6738826,0.2530714,37.554226
b26ba622ddc9d7d8,3826,25,0.21481587,0.24838814,0.03357227,13.516052,0.57698953,0.5547524,-0.022237122,-4.0084767
28e38494bf9e305,4124,1,0.065894455,0.09944648,0.03355203,33.738777,0.065894455,0.09944648,0.03355203,33.738777
e13cf2aee86ba53,2035,7,0.03598789,0.069489084,0.033501193,48.210728,0.020856526,0.06492167,0.044065144,67.87432
a06aadf06d86c3c,1273,6,0.110220514,0.14371,0.033489488,23.303518,0.17260881,0.2291981,0.05658929,24.690123
72ed4660b95507b2,285,10,0.04375577,0.07709915,0.033343382,43.247406,0.069392756,0.06241423,-0.0069785267,-11.180986
3fc8f9b192e34e68,6693,6,0.10759001,0.14084634,0.03325633,23.61178,0.13691479,0.21296579,0.076051,35.71043
f34bc0f0359c4bd0,2901,80,1.0067121,1.0399683,0.033256173,3.1978066,1.3303443,1.588245,0.2579007,16.238094
bcac006d88f91f3a,347,11,0.19345751,0.22670154,0.03324403,14.664227,0.1340222,0.17437099,0.040348783,23.13962
b1915505a2e4d3d8,3600,76,0.7325813,0.76580244,0.033221126,4.3380804,1.2158277,1.256275,0.040447354,3.2196257
bb74e528e281fe50,2689,1,0.010438261,0.043607645,0.033169385,76.06323,0.010438261,0.043607645,0.033169385,76.06323
ff68e3e54c298b7b,5346,11,0.28186494,0.31500635,0.033141404,10.520868,0.97000974,0.98392975,0.013920009,1.414736
9ace553c4ee7d496,2392,9,0.15307543,0.18614352,0.03306809,17.764837,0.14503269,0.17969136,0.03465867,19.28789
c5d003a8f656a6be,2021,8,0.082233325,0.11526665,0.033033326,28.658182,0.11675233,0.055466685,-0.06128564,-110.490906
b6c3176addc2d3ca,2772,28,0.16666652,0.19964895,0.032982424,16.52021,0.31322905,0.43176386,0.1185348,27.453619
18c73149eb53f39b,5281,6,0.08324251,0.11620162,0.032959104,28.363722,0.18714172,0.16440582,-0.022735894,-13.82913
a87ac885bee25b6d,4347,78,1.553321,1.5861912,0.032870173,2.0722706,3.8983805,3.7621002,-0.1362803,-3.6224525
86636fbf37d49630,1830,27,0.1469978,0.17968105,0.032683253,18.189594,0.3625547,0.44668373,0.084129035,18.834139
7d2ee194e0aed19a,7455,80,2.1157126,2.1483746,0.032661915,1.5203083,5.5883203,5.2823815,-0.30593872,-5.791682
5a9f3a029e872004,2924,2,0.030258145,0.062917724,0.03265958,51.90839,0.04606242,0.10062859,0.05456617,54.225315
7f6c370556ddc115,1375,2,0.14708251,0.17972608,0.03264357,18.162956,0.09669474,0.12250956,0.025814824,21.071682
d170af8ad5941c0d,5692,13,0.10225169,0.13478357,0.032531872,24.13638,0.11008874,0.15343224,0.04334349,28.249273
85426f5ccd460de0,474,6,0.04572076,0.07823949,0.032518733,41.56307,0.034165733,0.05589701,0.021731276,38.87735
40b939d3d9b2457,1580,34,0.61452144,0.6469889,0.032467484,5.0182443,2.7040393,2.8545709,0.15053153,5.2733507
30205b68c1879af4,3360,32,0.2290171,0.26133814,0.03232105,12.367521,0.32193345,0.28957024,-0.032363206,-11.176289
ff0a833b21eabcb,607,15,0.103436954,0.13574868,0.03231173,23.80261,0.20994462,0.29041684,0.080472216,27.709213
8655ec66caa79ee6,319,4,0.050528966,0.08281079,0.032281823,38.982628,0.049586397,0.06875063,0.01916423,27.87499
841503bf38de596c,7655,80,2.2136743,2.2459514,0.032277107,1.437124,4.8304276,4.7624173,-0.06801033,-1.4280632
30cec8821d9904be,1621,24,0.17617817,0.20839374,0.032215565,15.458989,0.31850842,0.30337605,-0.015132368,-4.98799
91b108efe1174a90,130,8,0.034454882,0.06664713,0.032192245,48.302525,0.03573585,0.026288897,-0.0094469525,-35.935143
5b65359d99cd71f8,3245,30,0.13204208,0.16423073,0.032188654,19.599651,0.2858844,0.50884527,0.22296086,43.817024
54ff95f2e7f03057,1660,30,0.19873807,0.2309209,0.032182828,13.936732,1.0696003,0.89867157,-0.17092878,-19.02016
ae818afdfbe1b280,1449,36,0.23902392,0.2711077,0.03208378,11.83433,0.48942858,0.5706272,0.08119863,14.229716
c2d09a206583f993,3333,77,0.34140247,0.37343663,0.03203416,8.578205,0.4079354,0.68735623,0.27942082,40.65153
efce78781df766f2,3542,4,0.047830597,0.079862595,0.032031998,40.108887,0.07544222,0.111079425,0.035637207,32.082634
19b92437ffe94943,3525,80,4.063906,4.0959044,0.031998158,0.7812233,8.905372,8.610372,-0.29500008,-3.4261014
2b36f46b628087e0,4785,4,0.1479448,0.17993607,0.031991273,17.779245,0.149002,0.21982759,0.07082559,32.2187
9a6209b003bddd31,326,1,0.035875186,0.06783739,0.0319622,47.115906,0.035875186,0.06783739,0.0319622,47.115906
3d74645b0783f9ea,9419,11,0.15492481,0.18686686,0.031942055,17.093483,0.29013896,0.3722579,0.08211893,22.059689
24836bd9c462564e,4468,4,0.042709075,0.07456049,0.03185142,42.718895,0.06606982,0.0981112,0.03204138,32.65823
33aeec060409e79b,2839,7,0.5490989,0.58088315,0.031784236,5.4717093,0.19049978,0.3271867,0.13668692,41.77643
f898baf73c41edd5,3043,7,0.03247077,0.06423282,0.03176205,49.44832,0.05799779,0.06730991,0.009312119,13.834693
2734a0bafb479738,5176,17,0.05347091,0.085147835,0.031676926,37.20227,0.14306974,0.15417631,0.011106566,7.2038083
4a8fa5463c395732,4681,67,0.54195094,0.5736098,0.031658888,5.5192375,1.0649257,0.91489124,-0.15003443,-16.399155
76a575889430e7df,7173,3,0.05667026,0.08819783,0.031527568,35.74642,0.017912753,0.05841712,0.040504366,69.33647
44715a498a6717ad,5284,24,0.10538467,0.13689336,0.03150869,23.01696,0.20923436,0.3714463,0.16221195,43.67036
7a021f7a5ef6268d,3599,6,0.039576583,0.07108446,0.03150788,44.324566,0.09204587,0.1093074,0.017261527,15.791728
39281d5e987af946,3204,32,0.34576654,0.37725285,0.031486303,8.346207,0.93228185,0.7431108,-0.18917108,-25.456646
8ec7bd7a541a60a5,441,14,0.08137457,0.112754576,0.031380005,27.830359,0.15130939,0.23596573,0.08465634,35.87654
140fca52e29b6ec1,807,12,0.042559575,0.07390674,0.031347167,42.41449,0.056571655,0.068375506,0.0118038505,17.263273
f03899a214c72f2c,2641,14,0.3867314,0.41806504,0.031333655,7.4949236,0.34703162,0.37715167,0.030120045,7.986189
4cf1df87be39d6d4,539,13,0.07103272,0.102221854,0.031189136,30.51122,0.23970582,0.12364319,-0.116062626,-93.869
53bbec0ff26964cf,99,1,0.020229155,0.051397383,0.031168228,60.641663,0.020229155,0.051397383,0.031168228,60.641663
41adc79917857da,3403,8,0.07078782,0.101932175,0.031144358,30.554003,0.10279451,0.16107361,0.058279097,36.181656
488063859bb1d383,4514,2,0.06628993,0.09742807,0.031138137,31.960129,0.070804566,0.12392752,0.053122953,42.866146
269d82b9b567fe1f,3471,11,0.041315738,0.07236499,0.031049255,42.906456,0.028127076,0.14159335,0.11346628,80.135315
133b2491a3c4b395,146,5,0.08650179,0.117542006,0.031040214,26.407763,0.043307442,0.22165307,0.17834564,80.46161
6322008074d4de46,120,5,0.08000821,0.11100191,0.0309937,27.921772,0.065115675,0.06368749,-0.0014281869,-2.2424922
975048d824e786e,919,47,1.2022473,1.2332228,0.03097558,2.5117586,2.998977,3.1496189,0.15064192,4.7828617
48d6bb0aecc6afa,2805,21,0.13548996,0.16639736,0.030907407,18.574457,0.37340012,0.31927258,-0.054127544,-16.953396
ef1bef2566e77adc,585,7,0.0633117,0.09420895,0.030897245,32.79651,0.05130672,0.11779829,0.066491574,56.44528
df5b3ccc58192980,6060,78,1.025646,1.0565418,0.03089583,2.924241,1.3620038,1.3620082,4.4107437e-06,0.00032384117
aea0461538685807,2315,9,0.42096126,0.45185006,0.030888796,6.8360724,0.42264748,0.5997376,0.17709011,29.527933
8a650e76e8a635ae,3619,31,0.13275892,0.16357775,0.030818835,18.84048,0.74324894,0.59787345,-0.14537549,-24.31543
5d13992e8fea9393,2467,4,0.067353606,0.09812416,0.030770555,31.358797,0.05455538,0.059372652,0.0048172735,8.113624
41bec3602af3d314,1812,6,0.1054532,0.13622312,0.030769922,22.587885,0.03930588,0.12363837,0.08433249,68.20899
2dea913e34d0deb3,1881,6,0.055529922,0.08625498,0.030725054,35.621197,0.1214145,0.1679801,0.046565607,27.720907
94a687df5c64f16b,6767,2,0.0438193,0.074536175,0.030716874,41.210693,0.060273446,0.049887747,-0.0103857,-20.818136
d37e9971e4cee67a,852,1,0.05168521,0.082347445,0.030662235,37.2352,0.05168521,0.082347445,0.030662235,37.2352
bcd92a9438176713,4549,2,0.009306654,0.03989994,0.030593287,76.67502,0.016286211,0.041073713,0.024787502,60.34882
7f4dd7abf499ecd2,4341,80,0.6016503,0.63220704,0.030556738,4.8333435,2.193763,1.6177737,-0.57598937,-35.60383
882fa37f314b08ef,1820,41,0.19393916,0.22446391,0.030524746,13.598955,0.6843164,0.37451044,-0.30980596,-82.72292
97d14651fa93712b,7716,21,0.15521052,0.18569091,0.030480385,16.414581,0.33345357,0.2932697,-0.040183872,-13.70202
f68513cb1faae785,107,6,0.051624667,0.08209726,0.030472595,37.117676,0.035944473,0.10955714,0.07361266,67.19111
336a85ef8759c4f0,1010,8,0.050110187,0.08057944,0.03046925,37.812687,0.06070774,0.0916741,0.030966356,33.778744
92f8e0b1ea69e67e,444,14,0.06723583,0.09753134,0.030295514,31.062338,0.08479802,0.16727749,0.08247946,49.306973
a61afa848e8f9501,3848,15,0.1327551,0.16301145,0.030256346,18.560871,0.3263823,0.4214283,0.095045984,22.553299
c82b648550a96192,4020,4,0.07650693,0.10666102,0.030154094,28.27096,0.12750056,0.17209767,0.044597104,25.913834
bc5d1eb8bbdabd4e,178,8,0.027733568,0.057853736,0.030120168,52.062614,0.03633689,0.008799441,-0.02753745,-312.94543
f52476ccd45b9580,4544,24,0.069297254,0.09941435,0.030117095,30.294514,0.24367191,0.26189223,0.01822032,6.9571824
35f4e42278fc3e4d,4890,79,3.17919,3.2092469,0.030056953,0.93657345,6.9651465,7.2437243,0.2785778,3.8457816
e230b8ac15854a0b,800,22,0.24700207,0.2769998,0.029997736,10.829515,0.40694752,0.5101797,0.103232175,20.234472
ea97ba3d804df0ee,4033,3,0.07909685,0.10895536,0.029858515,27.404356,0.13213964,0.15022904,0.018089399,12.041213
2498812feac8a706,3798,27,0.17578058,0.20562437,0.029843792,14.513742,0.2135296,0.21296686,-0.00056274235,-0.2642394
256c8a6d6bbf1919,2809,2,0.0693513,0.09919232,0.02984102,30.084002,0.030246107,0.06916821,0.0389221,56.27166
d008d7ec7c1d8a1c,3834,5,0.033575315,0.063382186,0.029806871,47.027206,0.01133649,0.024292165,0.012955676,53.332733
2d8b837f8772d4dd,5491,80,0.43399733,0.46379814,0.029800802,6.425382,1.1641859,1.1662925,0.0021066666,0.18062934
a6451582b3cb6328,733,18,0.047875024,0.0776683,0.029793277,38.359634,0.0454423,0.17032164,0.124879345,73.31972
3a2d995ab13fdd31,2506,32,1.5548376,1.5846206,0.02978301,1.8795041,3.5012963,3.5702531,0.06895685,1.9314276
9e1b2e70156b653d,789,16,0.08544222,0.11520488,0.029762655,25.834545,0.12232433,0.14072025,0.018395916,13.072686
7593d591617823d4,1896,8,0.060553238,0.09027162,0.029718384,32.92107,0.05106276,0.090146095,0.039083336,43.355553
fb583627cfee0913,1939,20,0.113226354,0.14291018,0.029683828,20.77097,0.2676151,0.2853009,0.0176858,6.198999
bc26555437c93b2,94,3,0.11499242,0.14457889,0.029586472,20.463894,0.13282686,0.18853284,0.05570598,29.547096
577445013dfc303c,4579,23,0.08412398,0.113708064,0.029584087,26.01758,0.10644531,0.21110302,0.10465771,49.576603
ff98da6688e8e5f8,7917,16,0.17405008,0.20340788,0.029357806,14.432974,0.06721331,0.15850425,0.091290936,57.59526
2edc07c2c99350b1,1578,5,0.047218326,0.07656978,0.029351454,38.332947,0.03763331,0.045042623,0.007409312,16.449556
a17710dca4f5869b,4132,3,0.059921905,0.08926319,0.029341288,32.870533,0.10027161,0.10872198,0.008450367,7.7724547
f96cf1c5cec728bc,4246,80,0.9529127,0.98223364,0.029320955,2.9851305,2.9850795,3.1894891,0.2044096,6.4088507
3ac22ac35c694c9f,320,4,0.11187945,0.14119852,0.029319063,20.764427,0.17349452,0.21271908,0.039224565,18.439608
dd14af74eb556954,361,21,0.11046487,0.13976912,0.029304251,20.966185,0.15416297,0.4040119,0.24984893,61.841972
d25078677df2f3fe,7294,5,0.05708111,0.086381346,0.029300235,33.919632,0.120070785,0.11873821,-0.0013325736,-1.1222786
2f54d57bb8156e91,4796,79,2.18737,2.2166584,0.029288292,1.3212813,6.25763,6.19757,-0.060060024,-0.9690899
d2157d11550d80ba,4831,12,0.079733945,0.10898897,0.029255025,26.84219,0.233087,0.28106436,0.047977358,17.069883
16952304d70f9460,6160,80,1.5611441,1.5903966,0.02925253,1.8393228,4.1803756,4.4658976,0.28552198,6.393384
8521f288be47d3db,1296,6,0.12343422,0.15255663,0.029122405,19.089571,0.14956737,0.23409449,0.08452712,36.10812
ba2fa23812ac17c6,2210,3,0.16323675,0.19231057,0.02907382,15.118159,0.23972525,0.25609642,0.016371176,6.3925824
98e6381307b5eac8,3356,25,0.2364061,0.26541376,0.029007658,10.929222,0.27980742,0.42658934,0.14678192,34.40825
5254be01ad23aebc,465,22,0.6186771,0.6476403,0.028963208,4.4721136,1.537255,1.2546716,-0.28258348,-22.522507
da7a7583b18124d0,1915,11,0.058941603,0.08790227,0.028960668,32.946438,0.13474882,0.05921706,-0.07553175,-127.55066
e1a1eec5f8a897af,1233,9,0.031637803,0.060585618,0.028947815,47.78001,0.024921484,0.107243426,0.08232194,76.76176
8268c83f2320575e,229,71,3.0055127,3.034453,0.0289402,0.9537205,7.821649,8.0023,0.18065119,2.2574906
c1881274a213adba,2929,3,0.03434748,0.0632445,0.028897021,45.690964,0.05175623,0.11211964,0.06036341,53.83839
26578ac9667784a0,4170,3,0.052012432,0.08082523,0.0288128,35.648273,0.07602815,0.11875183,0.042723678,35.97728
22a2df8b84ea4c9c,1848,3,0.05658589,0.08534735,0.028761458,33.6993,0.038629998,0.08016925,0.041539256,51.81445
7d3733054c981870,3427,6,0.088819236,0.11747789,0.02865865,24.394932,0.21658906,0.22253469,0.005945623,2.6717734
ff1a0b066364795a,4782,9,0.34215906,0.37077597,0.028616905,7.7181125,0.2207893,0.21267174,-0.008117557,-3.8169417
199f29b6c8df1a17,2029,8,0.098513566,0.12698215,0.028468587,22.419361,0.15029646,0.18379249,0.033496022,18.224915
918b9866e9343202,4496,79,0.7403142,0.76874685,0.028432667,3.6985736,1.5287321,1.3646272,-0.16410482,-12.025615
31b1026f9d2a87d9,449,10,0.60872185,0.6371078,0.028385937,4.455437,0.19644982,0.25306538,0.05661556,22.37191
bdce3b2ab540632f,2046,11,0.08344986,0.11180417,0.02835431,25.36069,0.08224061,0.14048676,0.05824615,41.460243
4306478892cccd86,2220,80,2.4881098,2.5164585,0.028348684,1.126531,8.192915,7.577853,-0.61506176,-8.11657
15c6d93e9c33f40a,6540,80,0.5122217,0.540553,0.02833128,5.241166,0.43277398,0.6508357,0.21806172,33.50488
ea56379a36365e4b,3243,7,0.03811139,0.06632553,0.028214142,42.538887,0.06412411,0.102416895,0.038292788,37.389133
800dfd7d2d267593,932,27,0.21048059,0.23869203,0.028211445,11.819181,0.5734,0.7046135,0.13121349,18.622051
4032250e2d804ace,578,13,0.08539473,0.113458164,0.028063431,24.734608,0.10171058,0.06111323,-0.04059735,-66.429726
dd3b45a280f607e8,633,3,0.06039266,0.08843642,0.028043758,31.710646,0.0741594,0.089027055,0.014867656,16.700155
88d6f351936a7424,6169,20,0.29750654,0.32551813,0.02801159,8.605232,0.56012136,0.5745392,0.014417827,2.5094593
e7c5fc1f5cb6aa8c,3143,80,0.6115242,0.63948464,0.02796042,4.3723364,2.7569337,2.2556539,-0.50127983,-22.22326
e402b6f56f4d85aa,1726,11,0.24870883,0.27662113,0.027912304,10.090445,0.54975027,0.4522647,-0.09748557,-21.554981
cfe8c6cf043fc06a,7600,32,0.12983495,0.15773067,0.027895719,17.685665,0.29749197,0.42819098,0.13069901,30.523533
19146d7cdac8c5e,193,2,0.02038728,0.04827472,0.027887437,57.768204,0.029055811,0.054477833,0.025422022,46.66489
f23d38c7dbf1c48e,4289,5,0.124846235,0.15272519,0.027878955,18.254326,0.19968246,0.11833551,-0.08134695,-68.74264
4d7ce8bc7ec577e0,1570,1,0.06427197,0.09213483,0.027862862,30.241398,0.06427197,0.09213483,0.027862862,30.241398
7b5ad85f5328d691,186,4,0.053140905,0.080976315,0.02783541,34.374756,0.080840066,0.16439223,0.08355217,50.824886
e44c274b99ea91c,6567,80,0.09290616,0.120708786,0.027802624,23.032808,0.3157923,0.25212386,-0.06366843,-25.252836
6ff6b8feb20c9dfe,6617,25,1.6508651,1.6786636,0.027798533,1.6559919,3.3783462,3.3087304,-0.06961584,-2.1040046
6a7f0694a72d8e27,2775,8,0.3013261,0.3290953,0.027769208,8.438045,1.1321077,1.1708231,0.038715363,3.306679
ed4cc692d3fb71e3,5971,23,0.41666076,0.44431975,0.027658999,6.2250214,1.1083044,1.1557195,0.047415137,4.102651
311f78422f58e094,5337,5,0.12094025,0.1485582,0.027617946,18.590658,0.18056045,0.21068847,0.030128017,14.299793
df583be2510a3870,4811,3,0.06954872,0.09715992,0.027611203,28.418306,0.07815704,0.10450816,0.026351124,25.214418
89e24f93985eb29,9703,5,0.11738908,0.14497888,0.027589798,19.03022,0.21953315,0.24966577,0.030132622,12.069184
f3c8f0d4ce35067e,563,9,0.09200693,0.11958807,0.02758114,23.063456,0.15405859,0.09242875,-0.06162984,-66.678215
799fb8763e61ac0,3774,2,0.030321289,0.057895575,0.027574286,47.62762,0.03859739,0.03644535,-0.0021520406,-5.904843
54272c99b391cfb,1044,3,0.03679124,0.06435611,0.027564872,42.831787,0.030169154,0.050957594,0.02078844,40.795567
778d9a072d7f84cd,1339,1,0.13450071,0.1619903,0.027489588,16.969896,0.13450071,0.1619903,0.027489588,16.969896
767a817258f54a5c,4886,12,0.04341611,0.07089909,0.027482983,38.76352,0.057287272,0.048248515,-0.0090387575,-18.733753
cb9e4783b365c48d,5847,8,0.05261619,0.08003572,0.027419526,34.259113,0.063352965,0.07252662,0.009173654,12.648672
a874319ee8a97dbd,389,11,0.08162848,0.1090363,0.027407818,25.136417,0.121958934,0.21092577,0.08896684,42.17922
fb905ae3b5993446,2251,10,0.06756665,0.09493975,0.027373105,28.83208,0.14355136,0.22009301,0.07654165,34.776955
45a270533247f8e3,3164,4,0.09121308,0.11858292,0.027369842,23.080763,0.13866499,0.13170408,-0.0069609135,-5.285268
b318df13a6d51b01,6461,6,0.051597584,0.07892697,0.027329389,34.62617,0.1258657,0.052274037,-0.073591664,-140.78052
87e18cb6c77af63e,2329,53,0.15131271,0.17859434,0.027281627,15.275751,0.10586698,0.19438562,0.088518634,45.537643
5952b0dc3b02af22,6728,1,0.018873291,0.046132244,0.027258953,59.08872,0.018873291,0.046132244,0.027258953,59.08872
d87b48bd0bff44b9,1513,8,0.1718394,0.19906755,0.027228147,13.677843,0.4024949,0.313591,-0.088903904,-28.350273
878b3950364f7fa7,988,1,0.10876558,0.1359221,0.027156524,19.979475,0.10876558,0.1359221,0.027156524,19.979475
55eacf576c965772,1190,6,0.07614229,0.10324845,0.027106158,26.253334,0.02869769,0.10715695,0.078459255,73.21901
90269b8f389098c2,4048,9,0.15233871,0.17941669,0.027077973,15.092227,0.1775317,0.15641204,-0.02111967,-13.502586
167e12d6cd6db37b,1321,4,0.033560473,0.06052624,0.026965767,44.552193,0.014437363,0.04456486,0.0301275,67.60371
43ac00b94f45ce1c,985,4,0.040916085,0.06784765,0.026931562,39.69417,0.06454923,0.059655424,-0.004893806,-8.203455
eece7d2dc7a9e5e8,1181,80,0.47404414,0.5009465,0.026902378,5.3703094,2.1558893,1.6423755,-0.5135138,-31.26653
cbdda29d47443901,3186,1,0.04814525,0.07502907,0.026883818,35.831203,0.04814525,0.07502907,0.026883818,35.831203
ad37ddf67adf26eb,3108,6,0.29545996,0.32233152,0.026871562,8.336622,0.42907283,0.5236858,0.094612986,18.066746
f1b04c96d5e192e2,529,2,0.05594872,0.082791775,0.026843056,32.42237,0.06900466,0.08043374,0.011429079,14.20931
17ca5d8d45143266,5123,80,1.4764249,1.5032463,0.026821375,1.7842302,0.77762985,0.70140904,-0.07622081,-10.866814
27503d7b6d7a0606,3652,12,0.19347511,0.22022106,0.026745945,12.145044,0.2905941,0.29102987,0.00043576956,0.14973362
371dc0a52a48776f,3615,4,0.045767106,0.07250125,0.026734143,36.874043,0.06460507,0.06610488,0.0014998093,2.268833
5d6a9954dd8c004f,1177,1,0.045304082,0.072037645,0.026733562,37.110542,0.045304082,0.072037645,0.026733562,37.110542
1983eb62d81e0dfb,6912,8,0.08137072,0.10804288,0.026672162,24.686646,0.01484648,0.17419122,0.15934475,91.47691
665866360c977014,208,80,0.24344356,0.2700187,0.026575133,9.841961,0.40817848,0.42464536,0.016466886,3.877797
a8dc922be189af90,5311,72,0.7151673,0.74164915,0.026481867,3.5706732,1.9897003,2.0285149,0.038814545,1.9134464
a1aa69b4d824bc7b,2849,80,0.48796606,0.5143091,0.026343048,5.1220264,2.840749,2.4258764,-0.41487265,-17.10197
c91674008d82285e,3363,2,0.066021815,0.09232563,0.026303813,28.490261,0.0830595,0.093537405,0.010477908,11.201838
a19fa77fbe6fab06,3775,36,0.22586846,0.25217202,0.02630356,10.4308,0.56635964,0.6358346,0.069474936,10.926574
576de17dae6b07d6,2176,16,0.3295016,0.35578832,0.026286721,7.3883033,0.6223554,0.5743798,-0.0479756,-8.3525915
f205540ec53e8aea,2314,2,0.063614935,0.08987519,0.026260257,29.218582,0.05655968,0.093035415,0.036475737,39.206295
20744696d3242752,2041,3,0.09213088,0.118303336,0.02617246,22.123178,0.13793637,0.12722582,-0.010710552,-8.418537
b3ef6831d2478e89,6471,80,1.8964975,1.9225597,0.02606225,1.3556015,4.909629,5.04993,0.14030123,2.7782805
b76631a958d680e1,2477,9,0.038708314,0.06475749,0.026049174,40.22573,0.08219249,0.06784914,-0.014343351,-21.140064
1b157195cbf1654a,6258,3,0.024382958,0.05036831,0.02598535,51.590675,0.053565025,0.06885155,0.015286528,22.202154
9cf8d59791bdd81a,4426,25,0.121453285,0.14743763,0.025984347,17.623959,0.27940577,0.18877937,-0.0906264,-48.00652
f342b4975fea1a0f,2714,5,0.15849915,0.18444625,0.025947094,14.067565,0.17495075,0.24646582,0.07151507,29.01622
74393b5254d1775d,4052,8,0.14403878,0.16996507,0.025926292,15.253894,0.15740918,0.17817649,0.020767316,11.655475
1350abaa358b6f2a,25,1,0.045958783,0.07184509,0.025886308,36.030727,0.045958783,0.07184509,0.025886308,36.030727
f625228f7a2b9d72,719,13,0.2501604,0.27604082,0.025880426,9.37558,0.41881582,0.48855168,0.069735855,14.273998
b8fa8ef0d698441b,8380,15,0.06583281,0.09167048,0.025837675,28.185379,0.15688956,0.11758381,-0.039305747,-33.427856
248b89b89d158218,669,1,0.025168993,0.050924245,0.025755253,50.57562,0.025168993,0.050924245,0.025755253,50.57562
6a967a28a95b8ccb,1020,16,0.15143076,0.17708541,0.025654659,14.487166,0.19908422,0.38572899,0.18664476,48.38754
dafeb62ced605e40,2867,41,1.4594188,1.4847119,0.025293112,1.7035704,3.8899195,3.7738543,-0.116065264,-3.0755098
5c93d57aea504b3b,195,6,0.50854415,0.5338132,0.025269032,4.733684,1.1327044,1.1868289,0.054124475,4.560428
8e8b043d13d5797b,3233,10,0.06740521,0.09261378,0.02520857,27.219027,0.040039062,0.05150152,0.0114624575,22.256542
c6b525f16b6bf5e,951,4,0.08137137,0.10657427,0.0252029,23.648205,0.044409957,0.099217996,0.05480804,55.240017
3337d67ab80cbfeb,5480,42,0.25448605,0.27966717,0.025181115,9.003958,0.24634999,0.56934273,0.32299274,56.73081
2d4fa5ff6072f9b3,904,19,0.17906718,0.2042089,0.025141716,12.311764,0.2671248,0.39856216,0.13143736,32.977882
b700a09f58678d07,1382,11,0.051180854,0.076312415,0.02513156,32.932465,0.13462867,0.0683054,-0.066323265,-97.09812
54ae0324a2579baa,4502,1,0.15356372,0.17868759,0.025123864,14.060219,0.15356372,0.17868759,0.025123864,14.060219
d6749038576f9705,1978,1,0.06301714,0.08809452,0.02507738,28.466448,0.06301714,0.08809452,0.02507738,28.466448
6901a8424f531a51,1438,22,0.14398608,0.1690421,0.02505602,14.822355,0.2542021,0.1487584,-0.1054437,-70.88252
c79ab83edfc8c560,1338,8,0.060220867,0.085216254,0.024995387,29.331715,0.050941214,0.07457767,0.023636453,31.69374
2c9e1adab086830b,1907,7,0.08638247,0.111355916,0.024973445,22.42669,0.2187549,0.20620564,-0.012549266,-6.085802
3b2e9f3e2b5b5b1b,3575,30,0.25484288,0.2797481,0.024905235,8.902736,0.26142472,0.23304537,-0.02837935,-12.177608
f07632137b40fc89,1244,12,0.20160188,0.22648327,0.024881393,10.985973,0.4938874,0.59388244,0.09999505,16.837515
ec0759d7bfc32e65,4666,80,0.641863,0.66667235,0.02480936,3.7213724,2.9947386,2.490873,-0.5038655,-20.228468
5ba520ddaf51ae01,7441,21,0.07219873,0.0969392,0.024740465,25.52163,0.1139904,0.052005965,-0.06198444,-119.18718
6932f78ee15d17dd,611,6,0.06896308,0.0936282,0.024665117,26.343685,0.07969761,0.14793552,0.068237916,46.126793
fece282666731df4,2469,8,0.06332544,0.0879204,0.024594955,27.974117,0.12602244,0.1235692,-0.0024532452,-1.985321
543af178c146f2cc,2355,4,0.042516183,0.06703581,0.024519626,36.57691,0.020151956,0.059275538,0.03912358,66.002914
eb1f72748765c017,4180,41,0.37383968,0.39833915,0.024499476,6.1504064,1.0611241,1.0313778,-0.029746294,-2.8841317
974bf7b3ebac0a53,692,4,0.58327085,0.60775745,0.024486601,4.029009,0.7610839,0.6942125,-0.066871405,-9.6327
b0aa73fceee4f491,7182,16,0.071173884,0.09559837,0.024424486,25.54906,0.16090775,0.18519962,0.024291873,13.11659
392fa54f9d5aee44,2828,9,0.10560013,0.12997328,0.024373144,18.752428,0.08492524,0.13914141,0.05421617,38.964798
8074c36025deb5c2,2586,10,0.04339713,0.067727424,0.024330296,35.923847,0.08245016,0.0755701,-0.00688006,-9.104209
8c049aea5e886392,6369,23,0.17038737,0.19465604,0.024268672,12.467464,0.28597277,0.36454046,0.07856768,21.552528
84ddad0546e7796c,6299,20,0.17191894,0.19607604,0.024157092,12.320268,0.5074338,0.34293768,-0.1644961,-47.96676
7b401ecc9d7facfb,3505,12,0.042809043,0.06696125,0.024152208,36.06893,0.06925046,0.10658437,0.037333913,35.02757
46f8757a338d1891,4646,8,0.045958675,0.06999845,0.024039775,34.343296,0.06440632,0.12215467,0.057748348,47.274776
6da6efd28653b8ff,6784,8,0.10288934,0.1268968,0.024007462,18.918886,0.16188683,0.26370534,0.10181852,38.610714
d7c99870a2aa3097,2122,4,0.04290947,0.06681874,0.023909267,35.78228,0.043170974,0.06028114,0.017110165,28.383944
88eb43687eceb067,2863,80,1.8428205,1.8666925,0.023872018,1.2788404,3.326098,3.7491012,0.4230032,11.282789
39ce2ee63acb8dd4,5386,10,0.0911847,0.11501126,0.023826562,20.71672,0.067331545,0.14938265,0.082051106,54.926796
c63bcdea5d61cdcb,1201,2,0.032480232,0.056290563,0.02381033,42.298977,0.03310385,0.07885789,0.04575404,58.020878
df6f2893fc652eb0,2043,7,0.063092075,0.086804524,0.023712449,27.317064,0.06605628,0.1680358,0.101979524,60.689163
e7358afa110e23db,4430,37,0.05851839,0.08222505,0.023706656,28.831429,0.465456,0.6362177,0.1707617,26.840136
c45b209a75ff4610,3073,5,0.08382052,0.1074605,0.023639977,21.99876,0.08414214,0.14050712,0.056364976,40.11539
6cda7245b815b354,2201,20,0.19157791,0.21517543,0.023597524,10.966643,0.18644689,0.4308607,0.24441381,56.72687
732cf2acd057fadb,5680,18,0.08615442,0.109598406,0.023443982,21.390806,0.074233204,0.092589505,0.0183563,19.825466
8c4213a4d45aadc7,4271,69,0.65380085,0.67721206,0.023411214,3.456999,0.86893773,0.7844478,-0.08448994,-10.770626
1163f6f21bafd424,5352,80,3.496624,3.520031,0.023406982,0.6649653,7.9897113,8.286045,0.2963338,3.5762997
c58e117d819c460d,515,3,0.03593355,0.059339534,0.023405984,39.444168,0.038042877,0.07746456,0.03942168,50.889957
6bd10325f68a1ced,2761,26,0.20534441,0.22873029,0.023385882,10.224217,0.39520505,0.5146147,0.11940965,23.2037
ec295b0365bec987,9262,2,0.05126949,0.07464017,0.02337068,31.311127,0.045505024,0.07357874,0.028073713,38.154655
af040f1ee2d7e481,1970,1,0.04817186,0.07151112,0.02333926,32.63725,0.04817186,0.07151112,0.02333926,32.63725
72dbed2f2643cbfb,4598,14,0.057431288,0.08076061,0.023329325,28.887009,0.08681843,0.026968423,-0.059850004,-221.92624
bcfcc5d4d750a3ba,5467,11,0.13622355,0.15954524,0.023321688,14.617601,0.22714157,0.10353522,-0.123606354,-119.3858
bf4f7846445c3932,1149,2,0.022600576,0.04588658,0.023286004,50.746872,0.02630863,0.06571522,0.039406594,59.9657
de6996c922f9f4ad,4497,3,0.06311379,0.08629572,0.02318193,26.863361,0.085644394,0.16660391,0.080959514,48.594006
96ca26fd28b5f060,1353,80,0.06641355,0.089565486,0.023151934,25.849169,0.13781993,0.12681878,-0.011001155,-8.6747055
637eda04e27137e4,492,34,1.1391299,1.1622697,0.023139834,1.9909177,2.3190227,2.569951,0.2509284,9.763937
5cdd4fc81f080065,307,23,0.32785887,0.35099727,0.023138404,6.5921893,0.69478256,0.8106853,0.11590272,14.296882
7ae8d975958d6e95,5071,80,0.061953552,0.08508728,0.023133725,27.188229,0.11011975,0.10050726,-0.009612493,-9.563979
272022125078d744,5593,17,0.18545218,0.2085256,0.02307342,11.06503,0.31115624,0.4027398,0.09158355,22.74013
96c07ccffb6e7781,5912,1,0.11942071,0.14249219,0.023071483,16.191402,0.11942071,0.14249219,0.023071483,16.191402
68cc5710df1e832f,860,2,0.04716087,0.070195876,0.023035005,32.815327,0.065249525,0.102984816,0.03773529,36.641605
b171623ed8110a3c,5172,5,0.114377655,0.13730326,0.022925608,16.69706,0.24785648,0.2763346,0.02847813,10.305669
1beafcbc885b7d25,4034,30,0.18182135,0.20462427,0.02280292,11.1438,0.38088974,0.57693976,0.19605002,33.981018
b31faf7b6968d876,381,6,0.072909035,0.09554863,0.022639595,23.694317,0.15162815,0.1614874,0.009859249,6.105274
83b8f603c66397d8,1263,8,0.11917187,0.14178436,0.022612482,15.948503,0.20273156,0.18143854,-0.02129303,-11.735671
db07ea09bdf6b1e8,2993,33,0.117950976,0.14038734,0.022436365,15.981758,0.21193783,0.29464495,0.08270712,28.070095
b3f6141ebebdf8ef,4830,2,0.00414984,0.026552644,0.022402804,84.37128,0.0036990528,0.028622039,0.024922986,87.0762
3617a4f2ad49364c,6890,80,0.059455097,0.08153391,0.022078812,27.0793,0.099194,0.08505498,-0.014139019,-16.623388
5f5a789689043028,4301,8,0.07768782,0.099717,0.022029176,22.091696,0.040880434,0.20850857,0.16762814,80.39389
66916920d9c4fef6,3396,2,0.10549714,0.12749827,0.022001132,17.256025,0.07971107,0.05467442,-0.025036652,-45.79226
d9fbe38dcf8b8eaf,3723,8,0.1699971,0.19193819,0.021941096,11.4313345,0.51718825,0.5534017,0.036213458,6.5437922
3743f4d57e790bbf,3895,80,0.04420259,0.06611718,0.021914594,33.14508,0.11036569,0.08644404,-0.023921646,-27.672985
fa60b9484f48b6c6,7891,26,0.35575545,0.37749118,0.021735728,5.757943,0.6205709,0.7063472,0.08577633,12.143649
5dc3cc3feb604405,325,10,0.09529166,0.11696321,0.021671548,18.528519,0.20327519,0.14161503,-0.061660156,-43.540688
427249017ef9edf7,7573,6,0.10518829,0.12673937,0.02155108,17.004251,0.17358558,0.20197769,0.028392106,14.057051
61475b3bda51be56,1163,8,0.10401155,0.12553388,0.021522328,17.144636,0.09236682,0.09184361,-0.0005232096,-0.56967443
9956e33f3dfb5ad,2266,14,0.09441714,0.11592542,0.021508276,18.553547,0.42629102,0.41007334,-0.016217679,-3.954824
2d35c6e8c8467c88,3439,27,0.47213688,0.49362606,0.021489173,4.35333,1.3679599,1.2576776,-0.1102823,-8.768726
1eb39ba10a8c47a6,6191,80,1.1282814,1.1497366,0.021455288,1.8661046,2.3744743,2.5742557,0.19978142,7.7607446
aa4cd61a675aee12,1639,14,0.074280776,0.095660165,0.021379389,22.349312,0.097168274,0.04022916,-0.056939114,-141.53691
11c3dd193d2ace06,3855,8,0.12437875,0.14573759,0.02135884,14.6556835,0.2174849,0.27486917,0.057384267,20.876938
d5ecc77dff878423,3617,18,0.113873415,0.13511811,0.021244697,15.723057,0.40236634,0.51930106,0.11693472,22.517712
7718b2c2b058b42c,3076,3,0.044503435,0.065735094,0.021231659,32.298817,0.07177568,0.08496655,0.0131908655,15.524775
3c15168e1add00b1,1772,17,0.06015032,0.08137314,0.021222819,26.080864,0.11257424,0.03379033,-0.078783914,-233.1552
f7f2a1a06da356b,3917,35,0.102362104,0.12354606,0.021183953,17.146605,0.15564936,0.18932787,0.0336785,17.788454
1753f79693c6f40c,6898,72,0.78492564,0.8060699,0.02114427,2.623131,2.821537,2.7095299,-0.11200714,-4.133822
5e159ee2b8a7ad12,4762,17,0.1046181,0.12576044,0.021142334,16.811594,0.21534255,0.27967393,0.06433138,23.002281
3ea22f77a09e4700,2051,80,0.86422443,0.88535964,0.021135211,2.3871894,1.9202335,2.0382223,0.117988825,5.7888107
eea7735fb2925cb8,1955,61,0.10478033,0.12588479,0.021104455,16.764896,0.04973343,0.057675608,0.007942177,13.770427
4a8a80659161dc8a,2214,13,0.068582624,0.08962034,0.021037713,23.474262,0.22664668,0.12136515,-0.105281524,-86.747734
f9b9f85cf8c29fb8,344,5,0.07506075,0.096074566,0.021013819,21.872406,0.058112137,0.08613702,0.028024882,32.535233
1ce21786b8239664,4031,7,0.083041355,0.10405367,0.021012314,20.193727,0.15205018,0.1530972,0.0010470152,0.6838892
d34a8150a952189f,1984,80,0.42823163,0.44923502,0.021003395,4.675369,1.9304475,1.6998942,-0.23055327,-13.562801
b20adb54d674eae9,749,11,0.17285304,0.19376825,0.02091521,10.79393,0.30313477,0.3027433,-0.0003914833,-0.12931198
c8bf0db8d175521b,4612,1,0.15167421,0.17246738,0.02079317,12.056292,0.15167421,0.17246738,0.02079317,12.056292
d3433ec089f5115,3156,7,0.23593219,0.25662827,0.020696089,8.064617,0.8374885,0.7841708,-0.053317666,-6.799241
4fbe743aa14c3cdd,3221,5,0.03256719,0.05321762,0.020650432,38.80375,0.0401461,0.051397257,0.011251155,21.890575
d769123effb2cb2b,500,6,0.031738464,0.052377816,0.020639353,39.40476,0.01620469,0.04242448,0.02621979,61.803444
9a07d650617092f9,1648,80,1.0196502,1.040274,0.020623803,1.9825356,2.3972275,2.5956619,0.19843435,7.6448464
91e6f5fda2f88659,3891,3,0.18822403,0.20865871,0.020434678,9.79335,0.24723402,0.24509433,-0.0021396875,-0.87300575
11df2dc83476f7a,2903,9,0.07242703,0.09284493,0.020417906,21.991405,0.09228935,0.06728544,-0.02500391,-37.16095
d63ddb80a8f0a2a3,1996,43,0.36503902,0.3853985,0.020359486,5.28271,1.4240736,1.2353612,-0.18871236,-15.275886
ef4c5d0e40fdea48,776,1,0.069524154,0.089870706,0.020346552,22.639805,0.069524154,0.089870706,0.020346552,22.639805
bd71015c32840e34,1702,80,0.8449856,0.86532134,0.020335734,2.3500788,1.1176759,1.2485367,0.1308608,10.481134
3e705a157787def5,7051,7,0.0546333,0.07493891,0.020305607,27.096214,0.12171438,0.08111432,-0.04060006,-50.052887
b199cc541ab0c499,8064,46,0.39571464,0.41588348,0.02016884,4.8496375,0.9207335,0.87733287,-0.043400645,-4.9468846
9c762831f131cea3,6202,6,0.10005197,0.120198905,0.020146936,16.761332,0.04082043,0.17056766,0.12974723,76.067894
9d09490e83b9a296,2073,69,0.09602454,0.11601561,0.01999107,17.231361,0.1663693,0.2387557,0.0723864,30.318186
58e7056d097c08b,7859,80,1.0127041,1.0326211,0.019917011,1.9287821,0.33810183,0.7712658,0.43316397,56.16273
a93e7bbff1dafc49,4114,6,0.17177497,0.19163339,0.01985842,10.362714,0.32883382,0.3919306,0.06309679,16.09897
32d2371adeecd512,850,7,0.07008306,0.089941256,0.019858196,22.079075,0.16432859,0.08194949,-0.0823791,-100.52425
65a3335aeae89df2,7867,11,0.18665162,0.20648839,0.019836769,9.606724,0.36465424,0.37887257,0.01421833,3.7528
77bc84f8262c0449,262,3,0.06376669,0.08360053,0.01983384,23.724539,0.086919546,0.08312406,-0.0037954897,-4.5660543
e0eb071204b43c5e,1289,5,0.10590078,0.12567936,0.01977858,15.737334,0.18412255,0.16233599,-0.021786556,-13.420656
ae34cfe66fdc0809,32,4,0.026685791,0.04640733,0.01972154,42.496605,0.020462712,0.041926842,0.02146413,51.194244
c851771c81d2b943,1166,1,0.079477675,0.09902259,0.019544914,19.737833,0.079477675,0.09902259,0.019544914,19.737833
5d7a68b42e93b97d,4633,15,0.10253443,0.12203462,0.019500189,15.979227,0.23721541,0.2735503,0.036334887,13.282707
dbad4d9a7614ef8d,828,56,0.47006574,0.4895614,0.019495666,3.982272,0.9033236,0.7205134,-0.18281019,-25.372213
b8f5c551a4ed0e47,5876,8,0.079238325,0.09871516,0.019476831,19.730335,0.13740239,0.14950837,0.0121059865,8.097197
c73c99843a3c446b,480,3,0.083292924,0.10268396,0.019391038,18.884192,0.15742964,0.18540548,0.027975842,15.089005
60d291d6cd55db80,2270,80,2.2615857,2.28089,0.019304276,0.8463484,6.153682,6.0288916,-0.12479067,-2.0698774
5e34da9b0d27db09,7257,79,2.2776551,2.2969396,0.019284487,0.839573,4.5928707,4.2218027,-0.371068,-8.789327
b4c2bd89e0d8d3e3,2945,8,0.049797315,0.0689911,0.019193787,27.820671,0.10798753,0.1114542,0.0034666732,3.1104016
5c262d6aa5728250,4291,8,0.1779061,0.19708581,0.019179717,9.731658,0.019384213,0.09668462,0.07730041,79.95109
4e4cf17b0d8b0ac6,4162,4,0.15191934,0.17105606,0.019136727,11.187401,0.41953135,0.3539837,-0.065547645,-18.517136
1660addc5b66c542,541,13,0.19157948,0.21064307,0.019063592,9.050187,0.17680097,0.19213681,0.015335843,7.981731
ccc02255d7c6028c,3149,20,0.124702975,0.14367273,0.01896976,13.203451,0.3189783,0.21721245,-0.101765856,-46.850838
e66928b606cfca3a,1598,15,0.1453539,0.16428527,0.018931374,11.523477,0.35168895,0.09095147,-0.26073748,-286.67758
93481368ecf12e3e,2526,34,0.2057789,0.2246946,0.018915698,8.418404,0.4740987,0.5787729,0.10467419,18.085537
f5437ef4b90764df,4487,77,0.079140574,0.09798238,0.018841803,19.229788,0.22312002,0.21271966,-0.010400355,-4.8892303
b8222996232ab40a,4959,80,0.85846865,0.8772672,0.01879853,2.1428514,2.2988892,2.5556722,0.256783,10.047572
5beb1628b936c267,5515,5,0.04268944,0.061473835,0.018784396,30.556736,0.029560177,0.08106057,0.051500395,63.533222
708a32808039182e,2582,2,0.030183844,0.048925713,0.018741868,38.30679,0.030796576,0.043215647,0.012419071,28.73744
f8e67b29b243bf0d,3063,2,0.019980688,0.03868141,0.018700723,48.345505,0.03329679,0.004766998,-0.028529793,-598.48553
a1688104e3ffd229,808,19,0.21730955,0.23599057,0.01868102,7.9160028,0.5706855,0.43615854,-0.13452697,-30.843596
cf637f5445aa3e40,3594,5,0.080075935,0.0987229,0.018646963,18.888184,0.12430091,0.08503527,-0.03926564,-46.17571
bb8bce845e301746,1256,4,0.054001503,0.07263966,0.018638156,25.658375,0.0609385,0.06032672,-0.00061177835,-1.0141084
3109de3bdf8b8a98,4687,37,0.852297,0.8707552,0.018458188,2.1197908,2.1898272,2.143109,-0.04671812,-2.1799228
147408cb4726f588,4172,4,0.06447907,0.08284805,0.018368982,22.171894,0.05855152,0.084866874,0.026315354,31.007803
fd3e655d95b9682f,8011,49,0.3951724,0.41345987,0.01828748,4.4230366,0.6826109,0.69767034,0.0150594115,2.158528
11f17cae6bfa8fa0,3549,18,0.10217962,0.120463334,0.018283717,15.177828,0.15479612,0.053955078,-0.100841045,-186.89816
6c8c2a6e3b473721,3627,78,2.2449684,2.263172,0.018203497,0.8043356,3.8200312,4.00749,0.18745899,4.6777153
63800be2ebf7ce3,7405,80,1.2292482,1.2473857,0.018137574,1.454047,1.733641,1.7849519,0.051310897,2.8746374
58e9642f9179550b,7129,5,0.4717401,0.4898517,0.018111616,3.697367,0.92416483,0.9163916,-0.0077732205,-0.84824216
993439cdd81fc472,660,1,0.069911234,0.08795706,0.018045828,20.516632,0.069911234,0.08795706,0.018045828,20.516632
f83328489b60ba4c,2175,6,0.04123154,0.059265956,0.018034417,30.42964,0.0657066,0.044055175,-0.021651428,-49.146164
2cf7263c91640a69,3653,9,0.2377614,0.25579548,0.018034086,7.0501966,0.7504805,0.96212965,0.21164918,21.99799
4f12329248f6d12e,2769,14,0.05787518,0.07577396,0.017898783,23.621284,0.062892474,0.06752727,0.0046347976,6.863594
25f563fe3706484,5499,59,0.06706063,0.08491227,0.017851643,21.023632,0.13219523,0.19377543,0.061580196,31.779156
841b01ad184b11e0,3978,19,0.022834742,0.040637817,0.017803075,43.80913,0.018992823,0.047252405,0.028259583,59.805595
3a2e5e7b0b0d2a27,1843,6,0.29375032,0.31154233,0.017792016,5.7109466,0.2952487,0.30686602,0.011617333,3.7857997
e8ca318d4b5e9540,3971,21,0.091480054,0.10925052,0.01777047,16.265797,0.019849192,0.014292265,-0.005556927,-38.88066
b3a62af21c341f25,3234,2,0.05728193,0.07493954,0.017657612,23.562475,0.052917868,0.04852337,-0.0043944977,-9.056457
9a2d793e7abd47a6,30,3,0.10342487,0.1210644,0.017639533,14.570372,0.11818449,0.1285583,0.010373801,8.069336
8a9acee5c2c2490d,4392,32,0.113552384,0.13116285,0.017610468,13.4264145,0.38171887,0.27926704,-0.10245183,-36.685974
3c0bb457c089f8b,4946,13,0.05524554,0.07269334,0.0174478,24.001923,0.06840296,0.10002886,0.031625897,31.616774
cb32e44a50f8fcdf,2980,6,0.0510865,0.068475276,0.017388776,25.39424,0.082240246,0.056370586,-0.02586966,-45.892124
169adb5a14e6449a,5260,22,0.1131957,0.13057737,0.017381668,13.311394,0.040618427,0.35019332,0.3095749,88.401146
b8967b28da53afe6,397,2,0.062343184,0.07962498,0.017281797,21.703989,0.02578199,0.08802615,0.062244162,70.71098
345a3b2c4eee3e79,3792,6,0.029544419,0.0468093,0.017264882,36.883442,0.018598104,0.059254922,0.04065682,68.6134
dd7b63a65e72c8de,3327,28,0.25521198,0.27240974,0.017197758,6.313195,0.6265961,0.5560381,-0.07055801,-12.689421
2f1be38b374fe821,1466,13,0.11968972,0.13685381,0.017164096,12.54192,0.066041395,0.19558494,0.12954354,66.2339
9fe06045d2b1f431,1743,13,0.12976186,0.14691257,0.017150715,11.674096,0.12730968,0.124144726,-0.0031649545,-2.549407
f12965becbf1c882,2873,5,0.052253246,0.06929561,0.017042361,24.593712,0.06481462,0.12846623,0.063651614,49.54735
1783ba19da41d5df,4134,80,0.19072135,0.20775203,0.017030686,8.197602,0.31001514,0.28906623,-0.020948917,-7.2470994
163ce8e71554e8ab,3636,15,0.27356032,0.29053923,0.01697892,5.843933,0.41199785,0.496473,0.08447516,17.015057
f0622118fc400805,675,3,0.041819334,0.05878647,0.016967136,28.862316,0.09424713,0.09277344,-0.001473695,-1.5884882
1744cae9fa2d2b5c,2083,9,0.043646272,0.060598154,0.016951881,27.974255,0.06879613,0.032900386,-0.035895742,-109.104324
399f34f997c30c98,3841,80,0.84521306,0.8621462,0.016933143,1.9640687,0.13325427,0.7675639,0.6343096,82.63933
f72a6f715ad15184,4215,1,0.012236293,0.029121382,0.016885089,57.981754,0.012236293,0.029121382,0.016885089,57.981754
e2c5aa91301f0de7,2740,11,0.13287896,0.14967757,0.016798615,11.223202,0.13769017,0.21560933,0.077919155,36.139046
55adb841cd6bc7c0,2146,77,0.76126,0.77799296,0.01673299,2.1507895,1.8946981,1.9469169,0.052218795,2.6821275
b77bc4c7e6930777,7361,68,0.9688629,0.98559326,0.016730368,1.6974922,2.6613464,2.6540086,-0.0073378086,-0.27648023
8f8d4cb36c06973b,5160,7,0.049520347,0.066193186,0.016672838,25.188148,0.043533772,0.0069053397,-0.036628433,-530.4364
924da57de1411ce9,790,80,0.03553445,0.052200556,0.016666107,31.927067,0.094338164,0.071117036,-0.023221128,-32.65199
c1de4371d1e6ea28,4315,14,0.04018225,0.056804787,0.016622536,29.26256,0.069378905,0.07295027,0.0035713613,4.8956113
9a8b571a8d90ce96,8394,80,1.4440789,1.4606816,0.016602635,1.1366361,3.1967218,3.4610255,0.26430368,7.636572
2cd0fb83e5be0b09,51,4,0.058615457,0.07519221,0.016576756,22.045841,0.07436788,0.06992105,-0.0044468343,-6.359794
b9c7801ba5abc770,811,4,0.059713278,0.07614978,0.016436499,21.584435,0.061298262,0.059953302,-0.0013449602,-2.2433465
5c4b088eeafc1128,6875,14,0.05479863,0.07121726,0.016418632,23.054287,0.035944473,0.066720665,0.030776192,46.126926
d75bedb8e6ba847a,5508,32,0.28662813,0.30300313,0.016375005,5.4042363,0.62522286,0.5876275,-0.03759539,-6.3978276
baea7c6d7f6f55a0,2724,2,0.11198963,0.12836127,0.016371638,12.754343,0.044795193,0.12879913,0.08400393,65.22089
41f1ee4ce3013b01,1720,4,0.123843655,0.14018737,0.016343713,11.658478,0.17121418,0.2515857,0.080371514,31.94598
187b3459ce65649b,6712,46,0.20540127,0.22173749,0.016336218,7.367368,0.8039002,0.53645647,-0.26744372,-49.85376
c96ba1359d1e12f2,4540,7,0.12335611,0.13966016,0.016304053,11.674089,0.20825213,0.13381788,-0.07443425,-55.623543
f81ef59e35132d39,5719,39,0.10500906,0.121294305,0.016285248,13.426227,0.19618793,0.29065058,0.09446265,32.500416
56218eff97163c0b,202,7,0.076104455,0.0922824,0.016177945,17.53091,0.14489453,0.063808106,-0.08108642,-127.07856
d22c2bb1454f58bd,7703,18,0.10754137,0.123698816,0.016157448,13.061926,0.29971492,0.26608667,-0.033628255,-12.638083
97011d6a3e6acf59,3187,80,2.6959014,2.7120495,0.01614809,0.5954202,7.5244384,7.4970756,-0.027362823,-0.36497995
32754302146a5584,235,29,0.24955942,0.26564968,0.016090259,6.0569468,0.6441585,0.4261241,-0.21803439,-51.166874
d7e977bb471cc7b8,3782,10,0.3522975,0.36837807,0.016080558,4.365232,0.7105098,0.7499977,0.0394879,5.2650695
6db8767f04b5ee47,3664,5,0.22586212,0.24191268,0.016050562,6.6348577,0.23733461,0.4605725,0.2232379,48.469654
32ba4bf91f49e70,4652,4,0.08783133,0.10380853,0.015977196,15.391025,0.11389236,0.0702176,-0.04367476,-62.199165
bf50d387be696fc,1773,26,0.085568756,0.10153647,0.015967712,15.726085,0.18123285,0.04592716,-0.1353057,-294.60934
6b86f39cbd29a005,4737,80,0.35574687,0.3717007,0.015953839,4.2921195,0.51426613,0.5216773,0.007411182,1.4206449
d317a469b5d69106,2784,80,0.28429902,0.30023828,0.015939265,5.3088717,0.34035128,0.27192837,-0.06842291,-25.16211
719043268fd69cc8,5112,4,0.133843,0.14976731,0.015924305,10.632697,0.18985954,0.18062705,-0.009232491,-5.111356
9bced0b1f640d8b2,6164,3,0.17018618,0.18591847,0.015732288,8.461929,0.24977101,0.3248447,0.075073674,23.110636
d2946a885ef1034b,7876,18,0.18337184,0.19901496,0.01564312,7.8602734,0.25423953,0.28032324,0.026083708,9.304869
2ae5772bbe24f63e,6261,80,1.1987145,1.214303,0.015588522,1.2837423,2.260776,2.479456,0.2186799,8.819674
7e0d40f28f759820,6007,21,0.2676064,0.28317347,0.015567064,5.4973598,0.65213484,0.6235657,-0.028569162,-4.58158
cdb96829abafac92,1912,13,0.19053915,0.20601708,0.015477926,7.512933,0.37412104,0.37736562,0.0032445788,0.8597972
57c789545f38785d,9444,23,0.15505429,0.17049749,0.015443206,9.057732,0.289729,0.24776605,-0.04196295,-16.936523
956ffd6001029904,232,76,0.52834135,0.5436718,0.015330434,2.8197956,0.66137964,0.86175597,0.20037633,23.252096
9b204a9061dd8890,3455,21,0.09060901,0.10589637,0.015287362,14.436152,0.16934,0.13214031,-0.03719969,-28.15166
5e3f583dbafd6563,6392,19,0.19545507,0.21073143,0.0152763575,7.249207,0.13126925,0.15956551,0.028296262,17.73332
3d10c0d2cd3aaae6,2546,28,0.67409694,0.68933064,0.0152336955,2.209926,1.7942859,1.8431594,0.048873544,2.6516178
dab036a6f7f05210,188,1,0.060925685,0.076135874,0.015210189,19.97769,0.060925685,0.076135874,0.015210189,19.97769
fdf5d3cb72658fa1,774,1,0.050048828,0.065202005,0.015153177,23.240355,0.050048828,0.065202005,0.015153177,23.240355
ba1e7b58683bc7d4,8372,29,0.22363052,0.23877446,0.015143946,6.3423643,0.6050623,0.4393283,-0.165734,-37.724407
6cf2b0cd1a831d7a,3663,5,0.045699336,0.060811855,0.015112519,24.85127,0.08230156,0.07950986,-0.0027916953,-3.5111308
3719384f566a17c1,1275,22,0.3975267,0.41258898,0.015062273,3.6506724,0.8381096,0.87721056,0.039100945,4.4574184
421678374ed5d12e,3534,73,0.060399827,0.07538756,0.014987733,19.88091,0.14689071,0.12907098,-0.017819732,-13.8061495
9d9f5b7a29156f76,547,4,0.5062855,0.52126265,0.014977157,2.8732457,0.527935,0.44150347,-0.08643156,-19.576645
7e5c426aef928e0a,1586,14,0.09807,0.113041446,0.0149714425,13.244207,0.1225243,0.08689742,-0.03562688,-40.99878
16bcb115ba1f0a4,3085,3,0.08252671,0.0974151,0.014888383,15.283446,0.11721045,0.16875045,0.051540002,30.542141
3d47daf3654b587d,384,9,0.271029,0.28585765,0.014828652,5.1874256,0.4416765,0.38152766,-0.060148835,-15.765262
8139f09df4a7be3c,5339,5,0.036667384,0.051422406,0.014755022,28.69376,0.055152085,0.06415684,0.009004753,14.035532
a03c0ef459adcd0e,6595,11,0.06655999,0.081218265,0.014658272,18.048,0.028434785,0.043909524,0.015474739,35.24233
2040ffab28c780e0,275,18,0.103280865,0.1179336,0.0146527365,12.424564,0.26803395,0.23600557,-0.032028377,-13.571026
5b5623dca4361067,869,2,0.06466316,0.07920593,0.014542773,18.360714,0.045175295,0.10676094,0.061585646,57.68556
2b686f90bcf7f912,206,10,0.04984174,0.06438063,0.014538892,22.582712,0.15923595,0.1646233,0.005387351,3.2725322
1c724086621fddad,2807,4,0.20988256,0.2244209,0.014538348,6.4781613,0.11738671,0.22108875,0.10370204,46.905163
3ed6fea8e87fd644,5093,41,0.77849466,0.7929644,0.014469743,1.8247658,1.5347242,1.8419598,0.3072356,16.679821
73ba02e7992f1d69,5567,80,0.43819532,0.45263323,0.014437914,3.18976,0.63051176,0.91445315,0.2839414,31.050402
9a911e88e467d6e7,3298,6,0.07372995,0.08816594,0.014435992,16.373661,0.11348003,0.1254394,0.011959374,9.533985
6aa4dfcd6e02c064,3146,53,0.81390625,0.8282361,0.014329851,1.7301649,4.254626,4.3604965,0.10587072,2.427951
661e8f2757940444,2336,8,0.065293245,0.07960415,0.014310904,17.977585,0.117402956,0.12865818,0.01125522,8.7481575
26529d73e1e46af4,1856,14,0.09153038,0.10577768,0.014247298,13.469097,0.18971989,0.16233644,-0.027383447,-16.86833
fd3164a8d4f473e1,5805,33,0.3291623,0.34326982,0.014107525,4.109748,0.80632234,0.79299176,-0.013330579,-1.6810488
95bf5c49f3fda07b,2174,13,0.20543273,0.21953,0.014097273,6.4215703,0.41777962,0.4280796,0.010299981,2.40609
ddcf3d0f2e527d22,877,11,0.4149067,0.4290018,0.014095098,3.2855566,0.3549244,0.3989287,0.04400429,11.030616
21a20ab46425d2ee,873,13,0.183179,0.1972737,0.014094695,7.144741,0.38217422,0.3189669,-0.06320733,-19.816265
17bfe83fc95fa23e,6058,13,0.26277426,0.2768541,0.014079839,5.0856533,0.5433559,0.5581601,0.014804244,2.6523292
94e5f56aba471b98,3394,19,0.2769525,0.29102764,0.01407513,4.836355,0.40953642,0.48328128,0.07374486,15.259202
53b0e55d396f6559,6081,80,1.9641386,1.9781742,0.014035583,0.70952207,4.7224703,4.7757754,0.05330515,1.1161569
ef6860d1282c406c,3259,13,0.17646275,0.19046664,0.014003888,7.3524094,0.30649132,0.32148972,0.014998406,4.665283
e71ea6cc9af97526,7493,11,0.03256676,0.046536423,0.0139696635,30.018774,0.04751421,0.07612736,0.028613146,37.58589
42043390921d05da,5763,65,0.057223536,0.0711283,0.013904765,19.54885,0.13138305,0.09347494,-0.037908107,-40.5543
9df4da3208294a59,2791,6,0.18153481,0.19539626,0.013861448,7.094019,0.3534621,0.32362118,-0.029840916,-9.220941
bb70f7bc56f8f910,9414,2,0.064206064,0.078019306,0.013813242,17.704903,0.07932514,0.060586732,-0.018738408,-30.928236
2f42986bcd843cec,7520,4,0.036646355,0.050424755,0.0137784,27.324673,0.051914196,0.05956881,0.0076546147,12.850038
327fd555ff6514be,3168,22,0.14562063,0.15939581,0.013775185,8.642124,0.30995885,0.31645343,0.0064945817,2.0523024
7418feec0adf2b2a,7970,7,0.08047243,0.094164684,0.013692252,14.540751,0.08159042,0.05293327,-0.028657153,-54.138268
5873e1d02d6c86af,3214,40,0.42347622,0.4371415,0.013665289,3.1260562,0.6673621,0.9778897,0.31052762,31.754871
eb2e689ca1fdb0cf,3192,47,0.27837765,0.29202056,0.013642907,4.6719,1.4083349,1.3009486,-0.10738623,-8.254456
aaf9ef4039873396,225,4,0.055869825,0.069482654,0.013612829,19.591694,0.050790638,0.051462736,0.00067209825,1.3059901
6fc0ee1606cbc085,3892,10,0.14494003,0.1585342,0.013594165,8.57491,0.40966368,0.35562676,-0.054036915,-15.1948395
332ca6a33e1d1bda,2333,7,0.04795292,0.061462313,0.013509393,21.979961,0.018652232,0.108851045,0.090198815,82.86445
3766becf3d09a28,1831,36,0.14339426,0.15685177,0.013457507,8.579761,0.5256136,0.1435715,-0.3820421,-266.09885
824fd0353a0e0532,3880,2,0.02690396,0.040304575,0.013400614,33.24837,0.030289184,0.052815694,0.02252651,42.65117
2b5578f7e66fec32,4684,80,0.57070196,0.58409727,0.013395309,2.2933354,0.7744884,0.9885858,0.21409744,21.656939
8dfefbaed04192fb,8496,80,0.057706036,0.07109804,0.013392001,18.835964,0.100546986,0.11863608,0.018089093,15.247547
c01ee2404a99bdb3,1441,11,0.062317394,0.07551526,0.013197869,17.477087,0.123387426,0.1627199,0.03933248,24.171892
ca0bce8131343382,3065,9,0.1254361,0.13862422,0.013188124,9.513578,0.3463663,0.4223506,0.0759843,17.99081
817b3fa87cee3f43,4376,4,0.041746337,0.054907642,0.013161305,23.969898,0.022777155,0.045971103,0.023193948,50.453323
470efab91a9a0a75,6909,10,0.074860945,0.08801587,0.013154924,14.946082,0.1246507,0.22328125,0.09863055,44.173233
54a564f1af9f7c68,1499,64,0.07001504,0.083153084,0.013138041,15.799824,0.19025488,0.09377575,-0.09647913,-102.88281
37b9bb754f6709cc,4305,1,0.018232075,0.03131468,0.013082603,41.777863,0.018232075,0.03131468,0.013082603,41.777863
97e0175f4e4c927f,401,33,0.055311628,0.0683814,0.013069771,19.11305,0.093847856,0.036215197,-0.05763266,-159.13943
c1895d0a315f9940,5689,4,0.053533956,0.06657452,0.013040565,19.587921,0.036958084,0.032639146,-0.0043189377,-13.232386
a8f8eb883c0eb063,1826,22,0.24757081,0.2604666,0.012895793,4.951035,0.61507136,0.6137448,-0.001326561,-0.21614212
ad3515e9a130a552,5605,29,0.065063946,0.07795669,0.012892745,16.538343,0.032601915,0.15527344,0.12267152,79.00355
a6ae232851664271,1533,2,0.066401586,0.07919262,0.012791038,16.151804,0.06177283,0.09207869,0.030305862,32.913002
63257f74c4f2c38,5354,80,0.0438165,0.056585602,0.012769103,22.565994,0.08459297,0.08385173,-0.0007412359,-0.883984
5d76313a4b7f73e1,1870,5,0.16654411,0.17929849,0.012754381,7.11349,0.21866578,0.25011912,0.03145334,12.575345
2aca5389977e471b,1121,21,0.07161299,0.08436452,0.012751527,15.1147995,0.14519964,0.17643988,0.03124024,17.705883
fcae9e5cce9b8e01,1574,1,0.08633884,0.09900677,0.012667932,12.795014,0.08633884,0.09900677,0.012667932,12.795014
ec84ff146e0dfed2,765,2,0.06578115,0.0784033,0.012622155,16.09901,0.107319735,0.07188356,-0.035436176,-49.296635
22d2975a603cb6a,2095,4,0.17327905,0.1858999,0.012620851,6.7890577,0.2135649,0.25227436,0.03870946,15.3441925
7fd809f25e8f7738,4739,5,0.21481058,0.22742394,0.012613356,5.546187,0.26819944,0.34575358,0.07755414,22.430464
951f760be9492890,3544,17,0.07332812,0.08582972,0.012501597,14.565581,0.20530353,0.048603,-0.15670054,-322.4092
81d165f0f672676c,2912,16,0.03739965,0.04984328,0.012443632,24.965515,0.047606796,0.05600367,0.008396875,14.993437
b7b362c87c7e2a51,3674,80,1.041745,1.054127,0.0123820305,1.1746242,4.227113,4.11217,-0.11494255,-2.7951798
7257d440c9ec5f65,7680,80,0.03869333,0.051014565,0.012321234,24.152384,0.09538879,0.083605334,-0.011783458,-14.094147
f76270da1bbfb046,2471,3,0.18189926,0.19421403,0.012314767,6.3408227,0.21493481,0.21179083,-0.003143981,-1.4844747
5ed51163086f4b08,5531,80,0.74963653,0.761937,0.012300491,1.6143712,1.4397271,1.2148862,-0.22484088,-18.507156
530a84ff7f6b525b,1072,9,0.15988347,0.17206223,0.012178764,7.0781155,0.35512012,0.27115923,-0.08396089,-30.963686
73e488c1a8e05ea2,2059,6,0.14172016,0.1538743,0.012154132,7.8987412,0.16424468,0.15399648,-0.010248199,-6.6548266
d0ab6efcdcdf0d3a,8077,15,0.08584061,0.09790854,0.012067929,12.325716,0.12174174,0.12694186,0.005200118,4.096456
f5c14401e98f1be8,2589,80,0.5765764,0.5885557,0.011979282,2.0353694,0.73905224,0.86205,0.12299776,14.268054
382bf7cb177593e0,7761,30,0.103195764,0.11512595,0.011930183,10.362722,0.27096838,0.2711456,0.00017723441,0.06536503
23c4cfdde0e446a2,703,3,0.07067946,0.08258962,0.011910155,14.420886,0.120335534,0.16064794,0.04031241,25.093636
6f256be7a0cf0ea1,4075,80,1.3652698,1.3770025,0.0117326975,0.85204625,3.6778934,3.7569168,0.07902336,2.10341
7aed6307dba4b387,3498,22,0.17604217,0.18773495,0.011692777,6.2283435,0.32351092,0.29694286,-0.026568055,-8.947194
78b3b5a4a7ddcf47,7159,12,0.07526297,0.086942695,0.011679724,13.433819,0.2239045,0.29574123,0.071836725,24.2904
9ea2ad35bc423614,4126,9,0.090821,0.10243689,0.011615895,11.339561,0.25026545,0.33164757,0.081382126,24.538738
fcc62f25ef6cf799,3831,15,0.06506715,0.07667898,0.011611827,15.143429,0.101581275,0.12393498,0.022353701,18.036636
cd44b2c47ace5cb1,4142,80,0.078100614,0.08961861,0.011517994,12.852235,0.05378191,0.25866926,0.20488735,79.20823
539eae2ed37b2c9a,1808,41,0.44647044,0.45796478,0.0114943385,2.5098739,0.3527855,0.4561817,0.10339621,22.665575
ae3d262622df74d6,6935,10,0.05855588,0.07001934,0.011463463,16.371853,0.1449299,0.19548088,0.050550982,25.85981
cf00f7766d2844ab,2248,26,0.14193961,0.15339664,0.011457026,7.4688897,0.3880062,0.5499407,0.1619345,29.445808
7a95801924bb3785,3865,15,0.0987964,0.11024074,0.011444345,10.38123,0.16890393,0.17802432,0.00912039,5.1231146
6e51a9f0b593fd34,5980,80,3.520087,3.5315003,0.011413336,0.3231866,9.527095,9.604965,0.07787037,0.81073034
bb37de57eaa8b709,4688,80,0.16815683,0.17954989,0.011393055,6.3453426,0.24257556,0.08527046,-0.15730509,-184.47783
20ae4282afd5972,630,20,0.20976956,0.2211279,0.011358336,5.1365457,0.9200787,0.7432534,-0.17682528,-23.790712
b937beab87656f61,4558,69,0.043645643,0.055003047,0.011357404,20.648682,0.09169171,0.07770425,-0.013987459,-18.000893
3b46a18eb0636bb7,6260,4,0.089810826,0.10109403,0.011283204,11.161098,0.0089491075,0.061455946,0.052506838,85.43817
b8fa3ea924b51b94,4914,80,0.2697064,0.28095838,0.011251986,4.0048585,0.16150774,0.29287046,0.13136272,44.853523
f0c0898264c28d3d,5243,17,0.23507269,0.24630667,0.011233985,4.560975,0.110219695,0.39485562,0.28463593,72.086075
f36f8f65a5f77b87,6305,13,0.4346078,0.44583225,0.011224449,2.5176394,0.37639233,0.51074594,0.13435361,26.305368
5a64546c83720202,623,1,0.06298639,0.07408532,0.011098929,14.98128,0.06298639,0.07408532,0.011098929,14.98128
c5de20ae953ddc2d,5490,80,3.5397854,3.5508838,0.011098385,0.31255275,8.6363945,8.836628,0.20023346,2.2659488
fe8a3c3ef5f01477,3771,5,0.0662175,0.07715913,0.010941632,14.180607,0.07605911,0.040794138,-0.035264973,-86.446175
64ad3e42cf4e8e6f,5440,66,0.076029226,0.086966254,0.010937028,12.576175,0.11325862,0.19107026,0.077811636,40.724094
40317d5722355466,2313,25,0.17319919,0.18410406,0.0109048635,5.923207,0.12636164,0.29468784,0.1683262,57.120174
44a20d5cb4aa4e3a,2944,1,0.013445617,0.02434752,0.010901903,44.776237,0.013445617,0.02434752,0.010901903,44.776237
3eb294677c054b9,1546,80,0.18838121,0.19923574,0.010854527,5.4480824,0.37587738,0.35726258,-0.018614799,-5.2103972
50f3d1e6242d92b3,706,80,0.5796968,0.5904949,0.010798097,1.828652,1.1388829,1.2581309,0.11924803,9.478189
c189070365a0efe,5086,80,0.64096564,0.6517201,0.010754466,1.6501663,1.273327,1.4492961,0.17596912,12.141696
2fc4acdde75f5266,3322,8,0.08382025,0.094532885,0.010712631,11.332174,0.11349574,0.12802005,0.014524311,11.345341
43af43c0a44d046f,2574,14,0.059485454,0.070091434,0.01060598,15.131635,0.13508216,0.11160618,-0.023475975,-21.034655
dd5c79f8cf818fd9,8045,80,0.041996226,0.052585512,0.010589287,20.13727,0.08238263,0.085403256,0.0030206293,3.5369017
517f356176cabc05,1819,10,0.09547867,0.10605149,0.010572821,9.969517,0.044598453,0.084262125,0.039663672,47.07177
b4a80d831dd8c14f,1024,22,0.24078442,0.25125906,0.010474637,4.1688595,0.29907367,0.29825163,-0.00082203746,-0.27561876
cbcdacb2e3bc171d,1046,12,0.50319225,0.51366395,0.010471702,2.038629,1.1331811,1.0939901,-0.039191008,-3.5823915
d001f8455382260e,7837,80,0.100431286,0.110879205,0.010447919,9.422794,0.1327221,0.17535573,0.042633638,24.312656
5544fc9e8a9705fe,526,2,0.038768306,0.04910467,0.010336362,21.049652,0.045824397,0.029768784,-0.016055614,-53.934395
c4ff447f2e90e8fc,4507,3,0.084754676,0.095079385,0.010324709,10.859041,0.10396407,0.1629779,0.059013836,36.209717
b6c52ce834fcdfd3,4266,16,0.19347516,0.2037749,0.010299742,5.0544705,0.38097703,0.25006866,-0.13090837,-52.348972
e0413edd0d2fabb6,2135,80,0.111388266,0.1216682,0.010279931,8.449152,0.3690488,0.50643736,0.13738856,27.12844
687e1bcbb33b56d2,5653,80,0.052197717,0.062456857,0.01025914,16.425962,0.09363104,0.08085626,-0.012774773,-15.799361
6be108ceade0d4fc,2393,19,0.15320262,0.16345453,0.0102519095,6.2720256,0.35684282,0.31309235,-0.043750465,-13.97366
2519a60689f6a3f0,2800,11,0.1824102,0.19265579,0.010245591,5.3180814,0.34422487,0.3706309,0.02640602,7.124614
a673300b0a6ff790,4606,1,0.029356387,0.039510496,0.010154109,25.699776,0.029356387,0.039510496,0.010154109,25.699776
ed1eb2d48dee32a,1946,6,0.093212165,0.103352726,0.010140561,9.8116045,0.028543094,0.043127947,0.014584852,33.81764
138c9cbd27f7ccc4,2818,15,0.13607487,0.14619017,0.010115296,6.9192724,1.1821829,1.1746846,-0.0074982643,-0.63832146
be50d181c0c8142a,1983,1,0.0655189,0.075600065,0.010081165,13.334863,0.0655189,0.075600065,0.010081165,13.334863
92f53f90b0a9847d,6070,80,0.94328195,0.9532913,0.010009348,1.0499779,2.1948676,2.1277707,-0.06709695,-3.1533918
ee38b0e1a9c9009d,7188,80,0.68380994,0.69380176,0.009991825,1.4401556,0.9961946,1.3497473,0.3535527,26.19399
e330788899234e40,855,2,0.070664525,0.08062212,0.009957597,12.350948,0.053547002,0.050800614,-0.0027463883,-5.406211
22e74fd4242da47d,2552,75,1.3538392,1.3637376,0.009898424,0.72583055,3.5351207,3.6314142,0.09629345,2.651679
5690a16edf4ae25b,3171,11,0.1958848,0.20573616,0.009851366,4.7883496,0.4545125,0.3578086,-0.09670392,-27.026718
358db10f5c6f11a3,394,3,0.28784683,0.29768053,0.0098336935,3.303439,0.63839686,0.6343053,-0.004091561,-0.645046
2b9d73949b08b6cb,1316,25,0.15352337,0.16335611,0.00983274,6.019205,0.4045946,0.44283912,0.038244516,8.63621
18ae8d9616c01f46,5409,1,0.31687236,0.32665205,0.009779692,2.993917,0.31687236,0.32665205,0.009779692,2.993917
e3ed6c2bfd647fc6,6441,80,0.05909273,0.068775296,0.009682566,14.078551,0.097132385,0.056039713,-0.04109267,-73.32777
3b38ee70b57498a9,1962,1,0.03246244,0.042131063,0.009668622,22.948915,0.03246244,0.042131063,0.009668622,22.948915
4aa5b8d8e50b3015,1944,5,0.10688175,0.116500236,0.0096184835,8.256192,0.14652945,0.16410214,0.017572686,10.708384
9fa91a7bce2f0c30,2077,16,0.087638594,0.0972444,0.009605803,9.878001,0.38021004,0.29483506,-0.08537498,-28.956863
1993fa155c430445,4647,20,0.11823791,0.12779713,0.009559214,7.479992,0.13631707,0.12064722,-0.015669852,-12.988159
d9ae9ae5ec750434,416,6,0.11875846,0.12824109,0.00948263,7.394377,0.110098034,0.04631873,-0.06377931,-137.6966
da762ade9cc1ad85,7591,71,0.09211088,0.101505905,0.009395026,9.255645,0.07339675,0.05394182,-0.01945493,-36.066505
feec0f059c86fb90,1293,9,0.257069,0.26633817,0.009269178,3.480229,0.32149383,0.41589054,0.09439671,22.697489
bb1775586193747b,1849,2,0.06744632,0.07670448,0.0092581585,12.069905,0.101157926,0.12113435,0.019976422,16.49113
a770fe2e996bd39,491,9,0.085537694,0.09479222,0.009254523,9.762957,0.19629878,0.14997469,-0.04632409,-30.887938
9bd7323580fbe4a7,738,1,0.068898395,0.078148074,0.00924968,11.836095,0.068898395,0.078148074,0.00924968,11.836095
23b0063af8f67ee3,4963,53,0.9189207,0.92813283,0.009212136,0.992545,2.9427624,2.8785229,-0.0642395,-2.2316828
b15aa3b40c1508fd,3697,63,0.25537857,0.2645683,0.009189725,3.4734793,0.22580567,0.30051252,0.07470685,24.859814
fd92c8a78f4e94a,1331,42,0.52607125,0.5352548,0.009183526,1.71573,0.65679264,0.7413723,0.08457965,11.408525
b9ee03235fcede79,2789,8,0.11588587,0.12506917,0.0091833025,7.3425794,0.2655789,0.13880527,-0.12677363,-91.33199
31cb277070d39199,6079,3,0.027811462,0.03694044,0.0091289785,24.712696,0.024574667,0.055552587,0.03097792,55.763233
9a6aa3e09c671ac,6182,80,0.046586767,0.055713724,0.0091269575,16.381884,0.0855719,0.090825565,0.005253665,5.784346
fd7b980265b47dde,3883,80,1.0814224,1.0904888,0.009066343,0.8314018,1.8997837,1.7094358,-0.19034791,-11.13513
3df8a7b057291073,4379,40,0.0605099,0.06948909,0.00897919,12.921726,0.027153444,0.03332162,0.0061681755,18.511032
8f16b10b0b39266d,895,10,0.09461116,0.103567146,0.008955985,8.647515,0.26218474,0.25483042,-0.007354319,-2.885966
b924119667bec36b,3756,16,0.12808947,0.1370316,0.008942127,6.5255947,0.44419104,0.21716827,-0.22702277,-104.53773
472973568af6d5bb,3582,8,0.05240994,0.061227642,0.0088177025,14.401505,0.05514823,0.1109981,0.055849873,50.31606
60f1e35b2718fd4b,160,10,0.053049933,0.06184777,0.008797836,14.224985,0.030087793,0.12491223,0.09482444,75.91286
2ce93d4d9c2666d6,10612,18,0.119095765,0.12787424,0.008778475,6.8649282,0.05803323,0.21484712,0.15681389,72.988594
b683abe55269deee,2892,26,0.109778956,0.11855725,0.008778296,7.404268,0.17412636,0.3410946,0.16696826,48.950718
9a6d57b86098b181,4220,78,0.08188068,0.09063828,0.008757599,9.662142,0.13874231,0.093162626,-0.045579687,-48.924862
ff98077844ea30eb,2793,26,0.21263215,0.22135851,0.008726358,3.9421835,0.50905985,0.47570625,-0.033353597,-7.0113854
22ec3ea4be5d3db9,2623,3,0.11427224,0.122946225,0.008673988,7.0551076,0.22807139,0.20553832,-0.022533074,-10.962955
b695eee995267c14,5496,2,0.05878955,0.067413986,0.0086244345,12.793243,0.074743725,0.05962632,-0.015117407,-25.35358
40dec3e1b48552d,5825,10,0.041310973,0.049923874,0.008612901,17.252068,0.04993851,0.073228784,0.023290273,31.804806
f154d353456e8197,4366,80,1.1616333,1.1702366,0.008603334,0.73517907,1.2776526,1.3143619,0.03670931,2.7929378
40ed06fbf5153168,7663,3,0.35022596,0.3588095,0.008583546,2.3922293,0.027946668,0.10020396,0.072257295,72.110214
d64d81f802f0241,2803,6,0.13754953,0.14609136,0.008541822,5.8469048,0.2213988,0.26164085,0.040242046,15.380643
59e4ab656af8caea,3541,50,0.17242798,0.1809407,0.00851272,4.704702,0.46723276,0.33895743,-0.12827533,-37.844086
4e5fd690b13ea210,3379,18,0.09315103,0.101636976,0.008485943,8.349267,0.12519231,0.2446846,0.11949229,48.835228
160f5a7f94e73810,3464,3,0.1434583,0.15193342,0.00847511,5.5781736,0.15646672,0.18384048,0.027373761,14.889953
5ad8cbf90cdbe99,5645,80,0.045954764,0.054395847,0.008441083,15.517881,0.10445567,0.1028341,-0.0016215742,-1.5768837
c2ec4e32fa421b,3955,79,0.7796866,0.7881148,0.008428156,1.0694072,0.17130254,0.20579766,0.034495115,16.761665
228e1f75ac53645c,7135,46,2.4034464,2.4118278,0.008381367,0.347511,4.993589,5.084166,0.090577126,1.7815533
84b7882c860c342,6472,17,0.050885376,0.059233524,0.008348148,14.093621,0.14455187,0.15194224,0.007390365,4.8639307
9b823e7ff0576809,2544,1,0.07887367,0.08716367,0.00829,9.510843,0.07887367,0.08716367,0.00829,9.510843
b3edf7dc4efec7e8,218,12,0.06544665,0.07368952,0.008242868,11.185944,0.11680554,0.05170726,-0.06509828,-125.89775
8a32816877d3cd93,4800,18,0.099839285,0.10807154,0.008232258,7.6174154,0.12370006,0.12222646,-0.0014735982,-1.2056293
4ba6349a3b92285,1497,20,0.10482858,0.1130316,0.008203022,7.257282,0.2295993,0.10027376,-0.12932554,-128.97247
9d9a8de60161461d,1613,9,0.12308456,0.1312808,0.008196235,6.2432857,0.18946363,0.06767176,-0.12179187,-179.97444
dba2c136a97151,902,21,0.40983853,0.41801772,0.008179188,1.9566605,1.111567,0.9199308,-0.1916362,-20.831589
f5cdb81e6a5e3f26,1287,8,0.09658508,0.10466755,0.008082472,7.7220416,0.11544212,0.093954496,-0.021487623,-22.870245
1f257f695e04542a,5921,80,2.459023,2.4670827,0.00805974,0.3266911,6.9443593,6.8944335,-0.049925804,-0.72414654
cb52e16eaa79eaee,6001,80,0.061259083,0.069233134,0.007974051,11.51768,0.16758293,0.22248177,0.054898843,24.67566
36a0338e93599c36,313,80,0.061070155,0.06902261,0.007952455,11.521522,0.12726007,0.16305503,0.03579496,21.952686
c95f19836d49b517,513,10,0.118015565,0.12590927,0.007893704,6.2693586,0.14718015,0.12953104,-0.017649114,-13.625394
59825af1bc694664,3850,61,0.32081497,0.32867885,0.007863879,2.3925724,0.43637577,0.30050626,-0.1358695,-45.213535
caef429f6309b6b3,7691,2,0.083990395,0.091831625,0.007841229,8.538703,0.0792257,0.1160169,0.036791205,31.711937
fb152d07d3d29b10,2848,6,0.099158965,0.1069789,0.007819936,7.309792,0.10719136,0.07634579,-0.030845575,-40.40246
e3f17c9bf3f7a3c8,4875,6,0.038020384,0.045829624,0.0078092404,17.039722,0.079361856,0.12310596,0.043744102,35.5337
58f9a1ff570ac1ee,345,54,0.031382784,0.039172005,0.0077892207,19.884663,0.024104483,0.037882727,0.013778243,36.37078
8b2a636c0bb27dce,3271,44,0.059801713,0.06755441,0.007752694,11.476222,0.023011468,0.047941163,0.024929695,52.000607
7980afa546403f87,3923,37,0.13403484,0.141786,0.007751152,5.4667964,0.4262016,0.43905616,0.012854546,2.9277682
557e6e12d12a0f38,3789,80,0.24130444,0.24900985,0.0077054054,3.094418,1.1460118,1.0953575,-0.050654292,-4.6244526
3b9df94eca5b3263,5238,10,0.037719745,0.045394912,0.007675167,16.907549,0.047049955,0.015099264,-0.03195069,-211.60428
3886421914c3d0cb,6350,80,0.066605054,0.074240066,0.0076350123,10.284221,0.15771787,0.14013757,-0.0175803,-12.54503
a6a20dc45cc0df3a,4945,30,0.084601805,0.09219647,0.0075946674,8.237482,0.05990755,0.052308943,-0.0075986087,-14.526404
f7381f33deaa9aae,3480,17,0.09728643,0.104879715,0.0075932816,7.2399907,0.121930644,0.13495927,0.013028622,9.653744
8aafb7d878ecb936,420,1,0.025619648,0.033203125,0.0075834766,22.839647,0.025619648,0.033203125,0.0075834766,22.839647
d34e503f66ed8ba4,133,8,0.074146695,0.0816296,0.007482901,9.166897,0.05345732,0.13422762,0.0807703,60.174126
3fc8dc144fe4d9f7,1823,3,0.14782615,0.1553065,0.007480353,4.8165097,0.23051064,0.18785559,-0.04265505,-22.706299
a5ccf095e6bac84e,5894,10,0.04045122,0.04787778,0.00742656,15.511497,0.036343347,0.036604814,0.00026146695,0.71429664
a3a59d3276ae8548,3677,13,0.31002146,0.3174192,0.007397741,2.3305902,0.67028046,0.7288673,0.058586836,8.038066
7ad2c76e02c2aaa2,3039,80,0.18737315,0.19475149,0.00737834,3.7885923,1.1743203,1.0754088,-0.098911524,-9.197574
2fb9ad864f456617,3368,8,0.11266722,0.120025106,0.007357888,6.130291,0.034179688,0.12629883,0.09211914,72.93745
32fdf6e20a8f2888,5904,5,0.12721053,0.13454777,0.0073372424,5.4532623,0.13808851,0.27418235,0.13609384,49.63625
aaad0f9459a26250,4014,52,0.07420238,0.081472196,0.0072698146,8.923062,0.1301352,0.25148427,0.12134908,48.253147
b5f9a3cd389583f0,1920,80,0.11357681,0.12083479,0.007257983,6.0065346,0.16746041,0.18229328,0.014832869,8.136816
fe261bf6d2e3f74a,1986,7,0.39604026,0.40315223,0.0071119666,1.7640896,0.52442676,0.3690104,-0.15541637,-42.117073
b98a7d96344d094d,4707,10,0.08827493,0.09531616,0.0070412233,7.38723,0.11261931,0.063233785,-0.049385525,-78.0999
8863f734cde38918,7567,80,0.0689954,0.07599616,0.0070007592,9.211991,0.09431802,0.08797409,-0.006343931,-7.211136
3759ca31be62552f,2907,13,0.19847868,0.20542976,0.006951079,3.3836768,0.3152989,0.25011453,-0.065184355,-26.061804
c53e969f42ef6833,3308,52,0.03745007,0.04437764,0.0069275685,15.610494,0.027361182,0.08295834,0.055597156,67.018166
5766006829f7397f,2943,80,0.68991786,0.69683254,0.0069146752,0.9923008,0.8999993,1.205376,0.3053767,25.33456
d92228bc30e3aff9,1584,1,0.097509734,0.10440659,0.0068968534,6.6057644,0.097509734,0.10440659,0.0068968534,6.6057644
2ed49a588047254,5271,7,0.0361334,0.043027278,0.006893877,16.022108,0.01852897,0.06037534,0.041846372,69.31037
a451cbeaec5ce27b,2106,4,0.06148348,0.06835981,0.006876327,10.059021,0.07377936,0.068459846,-0.0053195134,-7.770268
5f96569c337549a2,4441,4,0.08689245,0.093738854,0.0068464056,7.3037004,0.10280937,0.10805644,0.0052470714,4.8558617
4ac44ba986ab46db,659,56,0.109252036,0.1160902,0.006838165,5.8903894,0.09335307,0.14387198,0.050518908,35.113792
186099dd4bf28aca,7514,4,0.042282257,0.049036097,0.0067538396,13.7732,0.01623122,0.02816837,0.011937149,42.377846
ef3aa4413133b53f,451,80,0.12028595,0.12702216,0.0067362115,5.303178,0.2599794,0.19750962,-0.06246978,-31.628727
e26850cf66e21210,1486,20,0.11991098,0.12662795,0.006716974,5.304496,0.105405435,0.11381903,0.008413598,7.3920836
aae88e53631e7de6,6223,80,5.153154,5.159852,0.0066981316,0.12981248,11.430011,11.46026,0.030249596,0.26395208
f4144ac657102789,4238,52,0.05681425,0.06348021,0.0066659637,10.500853,0.030083831,0.020449601,-0.00963423,-47.11207
3b20a5190a30533f,1299,10,0.10191903,0.10857129,0.0066522583,6.1270876,0.17436033,0.17941795,0.005057618,2.818903
5f1b0f0ca67ccb40,2590,5,0.18337412,0.18999441,0.006620288,3.4844644,0.23406212,0.24106467,0.0070025474,2.904842
defe0c7d583470d3,4121,80,0.19132283,0.19790465,0.006581813,3.3257496,0.18814057,0.16835599,-0.019784585,-11.7516365
430b3ef31f57beac,1696,5,0.18342921,0.18999152,0.0065623075,3.4540002,0.30105588,0.26868686,-0.032369018,-12.047115
90a01151df196533,5888,79,0.4022229,0.40878272,0.006559819,1.6047202,1.296284,1.256786,-0.03949797,-3.1427763
8d95e8b2129d1a0d,3395,10,0.18241277,0.18888363,0.006470859,3.4258444,0.17106526,0.11215401,-0.05891125,-52.5271
abc362bb96b25c1c,4137,3,0.16101485,0.1674606,0.0064457506,3.8491144,0.26378217,0.16959885,-0.094183326,-55.532997
5ede1037b21f54c1,2734,6,0.206158,0.21253307,0.0063750744,2.9995682,0.52227557,0.4292851,-0.09299046,-21.661701
d92103f53e7997df,4599,57,0.06038491,0.066736214,0.0063513033,9.517027,0.057957564,0.068775326,0.010817762,15.729133
de9db3592a042866,4339,7,0.5360222,0.54235584,0.006333649,1.1678033,0.58878446,0.59998816,0.011203706,1.8673211
9b2a7d99504ea05d,2739,6,0.07982058,0.086152606,0.006332025,7.349778,0.08451212,0.07574839,-0.0087637305,-11.569527
16eaabab9d3a738b,1254,80,0.039418653,0.04574033,0.006321676,13.820793,0.10250316,0.06955772,-0.03294544,-47.364174
20abe82f1348a80c,287,1,0.1388304,0.14502822,0.006197825,4.2735305,0.1388304,0.14502822,0.006197825,4.2735305
db4c7ecc3146b61d,709,80,0.5367442,0.542932,0.0061877966,1.1397002,1.4637161,1.5278765,0.06416035,4.199315
a57166d01552cc88,1141,25,0.17403364,0.18020453,0.006170884,3.4243777,0.34600404,0.3635384,0.017534375,4.8232527
cc2eaf3b049da30c,3185,2,0.07593368,0.08208061,0.00614693,7.4888945,0.09109399,0.15203749,0.0609435,40.084522
a7c2286a33d96db0,5014,80,0.7034445,0.70958626,0.006141782,0.8655441,2.033043,2.2221353,0.1890924,8.509491
8838e947987365e1,2664,11,0.059244335,0.065378,0.006133668,9.381853,0.17180566,0.057118155,-0.11468751,-200.78995
e2280e037d723c59,3278,13,0.074350186,0.08047152,0.0061213374,7.6068363,0.11932915,0.086455084,-0.032874063,-38.02444
ebfa2a8e49e09a2b,3413,80,0.031748474,0.037850857,0.006102383,16.12218,0.0690095,0.03965134,-0.029358156,-74.040764
2005584f02d48ef0,2896,3,0.044677865,0.050779577,0.0061017126,12.016076,0.07221323,0.0775331,0.005319871,6.861419
d82ab32a577ff8af,170,10,0.20661601,0.2126356,0.0060195923,2.8309426,0.5995629,0.51634073,-0.08322215,-16.11768
e8d6b1b09962d619,2704,4,0.14284249,0.14876184,0.005919352,3.9790797,0.19790402,0.15897019,-0.03893383,-24.491276
360c42d9d1fade1f,1312,12,0.14677414,0.15267901,0.0059048682,3.8675048,0.20983146,0.30576795,0.09593649,31.375587
b64dabe189a8f1ca,4893,17,0.13941638,0.14526324,0.005846858,4.0250087,0.21486372,0.10660646,-0.10825726,-101.54849
de9bdf7157c62ff3,1798,7,0.12756704,0.13341042,0.005843386,4.3800073,0.19440456,0.12552784,-0.06887671,-54.86967
bbc2e2bfa38c967f,567,13,0.2966076,0.3024402,0.0058325827,1.9285077,0.2442776,0.33435667,0.09007907,26.941013
debe26aab1acecdd,6068,65,0.07027149,0.07609657,0.00582508,7.654852,0.15177302,0.15018757,-0.0015854537,-1.0556492
ae128f4c6e98e32c,677,20,0.13293901,0.13867955,0.0057405382,4.1394267,0.29961228,0.13747546,-0.16213682,-117.938736
7180fb3cd781e4ec,7376,80,0.03658891,0.042300202,0.005711291,13.501805,0.06508626,0.056514204,-0.008572057,-15.16797
2444c6f6da2e6805,832,41,0.22888851,0.2345591,0.005670592,2.4175537,0.65548027,0.5585187,-0.09696156,-17.360485
66c493c015ff3e96,1485,2,0.072079174,0.07774556,0.0056663826,7.288368,0.08803733,0.04834231,-0.039695017,-82.11237
f053ac01bc606b0,2157,10,0.14698689,0.15261683,0.005629942,3.6889389,0.06747434,0.068864614,0.0013902709,2.0188465
9c2f7368c1be7631,6614,15,0.12104377,0.12660393,0.0055601597,4.391775,0.16532741,0.24404685,0.07871944,32.25587
caaad549ef9561bf,6083,30,0.0645343,0.07007646,0.005542159,7.9087315,0.10789718,0.15683028,0.048933104,31.201311
559b001c5f7e0601,7697,22,0.08302301,0.08856258,0.0055395663,6.254974,0.04678925,0.032057114,-0.014732137,-45.955906
441e064e0ca27010,755,4,0.0295316,0.035012573,0.005480973,15.6543,0.042758077,0.051903285,0.009145208,17.619709
f293153366513877,240,4,0.114434,0.11988368,0.0054496825,4.545809,0.087886095,0.075745024,-0.012141071,-16.02887
4730de96d14a15e4,5290,80,0.09485172,0.10029795,0.005446233,5.4300537,0.060256757,0.045094695,-0.015162062,-33.62272
612b441e1cc59f29,5808,80,0.12222351,0.12756145,0.0053379387,4.184602,0.079981886,0.12497002,0.044988133,35.99914
267ffb774fc5775c,4057,80,2.8994374,2.9047468,0.0053093433,0.18278162,8.376949,8.431106,0.054156303,0.6423393
1ca4983caa297110,3676,27,0.10332966,0.10861692,0.00528726,4.867805,0.3829519,0.39027825,0.0073263645,1.8772157
301dd4e748d49117,1377,37,0.14018495,0.14541554,0.0052305907,3.5969954,0.33818543,0.28534055,-0.052844882,-18.519936
d86a64baea375bcc,2048,45,1.8420084,1.847156,0.0051476955,0.2786822,4.3208094,4.305281,-0.015528202,-0.360678
10606bfe39ef5fed,282,4,0.03311278,0.03825981,0.0051470324,13.452843,0.03306061,0.02863559,-0.004425021,-15.452872
b5dfc1d42e99b5cb,664,80,0.16689056,0.17201601,0.005125448,2.9796343,0.28019464,0.34367457,0.06347993,18.470942
c54300c466735856,4892,50,0.6081248,0.6132214,0.0050966144,0.8311214,1.9134574,1.9488862,0.035428762,1.817898
e398ba035c5f1c81,4184,18,0.11718684,0.12226907,0.0050822347,4.156599,0.2233417,0.09732273,-0.12601897,-129.48564
2316f8721e14a45e,3700,2,0.060464382,0.065542616,0.005078234,7.7479877,0.06793956,0.07616444,0.008224882,10.798848
730f1ac75557d88c,3284,56,0.18614371,0.19120546,0.0050617456,2.647281,0.36761847,0.3925019,0.02488342,6.339694
bc0d6ed6cea231ad,9462,19,0.26909634,0.2740513,0.004954964,1.8080424,0.12167128,0.19789405,0.07622277,38.51696
621b01dd3a81798,4028,3,0.51507306,0.5199647,0.004891634,0.94076276,0.77547866,0.7056594,-0.06981927,-9.894189
eb2a94fcecdc3a7e,6527,4,0.042154744,0.046920545,0.004765801,10.157173,0.045921806,0.0361679,-0.009753905,-26.968401
93dbac121c328d61,4905,23,0.3905298,0.39526424,0.0047344267,1.1977878,1.1502596,1.109748,-0.040511608,-3.6505234
2a6eb88ca13bbc4,4364,3,1.2862009,1.2909324,0.004731536,0.36652082,1.3179635,1.3391135,0.021149993,1.5794026
f5f2cb7b7bd9ac41,1537,54,1.1275911,1.1322914,0.004700303,0.41511425,3.1429007,2.8789806,-0.26392007,-9.167136
9ae2d06cee572588,5903,18,0.069978125,0.07466924,0.0046911165,6.2825284,0.15858245,0.18095745,0.022375003,12.364786
876327818111e9b7,2857,4,0.06154199,0.06608474,0.004542753,6.874133,0.14434849,0.07201373,-0.07233476,-100.44579
70776ca17c5ebd8c,4861,28,0.07735918,0.081888475,0.0045292974,5.531056,0.053160466,0.05572239,0.0025619231,4.597655
d13a7b0c73c3b95b,2399,24,0.53291744,0.53743035,0.004512906,0.8397193,1.3726263,1.4303211,0.057694793,4.033695
e3572a1151ca992f,90,37,0.5231354,0.52762127,0.0044858456,0.8502018,0.87254405,0.92860776,0.05606371,6.0373945
34d0d08158230f3c,5150,80,0.047787834,0.05225717,0.004469335,8.552578,0.09156356,0.087552585,-0.0040109754,-4.5812187
75e7ca684bfff2b2,3984,8,0.18749127,0.19184615,0.0043548793,2.2699854,0.28445897,0.22692369,-0.057535276,-25.35446
33b6e52e0029f072,4939,54,0.061776694,0.06610581,0.004329119,6.548772,0.10528414,0.07491888,-0.030365258,-40.53085
76418720d568d234,872,6,0.071458906,0.07572196,0.004263051,5.629874,0.035922702,0.04340625,0.0074835494,17.240719
4c66ce75f9f14889,6611,39,0.54040664,0.544636,0.004229367,0.7765492,0.64921814,0.38577113,-0.26344702,-68.291016
82c8e139901c6992,1596,34,0.5099523,0.5140767,0.004124403,0.8022933,0.537671,0.47727564,-0.06039539,-12.654194
26c42d031d755502,1213,2,0.29712906,0.3011216,0.0039925277,1.3258855,0.342367,0.26833132,-0.074035674,-27.591143
90575c94793b1662,6669,1,0.026309552,0.030246107,0.0039365552,13.015081,0.026309552,0.030246107,0.0039365552,13.015081
b3b749e0bb35c114,891,62,0.044783544,0.048705503,0.0039219595,8.052395,0.06673228,0.0659958,-0.00073648244,-1.1159536
661b93fab5748b22,40,9,0.2323054,0.23619063,0.0038852394,1.6449591,0.75230646,0.63943595,-0.112870514,-17.651575
60b9934b209cf442,1257,1,0.024281869,0.028144024,0.0038621556,13.722827,0.024281869,0.028144024,0.0038621556,13.722827
aec7a0ea4223d4ac,4061,7,0.07504422,0.078898706,0.0038544834,4.885357,0.07363107,0.09280556,0.019174486,20.660925
a96f8bf72f09ae2,4569,7,0.32770148,0.33155313,0.0038516521,1.1616999,0.6120045,0.48476863,-0.12723589,-26.246727
859b47e44e1fcc7,3670,60,0.47917694,0.48302683,0.0038498938,0.79703516,0.7674478,1.0410514,0.27360356,26.281464
adeb547f6d15ab6d,3638,3,0.08866043,0.092497654,0.0038372278,4.1484594,0.06582386,0.08969635,0.023872487,26.614782
fe60e763f0d4226d,1612,9,0.30342764,0.30725405,0.0038264096,1.2453569,0.6834132,0.52828985,-0.15512335,-29.363304
1daa2f385d092638,1379,80,0.7558483,0.75965846,0.0038101673,0.5015632,1.0463622,1.2563151,0.20995295,16.711805
edb01fbc9a2ccd89,6924,79,0.03822054,0.042025875,0.0038053356,9.054745,0.07304008,0.06428321,-0.008756876,-13.622339
217e019a3aa5e691,1829,9,0.062754974,0.06655734,0.0038023666,5.7129188,0.11804531,0.10662665,-0.0114186555,-10.709007
f33230826fe0dbff,3209,80,0.10556461,0.109354556,0.0037899464,3.4657419,0.17412704,0.16298887,-0.011138171,-6.8337
b1d546ae3a0d1aa9,7899,4,0.13458265,0.13836882,0.0037861615,2.7362823,0.16807522,0.22123842,0.0531632,24.029823
b9fa2d8f7c92d33,4235,14,0.043771204,0.047512826,0.003741622,7.8749723,0.023212625,0.09447958,0.07126696,75.43107
a0fa2f1485b5450d,2489,11,0.11181498,0.11551728,0.0037022978,3.204973,0.19657828,0.1778117,-0.018766582,-10.554189
89b0e13305b0d935,7093,14,0.0800763,0.083670616,0.0035943165,4.295793,0.14997469,0.1690469,0.019072205,11.282197
908dcc8e14fb156b,7986,80,0.12164557,0.12523007,0.0035845041,2.862335,0.11127196,0.17313547,0.06186351,35.731274
1129bf4d50f8e1d5,2359,4,0.25371462,0.2572919,0.003577292,1.3903632,0.40009278,0.39497885,-0.0051139295,-1.294735
e8f2847b30d5cb26,3973,1,0.036851488,0.04039771,0.003546223,8.778277,0.036851488,0.04039771,0.003546223,8.778277
474a9cf83dedaa86,2968,8,0.12511365,0.12862305,0.0035094023,2.7284396,0.12095585,0.046558585,-0.074397266,-159.79279
676978cea88ca83,5868,80,0.037675526,0.041141577,0.003466051,8.424692,0.0770519,0.08882702,0.011775121,13.256238
83341d219377b3f3,4413,80,1.8083203,1.8117691,0.003448844,0.1903578,5.3930273,5.3922687,-0.0007586479,-0.014069179
e697bccd71305ccc,2092,80,0.06876766,0.07217999,0.0034123287,4.7275276,0.13903245,0.0639872,-0.07504525,-117.281654
98dcc615229c9614,2185,6,0.33790198,0.34126902,0.0033670366,0.9866224,0.6081961,0.5815797,-0.026616395,-4.5765686
d8188962410d6614,5262,1,0.013215344,0.016572814,0.00335747,20.2589,0.013215344,0.016572814,0.00335747,20.2589
87619297edbfebab,7571,11,0.08179301,0.08505315,0.003260143,3.8330655,0.067398734,0.10694418,0.039545447,36.977654
acdb401c2095902,6691,21,0.13705747,0.14030471,0.0032472461,2.314424,0.37767377,0.34629092,-0.03138286,-9.062571
1c4365fd5c4f8242,2036,80,0.36034852,0.3635462,0.00319767,0.87957734,0.91860706,0.7213007,-0.19730633,-27.35424
ccf844fc193c9fcc,5604,38,1.1539242,1.1571207,0.003196478,0.27624413,2.8415568,2.8506594,0.009102583,0.31931502
7e7ccbc3b05b45b2,7783,30,0.062357333,0.065519094,0.003161762,4.8257103,0.21433909,0.20527948,-0.009059608,-4.4133043
57f55f6e120eb459,4629,75,0.060155094,0.06330253,0.0031474382,4.9720573,0.04844592,0.019888472,-0.02855745,-143.58795
6d2da9bd4e557338,3432,80,3.1504486,3.1535752,0.0031266212,0.09914529,7.300485,7.2642074,-0.03627777,-0.4994044
8fa06beb3aa89dc6,4231,80,0.050562866,0.05356648,0.0030036122,5.6072607,0.14531773,0.102854796,-0.042462938,-41.28435
5d261d36f27f94d4,5553,17,0.21709459,0.22008313,0.002988547,1.3579174,0.6195558,0.4941785,-0.12537727,-25.370846
4ffa6e8e2ee699cf,2548,80,3.506087,3.509005,0.002918005,0.08315762,7.23797,7.126423,-0.11154699,-1.5652593
c307219820234ca8,5803,50,0.44250348,0.44537356,0.0028700829,0.64442146,0.3858718,0.33960265,-0.04626915,-13.6244955
5d19347485ef3dc9,3291,80,1.0042413,1.007097,0.0028556585,0.28355348,1.9236643,1.9056194,-0.018044949,-0.9469335
307baa9e66ef92d9,5869,7,0.104862556,0.10770204,0.0028394833,2.6364248,0.2454353,0.21826695,-0.027168348,-12.447303
e6f5c063ceccd323,7350,6,0.049628288,0.052459706,0.002831418,5.39732,0.06897102,0.073027536,0.0040565133,5.5547724
e52fb88dc7d4e5d,1091,18,0.19698831,0.19977212,0.0027838051,1.3934903,0.1618947,0.1976021,0.0357074,18.070354
bacd8fcaae380b0a,124,20,0.068921536,0.071674675,0.0027531385,3.8411596,0.08922908,0.0736165,-0.01561258,-21.20799
cb5b0a1a0584d287,3787,73,0.2002963,0.20301516,0.0027188659,1.3392428,0.9870733,0.97216636,-0.014906943,-1.5333736
7df7974c63436378,4073,2,0.20379147,0.20648576,0.0026942939,1.3048327,0.27199137,0.24269605,-0.029295325,-12.070787
f5f12600228d8db,726,38,1.4870733,1.4897633,0.0026899576,0.18056276,3.2158163,2.7646527,-0.45116353,-16.318995
23490458b7e90122,1478,48,0.35472295,0.35740963,0.0026866794,0.75170875,0.97306836,1.2217625,0.24869418,20.355362
b3f36acbdbf0df23,4349,69,0.571953,0.57458705,0.0026340485,0.45842463,2.7216744,2.588542,-0.13313246,-5.1431446
379c73742066cb4,4835,9,0.23332135,0.23592912,0.0026077628,1.1053163,0.31852305,0.41607767,0.097554624,23.446253
4b17c51d1033c7a8,4178,79,0.10229047,0.10478798,0.0024975166,2.3833997,0.071934946,0.14072753,0.06879259,48.88353
1d73cf3c8bfe81a9,1729,3,0.18027993,0.18277295,0.0024930239,1.3640004,0.27889976,0.22304688,-0.055852875,-25.040869
e10e8dfa641ee59b,323,12,0.35467684,0.35714984,0.0024729967,0.69242555,0.17937292,0.16110913,-0.018263787,-11.336283
8804a5187cbde1ec,5672,2,0.013049681,0.015363332,0.0023136511,15.0595665,0.014218965,0.010195612,-0.0040233526,-39.46161
62cc7d15beef5d7b,6606,24,0.33606467,0.33836862,0.002303958,0.68090177,0.84009075,0.6979393,-0.14215147,-20.367313
845cae2f8ebe2b26,3408,3,0.10739967,0.10966603,0.0022663549,2.066597,0.0401461,0.05177681,0.01163071,22.463163
e68fc3f51385f269,317,8,0.8492864,0.8514998,0.0022134185,0.25994352,1.4171714,1.3373455,-0.07982588,-5.9689794
6d318917fd6b0841,7230,63,0.08352407,0.08565918,0.0021351129,2.4925673,0.20647082,0.12886176,-0.07760906,-60.22661
6e74c391ec017368,4972,80,0.15420514,0.15631138,0.0021062344,1.3474607,1.4463409,1.3005204,-0.1458205,-11.212473
521ba44059630065,7868,1,0.046007555,0.048026912,0.002019357,4.204636,0.046007555,0.048026912,0.002019357,4.204636
d662b407a4921316,6881,29,0.3194501,0.32141262,0.0019625127,0.6105898,0.79770947,0.73021805,-0.06749141,-9.242639
fcd5712c8a77f1e4,3921,5,0.049223438,0.05110275,0.0018793121,3.6775165,0.005859375,0.05166791,0.045808535,88.659546
bae622b6858a351c,7987,79,0.055967703,0.057831217,0.0018635131,3.222331,0.1007878,0.09652243,-0.0042653754,-4.419051
f8de2d0eefe3cfa4,3067,5,0.1152399,0.11700213,0.0017622262,1.5061488,0.21116188,0.23413327,0.022971392,9.811247
1668e36658e0efbc,910,6,0.20014615,0.20189245,0.0017462969,0.864964,0.68195903,0.6758026,-0.0061564445,-0.91098267
3230ffc6616dc168,7454,24,0.105421156,0.107047595,0.0016264394,1.5193609,0.23057437,0.32042974,0.08985537,28.042143
5903b48877f59c,7407,80,0.13573018,0.13730745,0.001577273,1.1487162,0.31131962,0.31900072,0.0076811016,2.4078634
2e4d3a7dba709719,2371,11,0.28877485,0.2903109,0.0015360415,0.52910227,1.0866386,1.0490869,-0.03755164,-3.5794594
d772485a2f59c8ba,19,1,0.10448905,0.105970815,0.001481764,1.3982756,0.10448905,0.105970815,0.001481764,1.3982756
564893c72260d57c,6049,63,0.079056166,0.08052294,0.0014667735,1.8215597,0.048652496,0.030282296,-0.0183702,-60.66317
83b48014b261a04b,7820,80,0.17706317,0.17852949,0.001466319,0.8213315,0.31045973,0.2860945,-0.024365246,-8.516503
bbeda2b810a2b2b6,8373,53,0.116477594,0.11793383,0.0014562383,1.2347926,0.023970582,0.1886708,0.16470021,87.29502
f51713db6186c316,1620,5,0.036994852,0.038437974,0.0014431216,3.7544165,0.045750424,0.044150703,-0.0015997216,-3.6233208
a88cb7f1303330d,8136,80,0.104408264,0.105792165,0.0013839006,1.3081315,0.18796878,0.21427704,0.026308268,12.277689
c6d764d7418a70aa,1179,8,0.0473057,0.04858943,0.0012837313,2.6419969,0.042933363,0.0233215,-0.019611863,-84.09349
56f3002b77bee562,242,76,1.2613788,1.262645,0.0012662411,0.1002848,1.4421215,0.35831603,-1.0838054,-302.47192
4676660c5d900840,2244,5,0.12662333,0.12788102,0.0012576878,0.9834828,0.075741164,0.0632369,-0.012504265,-19.773684
6a027061a310fed3,3194,39,0.29810107,0.29931042,0.0012093484,0.4040449,0.88145083,0.9273997,0.045948863,4.954591
44da8df6bc6458f4,1359,19,0.08406618,0.0852314,0.0011652187,1.3671237,0.106054865,0.1490566,0.043001734,28.849264
8296ee2bf3aae67b,3940,80,0.039249774,0.040377773,0.0011279993,2.7936144,0.09522861,0.09623601,0.0010074005,1.0468019
f3d54ace5cd7ab1c,6494,80,0.69693696,0.69803727,0.0011003017,0.15762794,3.1984928,3.2678869,0.06939411,2.1235163
f518f60e14d1bbdf,7111,80,0.032039315,0.033094585,0.0010552704,3.18865,0.07426903,0.088805795,0.014536768,16.369167
d11de186c3dc1ac,5405,5,0.03632953,0.03735926,0.0010297298,2.756291,0.042003542,0.06337883,0.021375291,33.72623
f1bd29d1454b4d0b,5217,80,0.08668281,0.0877047,0.0010218918,1.1651505,0.39116418,0.367891,-0.02327317,-6.3261046
321939f26b151c49,4516,7,0.078491725,0.07948663,0.0009949058,1.2516644,0.06353757,0.046743207,-0.016794361,-35.92899
63c20d56f385ad86,7141,11,0.132983,0.13396786,0.0009848624,0.73514825,0.21069548,0.12696815,-0.08372733,-65.943565
4ae8b24933eb486b,7634,80,0.094575875,0.09552928,0.0009534061,0.998025,0.17239295,0.17407176,0.0016788095,0.9644353
c4e76f2ae0b95861,5815,6,0.044971775,0.04592493,0.0009531565,2.0754664,0.05727248,0.04679164,-0.01048084,-22.398958
121d9a6b26bb1414,5474,80,0.7475542,0.74848187,0.0009276867,0.12394244,2.6474936,2.5796814,-0.067812204,-2.6287048
430403afa8066049,1250,4,0.19385202,0.19475687,0.0009048432,0.46460146,0.44916886,0.3528007,-0.096368164,-27.315184
72cfb04e4a79b4a4,6204,74,0.14749606,0.14837354,0.0008774847,0.5914024,0.3980319,0.40630195,0.008270055,2.0354455
c6a0bcd4aacb083e,5049,20,0.09434458,0.09516608,0.000821501,0.86322886,0.03754318,0.059193216,0.021650035,36.575195
2aed1baa980c5649,544,6,0.18152404,0.18221204,0.0006880015,0.3775829,0.18409239,0.16983837,-0.014254019,-8.392696
d74298009c810303,2053,9,0.084948234,0.085618354,0.0006701201,0.7826828,0.18402183,0.16909188,-0.01492995,-8.82949
b24a52b6f7b29f69,7485,80,0.037870534,0.038504835,0.00063430145,1.6473293,0.06368655,0.07072497,0.007038422,9.95182
db698594022b95c1,3393,80,0.04556224,0.04616038,0.00059814006,1.2957866,0.08947812,0.092467435,0.0029893145,3.2328296
2468ffb193490773,5526,31,0.22590889,0.22649288,0.0005839914,0.25784096,0.45774284,0.48960227,0.031859428,6.507206
1e327d317dd1cad3,3596,52,1.3183695,1.318821,0.00045144558,0.034230996,3.6694372,3.678477,0.009039879,0.24575058
6edcaaa49b846251,4332,1,0.019678704,0.020092344,0.00041363947,2.058692,0.019678704,0.020092344,0.00041363947,2.058692
ef5da6c66f8230f8,3570,22,0.16104156,0.16143654,0.00039498508,0.24466895,0.26059973,0.27419382,0.013594091,4.95784
3bc030cac0629a50,5913,1,0.057750482,0.058105983,0.00035550073,0.6118143,0.057750482,0.058105983,0.00035550073,0.6118143
214166dea8f40ebf,6656,80,0.0655787,0.06590743,0.00032873452,0.49878216,0.074097306,0.096482545,0.02238524,23.201336
60b35586a8c7aa81,5465,17,0.14108334,0.14140017,0.0003168285,0.22406512,0.19694932,0.09710975,-0.09983957,-102.811066
11671609ebfa3185,2556,80,0.1601735,0.16046777,0.00029426813,0.18338145,0.97981894,0.690589,-0.28922993,-41.88163
cfc020fa9b89d9b6,1683,3,0.10298871,0.1032156,0.00022688508,0.21981667,0.1367242,0.08846864,-0.048255563,-54.545383
47f6e1a077a59a0f,1677,7,0.036915023,0.037113454,0.00019843131,0.5346614,0.028038867,0.057918023,0.029879157,51.588703
e9fa33a6b847b2e2,4545,80,1.2262328,1.2263863,0.00015354156,0.012519836,2.240373,2.2251525,-0.015220404,-0.6840162
a75ec0100de74a6,7734,11,0.038905982,0.039053176,0.00014719367,0.37690577,0.053630978,0.047621816,-0.0060091615,-12.6185055
2871ba5df60c9d5,3074,14,0.12913956,0.12926319,0.00012363493,0.09564589,0.13757649,0.058903195,-0.078673296,-133.56372
951a5cf894f45a3c,6977,75,0.62667155,0.62679297,0.00012141466,0.019370776,0.78469825,0.94362545,0.1589272,16.842192
991980e49a2c5f2d,6245,20,0.18268135,0.1827613,7.994473e-05,0.0437427,0.3088688,0.37935284,0.07048404,18.580074
fc7841309dac56c4,6433,70,0.0452189,0.045260463,4.1563064e-05,0.09183084,0.26275176,0.21784553,-0.04490623,-20.613794
3eb5a8f85b64a938,5102,15,0.045117073,0.04514192,2.4847686e-05,0.055043485,0.13352115,0.1563004,0.022779241,14.574014
dc3070ef90d34f14,5546,78,0.06694095,0.0669591,1.8149614e-05,0.027105523,0.10396292,0.08803504,-0.015927881,-18.09266
e133aabb8cc0b9b4,4788,76,0.6641913,0.6641872,-4.1127205e-06,-0.00061921106,2.1003828,2.1624405,0.062057734,2.8698006
5d8dac4a421e87f5,1956,53,0.2834357,0.28342015,-1.5556812e-05,-0.0054889577,0.36614266,0.19629696,-0.1698457,-86.52487
eb0036322cf2b1dd,4759,3,0.024760678,0.024737129,-2.3549423e-05,-0.09519869,0.014636993,0.015039068,0.0004020743,2.673532
45b5a19997a89c6b,7199,80,0.039943527,0.039914813,-2.8714538e-05,-0.07193955,0.07424445,0.090625845,0.016381398,18.075857
3d59bd1afa33a565,466,2,0.04461326,0.044565916,-4.7344714e-05,-0.10623526,0.040654924,0.04540441,0.004749488,10.460411
24a13179cd7653a5,4457,7,0.5497877,0.54961485,-0.00017285347,-0.03144993,0.11089075,0.07129345,-0.039597303,-55.54129
725e5b4534f7342b,1475,5,0.08526509,0.08501179,-0.00025330484,-0.29796436,0.12016085,0.13155714,0.011396289,8.662616
802cc626e579904d,1447,3,0.057376623,0.057096824,-0.0002797991,-0.49004322,0.024940612,0.053014506,0.028073894,52.955116
b8f0c33cbb87b260,1042,1,0.0848321,0.08451507,-0.00031702965,-0.3751161,0.0848321,0.08451507,-0.00031702965,-0.3751161
b4673d829509704c,6382,24,0.069960825,0.069551714,-0.00040911138,-0.5882118,0.2562642,0.21579163,-0.040472582,-18.7554
5c754f1482114663,6310,9,0.029212441,0.02879491,-0.00041753054,-1.4500151,0.035769727,0.017469281,-0.018300446,-104.75786
331907ad73145060,2064,52,0.660092,0.65966785,-0.00042414665,-0.064297006,1.8308154,1.6563865,-0.17442894,-10.530691
76828fb16725828f,110,8,0.5876929,0.58726203,-0.00043088198,-0.073371336,0.7843718,0.76747626,-0.016895533,-2.2014403
82ee80523c250abf,6661,80,0.055202186,0.054753948,-0.0004482381,-0.8186407,0.041432038,0.03515964,-0.006272398,-17.839767
fea46d709acba2da,2801,80,0.54788446,0.54739565,-0.0004888177,-0.089298785,1.4321969,1.5346247,0.10242784,6.674455
3ebac94e3063384f,3802,21,0.20292632,0.20237914,-0.00054718554,-0.27037644,0.77801394,0.8967907,0.11877674,13.244645
d283e4dddd55f0a7,6446,75,0.43078175,0.4302242,-0.00055754185,-0.12959333,0.36345696,0.63700897,0.273552,42.943195
8f1ce91f32a4c596,4145,80,0.15968736,0.15904501,-0.00064234436,-0.4038758,0.03389952,0.12175741,0.08785789,72.15814
93f0829fa21172a,4226,28,0.19999185,0.19933149,-0.00066035986,-0.33128726,0.5674434,0.64591736,0.078473985,12.14923
b2b7c2ad7bcd134b,4554,25,0.17635688,0.17568254,-0.00067433715,-0.38383844,0.32308543,0.3078141,-0.015271336,-4.9612207
94063e6caca6b88a,5056,4,0.04541685,0.044722192,-0.0006946586,-1.553275,0.018006923,0.07489668,0.056889758,75.95765
39c76c72cdea6909,4715,1,0.02675123,0.026051361,-0.0006998684,-2.6864946,0.02675123,0.026051361,-0.0006998684,-2.6864946
7542f5d16e47ad28,1015,54,0.34467208,0.34392104,-0.0007510483,-0.21837813,1.3718843,1.3928115,0.02092719,1.5025141
3febcf861d780274,1396,5,0.073936425,0.07314453,-0.0007918924,-1.0826406,0.010195612,0.022508653,0.012313041,54.703587
854fae2cd997395b,1712,5,0.045325525,0.044525582,-0.00079994276,-1.7965913,0.03750183,0.033343077,-0.004158754,-12.472616
f35aa47a9038867c,4343,3,0.037715044,0.03688926,-0.0008257851,-2.2385516,0.050880335,0.04436177,-0.006518565,-14.694105
d2a777140c198c1b,1927,80,0.4001773,0.39931267,-0.000864625,-0.21652831,1.3578404,1.2944951,-0.06334531,-4.893438
ad5d1b2a82e0ef7a,6263,6,0.095876016,0.09499499,-0.0008810237,-0.9274422,0.16694364,0.08784876,-0.07909488,-90.035286
282bf8db37c871df,5159,60,0.87621045,0.87531716,-0.0008932948,-0.10205385,3.184931,2.9510307,-0.23390031,-7.9260545
ceacd8ec5202a7c2,3301,27,0.2208976,0.21996243,-0.0009351671,-0.42514852,0.533616,0.17325208,-0.36036393,-207.99977
440d53b71296f248,481,7,0.06993135,0.068990536,-0.0009408146,-1.3636864,0.05161496,0.009003461,-0.0426115,-473.27908
92c1ebeefc8c6f0,1792,6,0.088074856,0.08711966,-0.00095519423,-1.0964164,0.104866855,0.14004396,0.035177104,25.118616
15aab8b20e3eaf5a,6338,80,1.9441974,1.9432148,-0.0009826422,-0.050567865,4.1007323,4.236698,0.13596582,3.2092404
4dae5798f50328b4,483,3,0.034745637,0.0337134,-0.001032237,-3.0618002,0.04972324,0.055608355,0.005885113,10.583145
66bd7131ff8bc803,5702,14,0.06018449,0.05912587,-0.0010586195,-1.7904506,0.0065509803,0.040158164,0.033607185,83.68706
70bfc04d96e7814a,4323,80,0.67671806,0.6755325,-0.0011855364,-0.17549656,1.6040223,1.3072764,-0.2967459,-22.699553
625d691e06694244,2599,48,0.10527905,0.1040895,-0.0011895522,-1.1428168,0.067742124,0.07955839,0.011816263,14.852317
37f2881c5710f214,3660,8,0.15516372,0.15395592,-0.0012077987,-0.7845094,0.02391114,0.2947341,0.27082294,91.887215
8912bc87b1f061c0,3057,80,0.34212053,0.34087652,-0.0012440085,-0.36494404,0.6475757,0.878253,0.2306773,26.265474
de65fd0ed98ee204,7325,4,0.13369913,0.1324106,-0.0012885332,-0.9731345,0.1101892,0.11479076,0.0046015605,4.008651
86013bf296ee0c6,817,7,0.19417568,0.19286998,-0.0013056993,-0.67698425,0.2816913,0.23817566,-0.043515652,-18.270403
6bdc7f92afefff73,356,10,0.08644954,0.08513878,-0.0013107583,-1.539555,0.15369609,0.07177911,-0.08191698,-114.1237
a6bff8d257d26d6b,7203,80,0.08891766,0.08756304,-0.0013546199,-1.5470225,0.47938955,0.36791572,-0.11147383,-30.29874
82549fb187d7f686,199,27,0.16736592,0.16594847,-0.001417458,-0.8541556,0.31497842,0.42593297,0.11095455,26.049768
de6742e91d2d8605,368,8,0.21127431,0.20979416,-0.0014801472,-0.70552355,0.3564335,0.41622478,0.059791267,14.365138
63f7c85ce8aaa1e2,7126,80,0.052173056,0.050687414,-0.001485642,-2.930988,0.12710047,0.13739023,0.010289758,7.48944
5e34b0d998bebb2b,6941,78,0.15630002,0.15479721,-0.0015028119,-0.9708262,0.11243206,0.09976849,-0.012663573,-12.692958
db23530ad65f5946,5146,31,0.037498787,0.035955418,-0.0015433691,-4.2924523,0.055635143,0.057221297,0.0015861541,2.7719646
1b0dd46022b7d1ff,7582,54,0.26398686,0.26241347,-0.0015733838,-0.59958196,0.71685934,0.59599864,-0.120860696,-20.278687
3339c82bc8781abf,2567,1,0.029928893,0.028307682,-0.001621211,-5.727106,0.029928893,0.028307682,-0.001621211,-5.727106
20e67e650b5bc869,4617,29,0.055532362,0.053875793,-0.0016565695,-3.0747938,0.1081231,0.13043688,0.022313781,17.106956
1e1853b1463f0700,5573,8,0.1590279,0.15732192,-0.0017059892,-1.0843939,0.22558594,0.2140601,-0.01152584,-5.384394
939631def4efd6d1,8509,14,0.15892006,0.15721205,-0.0017080158,-1.0864408,0.393948,0.31941503,-0.074532956,-23.334204
fb1752ce89f35c81,1414,2,0.09211844,0.090329215,-0.0017892271,-1.9807845,0.12742761,0.10677413,-0.020653479,-19.34315
ddf417a7ae5355ca,1429,10,0.10695957,0.10508327,-0.0018762946,-1.7855313,0.19581242,0.05295046,-0.14286196,-269.80307
c401fb908fb05548,4101,51,0.129924,0.12804133,-0.0018826723,-1.470363,0.13662286,0.117701285,-0.018921576,-16.07593
1278740ec53965e6,9388,77,1.3246727,1.3227392,-0.0019334555,-0.14617057,3.6947079,3.8505447,0.15583682,4.0471373
9fd7363953ff2760,4462,18,0.04614868,0.04421427,-0.0019344091,-4.3750787,0.06764309,0.113532744,0.045889653,40.41975
3fcfdff346308922,1563,2,0.044660717,0.042685524,-0.0019751936,-4.627315,0.04815206,0.05717688,0.009024821,15.784039
bed24b149d046991,2129,19,0.09406237,0.09207385,-0.0019885227,-2.159704,0.198018,0.12518346,-0.07283454,-58.18223
6cc621934c6f0990,4850,6,0.040264387,0.0382344,-0.0020299852,-5.309316,0.07552789,0.018413205,-0.057114687,-310.18332
e166cb47ba7d567d,4084,80,2.107669,2.1056304,-0.0020387173,-0.09682218,4.8769174,4.7850456,-0.09187174,-1.9199762
ddf6fdfcae5a3d16,2718,12,0.10280267,0.100750305,-0.0020523667,-2.0370824,0.132518,0.100251466,-0.032266527,-32.18559
947e30d7f55da785,4769,63,0.107024126,0.104943946,-0.0020801798,-1.9821817,0.122669324,0.13643338,0.013764054,10.08848
1bf780cf009374ba,1267,3,0.0508581,0.048768345,-0.0020897537,-4.285062,0.06507756,0.030322619,-0.03475494,-114.6172
e85360f99f20665c,6008,5,0.039123833,0.037010804,-0.0021130294,-5.7092233,0.01399077,0.020037387,0.0060466165,30.176672
129eb435ec53ef1d,651,7,0.16927351,0.1671568,-0.00211671,-1.266302,0.33571106,0.28716844,-0.04854262,-16.903883
4997ce83c006cdbd,2535,8,0.09467225,0.09254971,-0.0021225363,-2.2934015,0.29223397,0.2101631,-0.08207087,-39.051037
8752012bafbb28d0,564,3,0.12932983,0.12707311,-0.0022567213,-1.7759236,0.22456168,0.23813084,0.013569161,5.698196
79a4dec655e7d7b8,5947,7,0.0949105,0.092603065,-0.0023074374,-2.4917505,0.1174522,0.021945512,-0.09550668,-435.19916
992eda4d8462b56c,1455,13,0.08522562,0.08290735,-0.0023182705,-2.7962184,0.26061517,0.2917615,0.031146318,10.675267
a858c67cedf50e9e,5154,80,0.04544551,0.043099955,-0.0023455545,-5.4421277,0.1100991,0.11889821,0.008799113,7.400543
e797d369e4f6cadc,7367,80,0.79155445,0.7891596,-0.002394855,-0.30346903,1.4870877,1.4421662,-0.044921517,-3.114864
7bc86b1cfe062dc3,2067,13,0.15279524,0.15037586,-0.0024193823,-1.60889,0.34793627,0.12597182,-0.22196445,-176.20166
5483901d3b74e2ba,3335,65,0.44130194,0.4388422,-0.0024597347,-0.5605055,0.8959095,0.8358758,-0.06003368,-7.182129
de3e1214aea871a6,126,77,0.8168842,0.8143979,-0.0024863482,-0.30529895,1.5029037,1.1915828,-0.3113209,-26.12667
2d4988a531fa8311,4771,33,0.29650807,0.29396474,-0.0025433302,-0.8651821,0.83601826,0.48844382,-0.34757444,-71.15955
943b353815337ea2,97,9,0.0921527,0.08959332,-0.0025593787,-2.8566625,0.22513154,0.2541484,0.029016852,11.417288
bbe76d87f63a7041,150,54,1.9990703,1.9964261,-0.0026441813,-0.13244574,3.1734614,3.221511,0.04804945,1.4915191
a61869ae9013a11,8290,10,0.09680088,0.094128296,-0.0026725829,-2.839298,0.11004001,0.11111483,0.0010748208,0.96730626
e21a1bbef51238f9,6955,30,0.17269541,0.16996923,-0.0027261823,-1.6039269,0.55470556,0.5786864,0.023980856,4.1440153
fa33aa07b173646a,3945,80,0.13664441,0.13389769,-0.0027467161,-2.0513544,0.21961641,0.17887205,-0.040744364,-22.778498
9b0c9f7e8cc15a8d,6678,31,0.038757637,0.0359708,-0.0027868375,-7.7474995,0.0891043,0.08941082,0.0003065169,0.34281856
d278131f616229fa,4845,5,0.122643374,0.11979747,-0.0028459057,-2.3755975,0.12966235,0.073702976,-0.055959374,-75.92553
68fdedf8c833b22b,5746,79,0.5460852,0.5432118,-0.002873361,-0.5289578,1.1608338,1.2517854,0.09095156,7.2657475
28163d6a71263f61,4744,2,0.053306803,0.05024971,-0.0030570924,-6.083801,0.056110166,0.054189906,-0.0019202605,-3.5435758
b020da765d68d9ae,1271,1,0.11670024,0.11358313,-0.0031171069,-2.7443397,0.11670024,0.11358313,-0.0031171069,-2.7443397
4eb3e3f0b11c23c1,1137,1,0.10168127,0.09847345,-0.0032078177,-3.257546,0.10168127,0.09847345,-0.0032078177,-3.257546
c9d05c19257feae4,2864,80,0.7727071,0.76948965,-0.0032174587,-0.4181289,1.5895729,1.4350439,-0.15452898,-10.76824
998dbc4edf050e8b,2433,1,0.14186503,0.13864113,-0.003223896,-2.3253531,0.14186503,0.13864113,-0.003223896,-2.3253531
a6981d335a3f5c6b,5765,77,0.23997681,0.23671235,-0.003264457,-1.3790818,0.4914457,0.50210726,0.010661572,2.1233656
7d0bf65a4fa21b12,926,8,0.2050193,0.20172787,-0.003291428,-1.6316179,0.118692525,0.13324465,0.014552124,10.921357
21e7921b30037091,898,18,0.29555473,0.2922316,-0.0033231378,-1.137159,0.60298115,0.89026165,0.2872805,32.269222
22937c7957284bdb,362,3,0.08035302,0.07693359,-0.003419429,-4.44465,0.1185028,0.01637745,-0.102125354,-623.573
a9e0e9c2d1a7c830,5902,77,0.15871833,0.15519772,-0.003520608,-2.2684662,0.23251063,0.27247077,0.039960146,14.665847
e0cb1efacca4eeb5,7154,2,0.05295246,0.049425773,-0.0035266876,-7.135321,0.06299408,0.034448113,-0.028545965,-82.866554
bec594c0d45543a5,1142,41,0.496519,0.4929685,-0.0035504997,-0.7202285,0.9163118,0.9393781,0.023066282,2.4554844
ee43a43aaa975d9,5619,18,0.081298634,0.077718735,-0.0035798997,-4.606225,0.0910458,0.058795527,-0.03225027,-54.851574
b972ff2db62e985e,2796,6,0.5025559,0.49896398,-0.003591925,-0.7198766,0.9024592,0.808354,-0.094105184,-11.641581
fb49de380e2efb6b,196,18,0.40414563,0.4005501,-0.003595531,-0.8976483,0.93368185,0.9221818,-0.011500061,-1.2470492
ae024236ab4492bc,3649,27,0.12256985,0.11888417,-0.003685683,-3.1002305,0.30564728,0.3195796,0.0139323175,4.3595767
67f805d73eb4924a,4694,59,1.3879161,1.3842198,-0.0036963224,-0.26703292,2.9310527,2.9357035,0.004650831,0.15842305
17c7316f4c2f7b66,8094,29,0.6510653,0.64735544,-0.0037098527,-0.57307816,2.1102302,2.0673707,-0.042859554,-2.0731432
137685ccf55884c2,7187,7,0.04125366,0.03750214,-0.00375152,-10.003483,0.030045172,0.069339804,0.03929463,56.66966
cab0a8e804dfc6b,603,35,0.4442495,0.44048986,-0.0037596524,-0.8535163,1.2298827,1.177048,-0.05283475,-4.4887505
cbf5fc77f92cde4f,4264,49,0.095281065,0.091495514,-0.0037855506,-4.1374164,0.25232264,0.24945045,-0.0028721988,-1.1514106
e51d1e0fd98b181a,5506,80,4.8062363,4.8024464,-0.0037899017,-0.078916065,10.658655,10.660008,0.0013532639,0.012694772
9a0d235a0d4453ae,3873,1,0.037423063,0.03360372,-0.0038193427,-11.365833,0.037423063,0.03360372,-0.0038193427,-11.365833
f6a2cdbb490da9d2,3803,26,0.08000849,0.07612419,-0.0038843006,-5.102584,0.048368197,0.066948414,0.018580217,27.753035
7d91bc02902d45de,4154,11,0.18161437,0.17772968,-0.003884688,-2.1857283,0.29186806,0.33512962,0.043261558,12.908903
465fd6edb31d2dd3,3836,80,0.104910016,0.10101048,-0.003899537,-3.8605273,0.5327349,0.57611805,0.04338318,7.5302587
b3cca87d494039aa,1415,4,0.479105,0.47516742,-0.0039375722,-0.8286705,1.4463822,1.5987474,0.15236521,9.530287
394f5df94da33c69,15,13,0.17480597,0.17083494,-0.0039710253,-2.3244808,0.28829938,0.28199837,-0.0063010156,-2.2344158
8374fe8b2ed6acaa,993,15,0.11280475,0.108830556,-0.003974192,-3.6517243,0.21479994,0.14655073,-0.06824921,-46.570366
7f22398e8c6503e5,2126,72,0.1039684,0.099962525,-0.0040058717,-4.0073733,0.15176561,0.11299024,-0.038775377,-34.31746
bb6ecb2fab89eae5,5085,73,0.24191895,0.23788904,-0.0040299147,-1.6940312,0.7623407,0.7597612,-0.0025795102,-0.3395159
4cd3327d26c43f3f,1754,79,0.73130745,0.72716624,-0.0041412115,-0.56949997,1.2285097,0.824154,-0.40435565,-49.063118
eac4a5e29852f4be,6536,46,0.08784652,0.08368682,-0.0041596964,-4.9705515,0.30476198,0.32038283,0.0156208575,4.8756847
a52265dcd18fbffc,3201,24,0.086906515,0.082713135,-0.0041933805,-5.069788,0.05762391,0.048266422,-0.00935749,-19.387161
5218d8b66083451c,1437,80,0.110437155,0.10623483,-0.004202321,-3.9556906,0.070917286,0.034206923,-0.036710363,-107.31852
4a84299aaec54bb9,4259,50,0.50609434,0.501806,-0.004288316,-0.85457635,0.789279,0.78721434,-0.0020646453,-0.2622723
2f63ef5b66714e18,2091,15,0.31282493,0.30852878,-0.004296154,-1.3924645,0.3831931,0.4285974,0.045404285,10.593692
5bad954a0b06ce07,3914,32,0.21239056,0.20805077,-0.0043397844,-2.0859256,0.4209203,0.29277542,-0.12814489,-43.769005
4abf9041beb2c4cd,894,6,0.06539395,0.061028223,-0.0043657236,-7.153614,0.15549439,0.09522392,-0.060270473,-63.293423
6f56b2c3bf4c7cfb,485,73,0.597868,0.59348106,-0.0043869615,-0.7391915,0.89197856,0.9907518,0.09877324,9.969524
d5c89af40fe11fc9,3800,13,0.10669729,0.102271356,-0.0044259354,-4.327639,0.3090093,0.13837627,-0.17063305,-123.31092
407f437cd35d237f,3603,8,0.24462119,0.24016264,-0.0044585466,-1.8564698,0.20717548,0.1779492,-0.029226273,-16.423943
665106c605989684,4328,76,0.7353422,0.7308404,-0.0045018196,-0.6159785,3.0080228,2.4303615,-0.5776613,-23.768532
e161c3e9c6646b47,1095,9,0.3069893,0.30248007,-0.0045092404,-1.4907563,0.8549212,0.83567065,-0.019250572,-2.3036075
65549c07b5f87058,236,69,0.39410684,0.38959494,-0.004511893,-1.1580985,0.7133963,0.49214414,-0.22125217,-44.956783
d2e8388efed855,759,79,0.8323104,0.827767,-0.004543364,-0.5488699,2.5847867,2.702258,0.11747146,4.347159
1ca9a683bc57379e,502,1,0.0931774,0.08862912,-0.0045482814,-5.131814,0.0931774,0.08862912,-0.0045482814,-5.131814
b066a1122d479b87,4609,3,0.088395156,0.08369181,-0.004703343,-5.6198363,0.13653028,0.078399174,-0.058131106,-74.1476
366615a8adfbe09f,1816,8,0.07557001,0.070842616,-0.0047273934,-6.6730924,0.10320191,0.07578433,-0.027417578,-36.178425
86bb6bd32ac912a6,1491,23,0.2380104,0.23309632,-0.00491409,-2.10818,0.5005347,0.62824553,0.12771082,20.32817
555383c3d62cb568,1237,14,0.082897626,0.07797809,-0.0049195364,-6.30887,0.14341392,0.06770447,-0.07570945,-111.82342
f986930c646b7ad6,636,12,0.03719878,0.032264158,-0.00493462,-15.294433,0.028257102,0.051239297,0.022982195,44.852673
3c2a7ad51d906c11,2015,33,0.25321007,0.24824241,-0.0049676597,-2.0011327,0.36315876,0.3156626,-0.04749617,-15.046499
9b70f94a2e8a5fdc,457,20,0.16317491,0.15818496,-0.004989952,-3.1545048,0.39089206,0.31496158,-0.075930476,-24.107853
cb8a3471f99dfc36,4192,80,0.42305097,0.41805258,-0.004998386,-1.1956357,0.82792825,0.6828973,-0.14503092,-21.237587
defef9ae42fdf95c,5590,17,0.17598845,0.1708897,-0.005098745,-2.9836469,0.36687082,0.36830392,0.0014331043,0.38910916
6bfab54b46fe8f78,1468,1,0.054355156,0.049240354,-0.005114801,-10.387418,0.054355156,0.049240354,-0.005114801,-10.387418
2124155a0e1f8dd8,3032,64,0.4614422,0.45631567,-0.005126536,-1.1234627,0.9630942,1.1407062,0.177612,15.570356
7cd1ef1173046d6e,4109,34,0.19027229,0.1850051,-0.005267188,-2.8470502,0.0455229,0.22288314,0.17736024,79.57544
203e8fb632113e75,4882,3,0.039036643,0.033675537,-0.0053611062,-15.919884,0.034574356,0.03483199,0.00025763363,0.7396466
12505f99fd36164a,2826,80,0.06556244,0.06017707,-0.005385373,-8.94921,0.14715748,0.11261633,-0.034541145,-30.671524
156a91bbdcd531af,6900,37,0.6671425,0.6617391,-0.0054033995,-0.81654525,1.2830229,1.2565287,-0.026494145,-2.1085188
b8e0dfd2b5d09d26,2252,2,1.1838002,1.1783326,-0.0054676533,-0.46401614,1.2824495,1.25198,-0.030469537,-2.4337082
ca9e563efdefc23e,918,22,0.42676246,0.42119357,-0.0055688918,-1.3221692,0.6615223,0.56045794,-0.101064384,-18.032465
d9ffeb8e77aaa352,559,15,0.15554304,0.14996113,-0.0055819154,-3.7222414,0.55309236,0.40760767,-0.14548469,-35.69233
b545821c412cb348,5081,38,0.28413123,0.27854186,-0.005589366,-2.006652,0.7710018,0.5126363,-0.2583655,-50.39938
601a6aa736eee7d8,6549,6,0.05884634,0.05323692,-0.005609419,-10.536709,0.10817937,0.097270966,-0.0109084025,-11.214449
65082dc58fa3e7db,7172,80,0.86742324,0.86177063,-0.0056526065,-0.6559294,0.9604867,1.0139395,0.05345279,5.271793
136f007f3ea2606e,4619,15,0.10731505,0.10162173,-0.0056933165,-5.6024594,0.23643114,0.20125496,-0.035176173,-17.478413
7861a0a2596dea42,8407,54,1.1475028,1.1414871,-0.0060156584,-0.52700186,2.3189945,2.4481716,0.1291771,5.276472
b5422cc9e7498f06,5500,14,0.25972942,0.25367776,-0.0060516596,-2.3855698,0.14284396,0.06815854,-0.074685425,-109.576035
6ef6a690099ca6ed,6443,4,0.050617095,0.044489007,-0.0061280876,-13.774386,0.026079444,0.0016693561,-0.024410088,-1462.2456
e171425ac2ab092b,3441,46,0.27224854,0.2661056,-0.006142944,-2.3084612,0.056581665,0.16462538,0.108043715,65.63005
5a1d4fb56cace6c7,4091,9,0.07003212,0.063888885,-0.0061432347,-9.615498,0.085006006,0.081373416,-0.0036325902,-4.4640994
2ce5095db1c86d5d,9304,65,0.20631613,0.19997615,-0.006339982,-3.1703691,0.1265954,0.12297807,-0.003617324,-2.9414382
678d4b7d4345da14,1145,50,1.044048,1.0376563,-0.0063916445,-0.6159693,2.8007843,2.8489168,0.04813242,1.689499
26faa37b9d5f7136,3708,6,0.05832539,0.05188525,-0.0064401403,-12.412275,0.13329989,0.1050202,-0.028279684,-26.927853
658305a3db93adc1,7701,8,0.084703356,0.078170344,-0.006533012,-8.357404,0.1437118,0.17042693,0.02671513,15.675415
fa3f8176d94bad8a,2721,21,0.07687981,0.07034334,-0.006536469,-9.292236,0.35171202,0.21029565,-0.14141637,-67.24645
30c8b9466444b1e6,4022,80,1.1047301,1.0981519,-0.006578207,-0.59902525,1.5205112,2.4756837,0.95517254,38.582172
60d3992596e61dae,6860,3,0.03712448,0.03047624,-0.0066482406,-21.814505,0.030353073,0.0027295751,-0.027623497,-1012.00726
7bf6487449c7be73,5322,72,0.069979995,0.06333114,-0.0066488534,-10.498552,0.089318104,0.09793052,0.008612417,8.7944145
aaf3ec1307b84a40,729,36,0.08218166,0.07549703,-0.006684631,-8.854164,0.0761797,0.032349322,-0.043830376,-135.49088
63df317f840297f5,4973,80,0.64113307,0.6344036,-0.0067294836,-1.0607575,2.5291781,2.4786139,-0.05056429,-2.0400229
5c3501832a19b580,3061,2,0.17237589,0.16564092,-0.006734967,-4.0660048,0.10485991,0.17606811,0.0712082,40.443554
d2df570a8f8a522b,7369,67,0.1412816,0.13452786,-0.0067537427,-5.02033,0.035242423,0.011828574,-0.023413848,-197.94312
3c3f2db908e51de6,2288,3,0.058521826,0.051738594,-0.006783232,-13.110584,0.084916115,0.07115516,-0.013760954,-19.339361
a4f70e891cf86ad9,7457,31,0.20685406,0.19994718,-0.006906882,-3.4543533,0.66847426,0.6283659,-0.040108383,-6.382966
4ae312f2c4611429,2084,6,0.06816302,0.061245706,-0.0069173165,-11.29437,0.093247116,0.062627286,-0.03061983,-48.892155
98787695328eab0d,5793,63,1.6236855,1.6167152,-0.0069702864,-0.43113878,2.9369562,2.8316445,-0.10531163,-3.7190979
531d04539cabb50d,1130,30,0.50231963,0.4953452,-0.006974429,-1.4079936,0.8120685,0.70729357,-0.10477495,-14.813502
31ce4cf0056497b2,4453,67,1.411834,1.4048407,-0.0069932938,-0.49779978,1.4175072,1.3665111,-0.050996065,-3.7318442
5c301658af7a33d7,7158,9,0.15554442,0.14853348,-0.0070109367,-4.720105,0.33909938,0.23816879,-0.10093059,-42.377754
3f116b28a8303e68,3373,15,0.20392603,0.19675656,-0.00716947,-3.643828,0.3834547,0.35217232,-0.031282395,-8.882695
a10040846f69f60a,7764,5,0.11603417,0.10883363,-0.007200539,-6.6160975,0.34651873,0.34116083,-0.0053578913,-1.5704883
be4f239e51fb62ca,1852,80,1.1521178,1.1448852,-0.007232666,-0.63173723,3.2329068,1.8691254,-1.3637815,-72.963615
3bb4c795a1ec0cf3,6543,80,0.16314867,0.15590486,-0.007243812,-4.646303,0.5292572,0.5373119,0.008054733,1.4990796
d9bb19ab4173372b,3720,13,0.23015168,0.22276679,-0.0073848963,-3.3150797,0.59738475,0.59050435,-0.0068804026,-1.165174
319957b168bbebbc,2497,80,0.14614525,0.13874212,-0.0074031353,-5.335896,0.2602493,0.2092815,-0.050967783,-24.353697
a7ebde019d9a3ab9,4948,28,0.10980903,0.10234251,-0.007466525,-7.2956243,0.12939696,0.09698901,-0.032407947,-33.41404
e88b3e382f87c3be,3499,10,0.52170694,0.5142125,-0.0074944496,-1.4574616,0.09639876,0.10022894,0.0038301796,3.8214307
9ac81a24045544c3,4675,80,0.8105043,0.80296695,-0.007537365,-0.93868935,2.228041,2.3794353,0.15139437,6.362618
993868056cff56b0,2638,56,0.21689066,0.20932029,-0.007570371,-3.6166444,0.112821564,0.11483547,0.0020139068,1.7537323
5b208d0b4898dd8b,3111,22,0.2347828,0.22715956,-0.0076232404,-3.355897,0.10674907,0.5336577,0.42690867,79.99672
39277eb322b46a7e,3407,24,0.14425556,0.13646716,-0.007788405,-5.7071643,0.21769515,0.19033702,-0.02735813,-14.37352
ae94974fc7c3794a,3559,10,0.05696488,0.04915795,-0.0078069307,-15.881318,0.03408364,0.069342814,0.035259176,50.847626
64d40fb2c9734968,5189,6,0.03441612,0.026600225,-0.007815896,-29.382818,0.06301714,0.014262912,-0.048754226,-341.8252
2f3f4ea5af1575cd,2862,3,0.11918676,0.111162245,-0.008024514,-7.21874,0.078399174,0.09218176,0.013782583,14.95153
f5775c7677ac5005,4002,80,3.3720455,3.3639348,-0.008110762,-0.24110936,8.358635,8.567014,0.20837879,2.4323387
5b5599253d84a74f,3485,2,0.04108015,0.03286936,-0.008210789,-24.98007,0.047939017,0.01360818,-0.034330837,-252.28088
9792af3e696d0990,1809,4,0.25497618,0.24674827,-0.008227915,-3.334538,0.37417585,0.33237362,-0.041802227,-12.5768795
57437652dd4b825c,1635,3,0.13344018,0.12519795,-0.008242235,-6.583362,0.2274264,0.16468494,-0.06274146,-38.097874
c4ce5dbcbb3c2fa2,5044,9,0.10372918,0.09548172,-0.008247457,-8.637734,0.19175836,0.15131587,-0.040442497,-26.727203
c640bc6f9af6a739,4460,80,0.34547907,0.33714652,-0.0083325505,-2.4714925,1.1401688,1.0765533,-0.06361544,-5.909177
818831c3130720cf,2372,14,0.20522691,0.19682486,-0.00840205,-4.268795,0.8302576,0.681492,-0.14876562,-21.829403
302bc3031290106,1197,80,0.09011261,0.081706166,-0.008406445,-10.2886305,0.15037239,0.12319525,-0.027177133,-22.060211
7bbc68a082ff5d21,2365,25,0.33904865,0.33057052,-0.008478135,-2.564698,0.60480094,0.65133154,0.046530604,7.14392
ca47e3851fcc9081,2305,26,0.5838665,0.57536614,-0.008500338,-1.4773788,1.4477683,1.4282197,-0.019548655,-1.3687428
baa111839a22638f,5632,35,0.5250448,0.5165115,-0.008533299,-1.6521024,1.2422562,1.2162002,-0.026055932,-2.1424048
5cbe053e5ab9d87e,887,21,0.081601396,0.07301252,-0.008588873,-11.763561,0.16256873,0.09013952,-0.07242921,-80.35233
3a1dd2011ab05f7e,1701,65,0.43292004,0.4242961,-0.008623928,-2.0325258,0.72739714,0.8869115,0.15951437,17.985374
7f0fbdc4f9cc5fbe,487,7,0.07849785,0.06976418,-0.008733667,-12.518841,0.064047255,0.0772137,0.0131664425,17.051952
6867c3545076bd54,6662,1,0.21667656,0.20786123,-0.008815333,-4.24097,0.21667656,0.20786123,-0.008815333,-4.24097
c0e42717755c1c11,128,4,0.12455581,0.11572784,-0.008827969,-7.628216,0.17461433,0.1490708,-0.025543526,-17.135164
8d0541613ee8f77e,4977,20,0.4557739,0.4469048,-0.008869082,-1.9845573,0.6556674,0.7065946,0.050927162,7.2074094
452f3bd469d6378a,251,35,0.2850224,0.27614358,-0.008878827,-3.2152936,0.66781574,0.6788984,0.011082649,1.6324458
54e0aca7a01e9e04,1236,8,0.09722856,0.08823633,-0.008992225,-10.191068,0.12564303,0.11753286,-0.008110173,-6.9003453
388f07582178553,3942,77,1.2262988,1.2172853,-0.009013534,-0.7404619,1.329344,1.2514629,-0.0778811,-6.223204
68afa7bd56455261,721,3,0.112116374,0.10308364,-0.009032734,-8.762528,0.109835334,0.103225015,-0.006610319,-6.4037957
1a06120f15fe6bb7,5029,80,0.30263698,0.29355004,-0.009086937,-3.0955324,1.1379535,1.1063123,-0.031641245,-2.8600645
68e85817dbab3db,5469,80,0.31061694,0.30152088,-0.009096056,-3.016725,0.2049252,0.1836353,-0.0212899,-11.593577
c3973fc59a51b6,606,9,0.11128116,0.10214329,-0.009137869,-8.946128,0.104731776,0.11782157,0.013089791,11.109843
168c8bf713f0461a,4112,8,0.17813158,0.16897164,-0.0091599375,-5.420991,0.44487816,0.25510225,-0.18977591,-74.3921
addb75ef57ae9f04,1060,4,0.07539253,0.06612984,-0.009262688,-14.006821,0.13298562,0.12294026,-0.0100453645,-8.170932
ecb2c8ac4278ace7,1309,79,1.7478147,1.738545,-0.009269714,-0.5331881,2.6891277,2.6310358,-0.05809188,-2.2079473
778574889afae880,1412,20,0.37764913,0.36825746,-0.009391665,-2.5502987,0.79624903,0.8091936,0.012944579,1.5996888
ae8b30b0eb55d3d4,4501,12,0.10644314,0.096948005,-0.009495132,-9.794045,0.25732425,0.27503112,0.017706871,6.4381337
4c421c7131a5d287,2735,80,0.67455393,0.66504,-0.009513915,-1.4305778,1.5328816,1.5853655,0.052483916,3.3105247
fa90fd47fbaa3b0c,4275,9,0.045417115,0.035829455,-0.00958766,-26.75916,0.03281308,0.019773884,-0.013039196,-65.9415
375d2b04ec4168a0,7823,80,0.56408274,0.55428714,-0.009795606,-1.767244,0.13981564,0.2166258,0.07681015,35.457527
75276cb5f9d64348,6706,28,0.12597528,0.116166726,-0.009808555,-8.443515,0.08831954,0.11283339,0.024513848,21.725704
34ec08ae4caf266,4689,5,0.053618513,0.043809835,-0.009808678,-22.389215,0.025595862,0.055118665,0.029522803,53.56226
94f68ba16bcc546f,1504,6,0.11588233,0.10598549,-0.009896837,-9.337917,0.07935759,0.0460443,-0.033313286,-72.35051
5cd83c58a278166d,8576,70,0.054930933,0.04492459,-0.010006342,-22.27364,0.037096374,0.040938895,0.0038425215,9.385992
41850e22d067a605,2731,78,0.23418866,0.22409858,-0.010090083,-4.50252,0.30084515,0.25362125,-0.047223896,-18.61985
9f8fe145421e0784,5315,18,0.05588307,0.045613665,-0.010269403,-22.513876,0.033086684,0.05226805,0.019181367,36.698074
38c4748cc07eae64,4415,80,0.88641244,0.8761175,-0.010294914,-1.1750609,2.152715,1.9016747,-0.25104022,-13.201007
5d3d90c7815a323c,6744,2,0.11729182,0.10682394,-0.0104678795,-9.799189,0.14208314,0.1652015,0.023118362,13.994038
7d3328211cd19f74,6456,80,2.50965,2.498958,-0.010691881,-0.42785355,5.543944,5.6633253,0.11938143,2.107974
32f6e4179354e500,974,9,0.25291428,0.24221571,-0.010698572,-4.4169607,0.27208966,0.2651619,-0.0069277585,-2.6126523
e4c3f2ac790ffd11,702,11,0.10817866,0.09745214,-0.010726519,-11.006961,0.14545538,0.055115793,-0.090339586,-163.9087
d66c940cf818a65b,1132,6,0.2750464,0.26423836,-0.010808051,-4.0902658,0.33111987,0.32265306,-0.00846681,-2.6241221
33fb994656970c88,3481,34,0.24640933,0.23558134,-0.010827988,-4.5962844,0.7076452,0.7329188,0.025273621,3.4483523
172af8dd718877fb,5408,80,1.6523405,1.641449,-0.010891557,-0.6635331,4.1494765,4.342365,0.19288826,4.44201
5d9e0f1ce0ce54f2,3642,25,0.3921708,0.3812504,-0.010920376,-2.8643577,1.188581,1.0478141,-0.14076686,-13.434336
46be625ce81b62f8,1077,80,4.5988994,4.587968,-0.010931492,-0.23826435,11.012325,11.075356,0.06303024,0.56910354
66f8efa9e2c29831,5132,5,0.11416235,0.10316346,-0.01099889,-10.661613,0.2894911,0.14988151,-0.13960958,-93.14663
d7543b971a641a98,6963,36,0.08880354,0.07777416,-0.011029378,-14.181288,0.045812972,0.056438513,0.010625541,18.826756
77e0a5e28925987a,5761,80,3.0208654,3.009807,-0.011058331,-0.36740994,6.825552,6.9003677,0.07481575,1.0842284
753d5f88d265ad2,469,5,0.18982387,0.17870705,-0.011116818,-6.2206936,0.7050381,0.75185573,0.04681766,6.2269473
4d44c1f88f21a234,2877,17,0.21476647,0.20360288,-0.011163592,-5.4830227,0.15181778,0.18414418,0.0323264,17.554941
eb4bdd26508a0eb1,5381,80,0.15788195,0.14660802,-0.011273921,-7.689839,0.22505999,0.13369627,-0.09136371,-68.33677
5263e1e9874d97fc,7991,7,0.03535666,0.024040613,-0.011316046,-47.070538,0.0402536,0.024957633,-0.015295966,-61.287724
b695323757939601,6695,3,0.35139072,0.3400348,-0.011355907,-3.3396308,0.84463567,0.8084923,-0.036143363,-4.4704647
6f7c8085d2349995,4668,78,2.7956908,2.7843287,-0.011362076,-0.40807235,6.6954417,6.604255,-0.09118652,-1.3807238
5ba3ff61041916d6,1012,73,0.32167894,0.31027633,-0.011402607,-3.6749845,0.231767,0.45041794,0.21865094,48.544014
b16c35a410de001d,5823,80,2.8273075,2.815888,-0.011419535,-0.4055394,6.677116,6.548772,-0.12834406,-1.9598188
50091f23d23e4567,3938,6,0.23541884,0.22398065,-0.011438191,-5.106776,0.6505488,0.6947339,0.044185102,6.3600035
4692f8646d001878,5813,80,1.1543834,1.1428826,-0.011500835,-1.0063007,2.3976,2.6090107,0.21141076,8.1031
bdf6c19553f37b9c,6011,7,0.07948827,0.06780504,-0.011683233,-17.230627,0.114606015,0.09784314,-0.016762875,-17.132397
e562fed44fb1f976,5939,20,0.12448201,0.11269306,-0.011788957,-10.461121,0.18793184,0.16165692,-0.02627492,-16.253508
a6315aadb6b6587a,6039,2,0.16388112,0.15208396,-0.01179716,-7.7570043,0.1881119,0.14510438,-0.043007523,-29.639023
3c4f53179d853e25,3695,1,0.8073847,0.79550636,-0.011878371,-1.4931837,0.8073847,0.79550636,-0.011878371,-1.4931837
86004106699ccf7d,3470,41,3.265743,3.25386,-0.01188302,-0.36519766,8.338177,8.482999,0.14482212,1.7072042
c6eeffd7aa6b7bd8,5685,50,0.5097916,0.49786422,-0.011927396,-2.3957126,1.1571335,1.1605611,0.0034276247,0.29534203
c75e7367250e089b,5856,80,0.34620613,0.33421358,-0.011992544,-3.5882876,0.6814713,0.5780854,-0.103385866,-17.884184
ee9813409ffbd9ff,3244,34,0.6761609,0.6641444,-0.012016475,-1.8093166,0.8735187,0.8605469,-0.012971818,-1.5073924
57ac8d0f9b2b08cf,4859,4,0.10101992,0.08896233,-0.0120575875,-13.553588,0.13992475,0.09501431,-0.04491044,-47.267025
2d575c88df4dd0a,3590,18,0.15449832,0.14243759,-0.012060732,-8.46738,0.37565675,0.3346887,-0.04096806,-12.240646
47eadf4acbbc83a3,4411,80,2.7462406,2.7341447,-0.012095928,-0.44240263,6.675928,6.516729,-0.15919924,-2.4429317
ddd05607eba14abc,5068,2,0.059249587,0.047129836,-0.012119751,-25.715668,0.086267985,0.08310893,-0.0031590536,-3.8011
7acc7cb887876986,1266,27,0.3641682,0.35192266,-0.012245536,-3.47961,1.25208,1.2887999,0.03671992,2.849156
6c187baaef0d0729,2271,31,0.58570653,0.57345384,-0.012252688,-2.1366477,0.3377321,0.21655397,-0.121178135,-55.957478
287032c693de4b14,7223,79,1.6819819,1.6696637,-0.0123182535,-0.73776853,3.8027394,3.8327067,0.029967308,0.78188366
3e70e492b556f068,2418,5,0.10891352,0.096264064,-0.012649454,-13.14037,0.100997604,0.11014071,0.009143107,8.301296
4e7dbeb2a577803b,4807,80,0.05668815,0.04400348,-0.012684669,-28.826513,0.053105637,0.04112755,-0.011978086,-29.124239
9276b73b8c14f452,562,13,0.26024193,0.24749932,-0.012742609,-5.148543,0.44418868,0.44936606,0.0051773787,1.1521516
3ac4c0770300365f,341,5,0.4832669,0.4703459,-0.012920976,-2.7471218,0.502193,0.49775627,-0.0044367015,-0.89134014
a5434074d5223ad9,2458,4,0.1331907,0.12024623,-0.012944475,-10.764974,0.2008136,0.10873081,-0.0920828,-84.68878
8f28683fe3b2d1d2,2771,4,0.13114513,0.11819385,-0.012951285,-10.957664,0.21893932,0.12570398,-0.09323534,-74.17056
29838a5c9a8c7d1d,2322,5,0.09433154,0.08134226,-0.012989283,-15.9686775,0.12385325,0.08044647,-0.043406785,-53.957355
919b777e24d63e45,3353,2,0.03948775,0.026475273,-0.013012476,-49.149548,0.045721482,0.01945787,-0.026263613,-134.97682
88febfb76581321d,3081,7,0.097930714,0.08477257,-0.013158143,-15.521698,0.1784032,0.18508504,0.0066818446,3.6101482
de6025b9b41a96df,2592,26,0.3449702,0.33178332,-0.013186872,-3.9745436,0.43780208,0.45715746,0.019355386,4.2338552
15fd0e4cd9fb7edd,2437,80,0.17517948,0.16192888,-0.013250604,-8.182978,0.11342483,0.17256579,0.059140958,34.271545
3704ff7abfd54beb,6946,3,0.05232497,0.03902338,-0.013301589,-34.086205,0.030277375,0.03628097,0.006003596,16.547506
8f1e404dd62b4f3c,2087,13,0.15569314,0.14237897,-0.013314173,-9.351221,0.2376982,0.26634568,0.028647482,10.755753
ddd8618e63caa2c9,1879,7,0.060972087,0.047590412,-0.013381675,-28.118425,0.06655687,0.04246924,-0.02408763,-56.717827
7212c9e516237c03,3716,6,0.08094543,0.067517556,-0.013427876,-19.887976,0.11522411,0.070997186,-0.044226922,-62.29391
478e2952ff0aac,6037,13,0.15549667,0.14205843,-0.01343824,-9.459657,0.33240402,0.3121912,-0.02021283,-6.474503
d2ae9a217f3188e0,2132,49,0.95298797,0.9395221,-0.013465881,-1.4332693,2.3344162,2.3210175,-0.013398647,-0.5772747
fb6e129995794c8d,4580,80,0.4338325,0.42029127,-0.013541222,-3.2218661,1.133178,1.0520824,-0.08109558,-7.708101
98f4cc265c9280d5,6119,28,0.09307291,0.079525895,-0.013547018,-17.034725,0.041998573,0.046492606,0.0044940338,9.666125
b9b5b53338c31e53,4778,80,0.08040803,0.06684684,-0.013561189,-20.286957,0.12612882,0.094746694,-0.03138213,-33.12214
625c77d71bb939fb,1270,1,0.04350211,0.029933762,-0.013568349,-45.32791,0.04350211,0.029933762,-0.013568349,-45.32791
8e927f443b678cd,1108,7,0.20171604,0.18812905,-0.013586983,-7.222161,0.6110543,0.5184409,-0.0926134,-17.863829
cee51ddaad8312af,1786,1,0.06298639,0.04938163,-0.01360476,-27.550247,0.06298639,0.04938163,-0.01360476,-27.550247
f678e812313920d1,2566,4,0.09653141,0.08291453,-0.013616882,-16.422792,0.10834137,0.1615064,0.053165026,32.918217
88aba71af3543b57,4786,17,0.101593256,0.08788257,-0.013710685,-15.601142,0.24906881,0.26876444,0.019695625,7.328211
51abe0ae4244bfa8,6590,67,0.4041282,0.3903481,-0.013780087,-3.5302048,0.48025557,0.04221939,-0.43803617,-1037.5238
406ce65b2e1d0f50,7396,6,0.09332591,0.07952377,-0.013802141,-17.355993,0.16449192,0.11782157,-0.046670355,-39.611046
82e74509f61b25f5,4557,48,0.08553279,0.07171295,-0.0138198435,-19.271057,0.09686113,0.17820594,0.081344806,45.64652
9dc02252a7f97ae4,845,3,0.07912039,0.06521724,-0.0139031485,-21.318209,0.065648414,0.028938647,-0.036709767,-126.853775
408ce81875515aff,1844,12,0.15486743,0.14094652,-0.013920903,-9.876727,0.37491766,0.19908108,-0.17583658,-88.324104
4563ba5ba5df4af8,1732,80,1.6842439,1.6702839,-0.013960004,-0.8357863,6.313577,4.961042,-1.3525352,-27.263128
944f2117fcaca90f,6535,80,0.5131672,0.49913627,-0.014030933,-2.8110425,1.4557408,1.0089036,-0.4468372,-44.289383
c1496915350c2112,1255,37,0.6850468,0.67101115,-0.014035642,-2.091715,1.5373527,1.3200998,-0.21725285,-16.457304
3eb5502555112ae1,4440,3,0.07110086,0.056992725,-0.014108136,-24.754276,0.08965381,0.03963175,-0.050022062,-126.21714
3318add8b6f95a44,5201,13,0.31837052,0.30422953,-0.014140993,-4.648133,0.21317266,0.22969832,0.016525656,7.1945047
a9ad0c9724794cdd,4703,1,0.08462528,0.07040103,-0.014224254,-20.20461,0.08462528,0.07040103,-0.014224254,-20.20461
360a1a83002f8481,5769,9,0.11356667,0.09931918,-0.0142474845,-14.345148,0.30105898,0.24366665,-0.05739233,-23.553625
c07469982d699403,5953,72,1.6866751,1.6723844,-0.01429069,-0.8545099,3.2902699,3.2126966,-0.0775733,-2.4145854
bbd6578d832c83bc,408,80,0.48108515,0.46674275,-0.014342397,-3.0728698,1.1666425,1.0102706,-0.15637195,-15.478225
46f51457c8d25082,6971,69,1.2922602,1.277784,-0.01447618,-1.1329129,3.9223576,3.9000194,-0.022338152,-0.5727703
955be9a3ff633c7f,163,9,0.05362063,0.03899789,-0.01462274,-37.496235,0.052842356,0.050413433,-0.0024289228,-4.818007
9fa675ae3ed10bb9,7246,18,0.2587318,0.24409406,-0.014637753,-5.9967675,0.5255685,0.4860859,-0.039482594,-8.122555
4a5715a89879f800,357,4,0.14442183,0.12978151,-0.014640316,-11.280741,0.20176543,0.08471773,-0.117047705,-138.16199
ac60e025d6d59011,536,18,0.36909774,0.354452,-0.0146457255,-4.1319346,0.89167386,0.7124674,-0.17920649,-25.152939
f23a4ce135656015,2444,5,0.30403242,0.28930226,-0.0147301555,-5.0916142,0.5190409,0.5703275,0.051286638,8.992489
f00fbc83f5446f04,3915,79,0.6072971,0.59253216,-0.014764965,-2.4918418,1.8537894,1.0501766,-0.8036128,-76.52168
ea90bad90115746,3665,4,0.11398782,0.09917965,-0.0148081705,-14.9306555,0.12780662,0.042712748,-0.08509387,-199.22359
77af4396b0b46fbd,2202,1,0.8825256,0.8677075,-0.014818132,-1.7077336,0.8825256,0.8677075,-0.014818132,-1.7077336
cff582a2cf6dbdfd,2971,12,0.07323493,0.058413763,-0.014821168,-25.372732,0.110946536,0.19338712,0.082440585,42.62982
e8b096e44aabb325,3689,4,0.07186401,0.0568474,-0.015016608,-26.415646,0.09310181,0.08077181,-0.012329996,-15.265222
a59e3a37cf68d3ee,4922,2,0.14331171,0.1281642,-0.015147507,-11.818829,0.15522511,0.14228058,-0.012944534,-9.097893
1ce38b73d8f33a1c,4535,6,0.26021874,0.24465448,-0.015564263,-6.3617325,0.4704263,0.41824055,-0.052185744,-12.4774475
680039576d5db4be,6828,20,0.32852668,0.31289023,-0.015636444,-4.9974217,0.78991765,0.77147084,-0.018446803,-2.3911211
dc85ad18167fcb53,1959,80,2.400084,2.384121,-0.015963078,-0.6695582,5.0757627,4.9427314,-0.13303137,-2.6914546
d3c5f1b6633a9c5a,5036,18,0.10796472,0.091856495,-0.016108222,-17.536291,0.04458425,0.016050274,-0.028533975,-177.77875
b4bc437c88df8248,4589,23,0.54964304,0.53350097,-0.01614207,-3.0256872,1.2425839,0.9246586,-0.31792527,-34.38299
27a7c760e415ed7e,305,3,0.107958354,0.091745734,-0.01621262,-17.671251,0.1359872,0.088713124,-0.047274083,-53.288715
73507d1e3e863e22,7499,58,0.098171,0.08193143,-0.016239576,-19.820936,0.062653355,0.20024547,0.1375921,68.71172
b8f8838693292fde,2700,17,0.19647984,0.18017341,-0.01630643,-9.050408,0.28464252,0.24438319,-0.04025933,-16.473856
6b5cf8ed528dc80f,1527,23,0.56941354,0.55300474,-0.016408801,-2.9672081,1.1008215,1.4362723,0.33545077,23.355654
2f6f1ed360e38360,3913,7,0.05768073,0.04126487,-0.01641586,-39.781685,0.07407432,0.04823013,-0.02584419,-53.585155
e1898164aa1831f4,5114,13,0.13909818,0.12262894,-0.01646924,-13.4301405,0.279625,0.2819816,0.0023565888,0.83572435
71ef041b1d009f53,4253,80,0.9042597,0.88750297,-0.016756713,-1.8880739,0.47617424,0.63544667,0.15927243,25.064642
92eb59489e4ec24b,6143,80,2.12192,2.1048892,-0.017030954,-0.80911404,5.18568,5.0027156,-0.18296432,-3.6573
1d5970b46534fcf9,5170,22,0.1509178,0.13383307,-0.017084733,-12.765704,0.2997665,0.2141289,-0.085637614,-39.99349
23ca18ec887b74fb,3621,58,0.32483566,0.30761883,-0.017216831,-5.596807,0.7791959,0.8216028,0.042406917,5.161486
ef937b5bc27fe6db,1898,76,0.87825,0.86094487,-0.017305136,-2.0100167,3.0459342,2.8907835,-0.15515065,-5.3670793
2fcba69ddf041363,3546,5,0.27183282,0.25450435,-0.017328471,-6.808713,0.88996416,0.8074432,-0.08252096,-10.220033
61d1a933c9e07b56,3817,63,1.8073295,1.7899189,-0.017410636,-0.97270536,6.6806464,5.8548784,-0.825768,-14.103931
f9ec7b9c1207297f,1208,16,0.20578644,0.18835743,-0.01742901,-9.253158,0.47976804,0.27521333,-0.2045547,-74.325874
219bfa387db38f85,2319,13,0.14601961,0.12851089,-0.017508715,-13.624305,0.6093038,0.47893453,-0.13036925,-27.220682
aa9bcf7d9cd1edca,2101,34,0.49815953,0.48064888,-0.017510653,-3.643128,1.0412847,0.87876767,-0.16251701,-18.49374
25318f07c0522563,3998,2,0.05562131,0.038039908,-0.017581403,-46.21831,0.028668597,0.016748117,-0.01192048,-71.17504
66dbb7caad188b3b,4469,30,1.5337034,1.5160867,-0.017616749,-1.1619881,3.4141507,3.455088,0.040937185,1.1848377
2272e4c41fce36fa,5993,40,0.9539319,0.93626577,-0.017666161,-1.8868747,2.0950544,2.093634,-0.0014204979,-0.06784844
490212469b4fbf62,1120,1,0.24556057,0.22789098,-0.017669588,-7.753526,0.24556057,0.22789098,-0.017669588,-7.753526
f01460253f6632c6,2778,40,0.7879033,0.7702092,-0.017694116,-2.297313,2.2132094,1.9982767,-0.21493268,-10.755901
d1749855b269425b,4852,53,0.56642866,0.54860824,-0.017820418,-3.2482955,1.4031677,1.2646303,-0.1385374,-10.954775
3899710f9b111606,3811,2,0.05680684,0.038874153,-0.017932687,-46.130104,0.056452077,0.028000705,-0.028451372,-101.60948
1468a4064fa63501,2844,6,0.18417485,0.16623992,-0.017934933,-10.788584,0.5833697,0.57215995,-0.011209726,-1.9591947
9ba64c4ad1549aa5,4244,3,0.10930074,0.09130157,-0.017999172,-19.71398,0.15685584,0.07159879,-0.085257046,-119.076096
d189dd26a2a76ce2,2097,50,0.55024594,0.53216547,-0.018080473,-3.3975284,0.78346974,0.63969034,-0.1437794,-22.476406
14b678275b9eefad,3174,19,0.10311215,0.08502886,-0.018083297,-21.267246,0.1749417,0.22339441,0.048452705,21.68931
52118329816070c5,2345,15,0.30922592,0.29105127,-0.018174648,-6.2444835,0.6802772,0.6305131,-0.049764156,-7.8926444
fc019561156e7e35,616,1,0.09224381,0.07404669,-0.018197127,-24.575207,0.09224381,0.07404669,-0.018197127,-24.575207
c6184e8fb93c35be,6354,31,0.4363805,0.41811362,-0.018266886,-4.368881,1.4516164,1.4373668,-0.014249563,-0.9913658
c7138452ccbe49d5,6597,80,1.0415324,1.0231059,-0.018426538,-1.8010392,0.5153623,0.19334951,-0.3220128,-166.54442
6c40082f98823f15,3386,12,0.11554894,0.09705328,-0.018495657,-19.057219,0.17585075,0.17871432,0.002863571,1.6023176
769ed8db4cf22487,2299,28,0.13933952,0.12077213,-0.01856739,-15.373903,0.27125654,0.3911973,0.11994076,30.659914
9a8ca982ed2f2a9,748,42,0.42904323,0.41039988,-0.01864335,-4.542728,0.43841565,0.21059361,-0.22782204,-108.18089
63efe79ec4045e3c,3579,80,0.7739733,0.7552891,-0.018684208,-2.4737823,3.6101618,3.0904217,-0.5197401,-16.817772
e83d7c12ff4a3ba5,3487,36,0.20006126,0.1812707,-0.018790558,-10.36602,0.764895,0.6808117,-0.08408332,-12.350451
73e155e99fbc388f,8388,22,0.24824475,0.2294016,-0.018843144,-8.214043,0.7880085,0.7218358,-0.06617272,-9.167281
9890d19f87cc76c8,3101,5,0.17982523,0.16094807,-0.018877164,-11.728729,0.3564172,0.2990291,-0.057388097,-19.191475
3e2df2fff5b32c8,7035,7,0.10759515,0.08865207,-0.018943086,-21.3679,0.12738153,0.26239377,0.13501224,51.454056
ab4c68824dcfb608,7897,20,0.082827255,0.06387006,-0.018957198,-29.680883,0.13434197,0.12764283,-0.006699145,-5.248352
d883842ee6ef17c6,1797,79,1.8025932,1.783565,-0.019028187,-1.0668625,5.7492185,5.3404746,-0.40874386,-7.653699
ae473578e3ad559b,2317,2,0.63032746,0.61123234,-0.019095123,-3.1240366,0.21390536,0.19058862,-0.023316741,-12.234068
a02e679f2df464fb,6200,2,0.041363798,0.022147845,-0.019215953,-86.76218,0.013118441,0.01316776,4.931912e-05,0.37454447
dc2181b5bf71f08f,1371,4,0.13358559,0.11434522,-0.019240364,-16.826557,0.20397887,0.09339328,-0.110585585,-118.4085
7b19eb64a5b6ddd6,3655,80,0.32018262,0.30087057,-0.019312054,-6.418725,1.240497,0.83536017,-0.40513682,-48.49846
1e5cd89f948077d0,2459,5,0.17061208,0.15129523,-0.019316852,-12.767654,0.119318545,0.16330567,0.043987125,26.935455
7cbe3587709d150e,5743,2,0.0630267,0.043597564,-0.019429132,-44.56472,0.059492216,0.03996922,-0.019522995,-48.845074
7849626ebdee23c5,2045,9,0.05210442,0.03254164,-0.01956278,-60.11615,0.08380091,0.024815595,-0.058985315,-237.69455
3fb1b4c9fa7c7630,6462,7,0.06452724,0.044932313,-0.01959493,-43.609886,0.07092075,0.059844464,-0.011076286,-18.508457
9f29588c3b1d8709,3574,76,0.61389893,0.5942524,-0.019646525,-3.3060908,0.7958337,1.0087949,0.2129612,21.110456
2b7e0571673a3c5b,739,80,0.421033,0.4013444,-0.019688606,-4.905664,0.9150262,1.0728586,0.15783238,14.711388
ee28a15a2f02f12a,5670,65,1.2024775,1.1826962,-0.019781232,-1.6725538,2.6954935,2.6645508,-0.030942678,-1.1612719
384e20e214aaa601,653,29,0.32730013,0.30750728,-0.019792855,-6.436548,0.7966938,0.80383193,0.007138133,0.8880131
9a29b88bbeb1b040,4894,9,0.10514139,0.085321225,-0.019820161,-23.230047,0.06830009,0.16030785,0.09200776,57.39442
50e907efc0cd0619,3082,31,0.31570202,0.29576096,-0.019941062,-6.7422905,1.0235647,0.86321,-0.16035467,-18.576553
fd751056e0550193,2691,38,0.5153361,0.49532554,-0.02001056,-4.0398808,1.7428062,1.7207397,-0.022066474,-1.2823831
bb399883e0de4b09,1191,9,0.04662953,0.026585532,-0.020043997,-75.39438,0.03647595,0.034945384,-0.0015305653,-4.3798785
320c9a534301f295,4221,21,0.12964606,0.10947709,-0.020168975,-18.42301,0.38776496,0.16773243,-0.22003253,-131.18066
7b9a7c335ab8412,5361,80,0.9494146,0.92920285,-0.020211756,-2.1751714,2.157116,1.9480819,-0.20903409,-10.730251
f9937b8881aa4c40,957,73,0.5851575,0.56494105,-0.020216465,-3.5785086,0.7189195,0.7472661,0.028346598,3.793374
2e078d79f195779,3768,5,0.064993784,0.044614658,-0.020379126,-45.678097,0.12880589,0.071178615,-0.057627276,-80.9615
7a45a196731c91b6,1085,5,0.17037225,0.14994653,-0.020425722,-13.622004,0.26477277,0.24360354,-0.02116923,-8.690034
83d7e71abff67e62,4107,27,0.09765584,0.07715512,-0.02050072,-26.570782,0.23409623,0.1000515,-0.13404474,-133.97574
a397fb74a75d3a56,393,7,0.2671382,0.24654521,-0.020593002,-8.352628,0.4623407,0.37135226,-0.09098846,-24.501926
63be0db064f934d1,398,5,0.20084636,0.18021774,-0.020628616,-11.446495,0.29550388,0.270444,-0.025059879,-9.266198
8ac08a8152a62e3,5622,77,0.36088344,0.340086,-0.020797431,-6.1153445,0.5062488,0.47058254,-0.035666227,-7.579165
22462d80870da847,4511,40,0.4166506,0.39583355,-0.020817041,-5.2590394,1.0806583,0.5828102,-0.4978481,-85.42199
d04ac268ce4805a1,3857,8,0.08779124,0.06690505,-0.02088619,-31.217659,0.051292233,0.08339201,0.032099776,38.49263
4bc7200fbd715f71,2008,15,0.2109025,0.18997484,-0.020927653,-11.016013,0.3952238,0.60766363,0.21243984,34.960102
af16c7a66d1ddfb4,7247,13,0.2360447,0.2151022,-0.02094251,-9.7360735,0.65777194,0.788329,0.13055706,16.56124
14a7ad827c9f9bfd,717,13,0.3229162,0.30195963,-0.020956576,-6.9401913,0.33898908,0.20875375,-0.13023533,-62.387062
77aad5ac0b78aaf4,2327,2,0.18461287,0.16357422,-0.021038651,-12.861839,0.2080101,0.24414062,0.036130518,14.79906
1d1f5fa04d938a95,2297,7,0.09972169,0.07851382,-0.021207869,-27.011637,0.18387663,0.100931406,-0.08294523,-82.1798
5e11ebc5f7169fba,1636,21,0.5802141,0.55891293,-0.02130115,-3.811175,1.0568414,1.0129924,-0.04384899,-4.3286595
bd30bee333ab31e9,6147,10,0.055562288,0.03395578,-0.021606509,-63.631313,0.06565522,0.031689417,-0.0339658,-107.18342
cc38375bf0c70b92,5940,4,0.07023416,0.04857079,-0.021663368,-44.60164,0.056316905,0.03804043,-0.018276475,-48.044872
23755aedd8f90e29,7028,75,0.19783847,0.176147,-0.021691471,-12.314414,0.057239003,0.021308877,-0.035930127,-168.61577
68c89539a4afbb43,7674,3,0.065664835,0.043841008,-0.021823827,-49.779484,0.08317005,0.056564413,-0.026605636,-47.036
c8941d2cc81a0e2b,7647,7,0.117929764,0.09606004,-0.021869726,-22.766727,0.12737778,0.15735161,0.029973835,19.048954
f023bd8a2af09559,223,15,0.13214438,0.11016832,-0.021976054,-19.947706,0.2746139,0.07872636,-0.19588754,-248.82079
17a010edfe6d47b3,127,22,0.48422384,0.46218595,-0.022037894,-4.7681875,0.9520706,1.0075665,0.05549586,5.5079107
3870a5eac13c16c4,7946,46,0.12534964,0.10330152,-0.022048123,-21.343466,0.14367421,0.22640355,0.08272934,36.540653
9699a2ecf8d81179,4823,37,0.25229493,0.2302038,-0.02209112,-9.596332,0.5598249,0.57491237,0.015087485,2.6243103
66a6c222008921dd,4885,80,2.2043993,2.182306,-0.022093296,-1.012383,5.3277164,5.146444,-0.1812725,-3.5222867
fc8e50750d846c3b,3347,39,1.8151618,1.7927097,-0.022452116,-1.2524122,4.707866,4.476818,-0.2310481,-5.1609893
2182d6064046fcbd,7303,13,0.14648704,0.12403489,-0.022452153,-18.101482,0.32603014,0.3046254,-0.021404743,-7.0265784
b8faf70f71e07f5f,522,64,0.8863829,0.86387295,-0.022509933,-2.6056993,1.094331,1.8353561,0.7410251,40.375004
af209a9fb9d9c7ff,46,21,0.666575,0.6440055,-0.022569537,-3.504557,1.1646035,1.2923449,0.12774146,9.884471
718897bbb457d2c2,2001,80,0.69783545,0.6752287,-0.02260673,-3.3480108,1.7869595,1.6386358,-0.14832377,-9.0516615
91b10c0ea457d835,2389,12,1.0104257,0.9875663,-0.022859395,-2.31472,0.67669797,0.5586502,-0.118047774,-21.130892
85cf2eaba4f0f1b7,698,48,0.85705495,0.83407474,-0.022980213,-2.7551744,1.3126535,1.427912,0.115258455,8.071818
1924968408538494,4793,79,0.36423302,0.34113178,-0.02310124,-6.77194,0.5820898,0.49466085,-0.08742893,-17.674519
c04d278fc09612a,339,1,0.051289435,0.028131912,-0.023157524,-82.317635,0.051289435,0.028131912,-0.023157524,-82.317635
bf3f207b6e3575b2,3251,21,0.22287737,0.19971019,-0.023167178,-11.600398,0.28407502,0.38923782,0.1051628,27.01762
6190948ad2ab9b8a,3934,56,0.21435608,0.191114,-0.023242086,-12.161373,0.7930263,0.70987666,-0.08314967,-11.713256
39ebbb60c2653a8f,5355,80,1.1695307,1.1461632,-0.023367524,-2.0387607,2.162623,2.0200708,-0.14255214,-7.056789
85131ea809262844,3125,5,0.3344805,0.3110488,-0.023431689,-7.5331225,0.46342704,0.49586612,0.032439083,6.5419035
d0a3ed64427e466,5299,80,1.9525731,1.9288552,-0.02371788,-1.2296351,4.909424,4.5325775,-0.3768463,-8.314172
34672987e99033c2,334,31,4.0445967,4.020864,-0.023732662,-0.59023786,9.187978,8.840288,-0.34768963,-3.9330125
f46a5ea861ad01b8,2382,80,0.31120956,0.28745136,-0.023758203,-8.265121,0.8822089,0.60203075,-0.28017813,-46.538837
2964ac5a3c4985c5,5389,63,0.47563857,0.45183906,-0.023799509,-5.2672534,0.6438244,0.67378557,0.029961169,4.446692
73bd75921f55a267,917,1,0.034478325,0.010664224,-0.0238141,-223.30835,0.034478325,0.010664224,-0.0238141,-223.30835
5f5578c41947b30b,1877,52,2.135166,2.111343,-0.023823023,-1.1283351,5.269406,4.9689064,-0.30049944,-6.047597
5f7bb86fc3ee28c1,1212,37,0.26575562,0.24189715,-0.023858473,-9.863065,0.5560038,0.7818162,0.22581238,28.883053
10e3802185b19371,947,22,0.7063288,0.68245655,-0.023872256,-3.4979892,1.6717364,1.5996906,-0.0720458,-4.5037336
57f8c7fe228ef6fe,2808,1,0.15390104,0.12994911,-0.023951933,-18.43178,0.15390104,0.12994911,-0.023951933,-18.43178
317601b7bf13ec5c,1336,15,0.08485734,0.06077789,-0.024079446,-39.61876,0.22318032,0.07807446,-0.14510587,-185.85573
7a82dbcc03aa38c8,3069,10,0.13261347,0.10850086,-0.024112605,-22.223421,0.253895,0.13564754,-0.11824748,-87.1726
e87ef2405e5ab05f,903,80,0.39590746,0.3716993,-0.024208158,-6.512834,0.8898018,0.8783209,-0.0114809275,-1.307145
c951c6b0ecd3cbd7,2375,79,1.8314744,1.8071504,-0.02432406,-1.3459897,5.3027587,5.6014647,0.29870605,5.332642
3b523aceb232aa6f,6911,78,0.53319865,0.50873846,-0.024460196,-4.80801,0.4757341,0.809307,0.33357286,41.217102
1c8b13a8ef08a70d,6709,16,0.13735622,0.11272879,-0.024627432,-21.846622,0.3173477,0.26093882,-0.056408882,-21.617666
147d33c2f60c8115,5083,80,2.4275959,2.4029617,-0.024634123,-1.0251567,6.560758,6.326755,-0.23400307,-3.698627
6377247799923843,8337,80,0.5221439,0.49744624,-0.024697661,-4.9648905,0.51863307,0.5883565,0.06972343,11.850541
f195896b7a9ea2b2,1799,10,0.13866343,0.11394491,-0.024718516,-21.693392,0.14087167,0.1264576,-0.014414072,-11.398344
782a45425df0f0cb,6542,10,0.075649574,0.050827432,-0.024822142,-48.836113,0.055542126,0.04048044,-0.015061688,-37.207325
a618c1628b2e1faf,5072,7,0.06720875,0.04236021,-0.024848543,-58.660107,0.07263553,0.060149085,-0.012486447,-20.759163
5ce2d6d4e725a1bd,2992,1,0.09927972,0.07437599,-0.02490373,-33.483562,0.09927972,0.07437599,-0.02490373,-33.483562
880078c562d46089,6030,75,0.22379534,0.19886813,-0.024927214,-12.534544,0.7946417,0.6344547,-0.16018695,-25.24797
7581aed18a7aeb91,4951,46,0.2509236,0.22591655,-0.025007054,-11.069156,0.8515773,0.7684058,-0.08317149,-10.823902
83b2a7a8748683a6,1292,7,0.11131517,0.08625473,-0.025060438,-29.053986,0.07168524,0.10033724,0.028651997,28.555696
357710ccccd04e84,4385,15,0.14188899,0.116664454,-0.025224537,-21.62144,0.27479827,0.18873768,-0.0860606,-45.597996
9c823acca8b3fc57,819,5,0.12343435,0.0981145,-0.025319852,-25.806433,0.12027612,0.2003468,0.080070674,39.966038
fdab8c6f64e941f,425,11,0.08734521,0.061962757,-0.025382455,-40.96405,0.18695195,0.09825531,-0.08869664,-90.27161
84a22cdca7475fbc,3409,3,0.06591969,0.04031385,-0.025605839,-63.516228,0.030024102,0.05640933,0.026385227,46.774582
3ee17140e7dd7467,4450,18,0.24856228,0.22295107,-0.025611207,-11.487367,0.5055209,0.64283925,0.13731837,21.36123
a929b7d4857f221c,8326,70,0.7973409,0.7714193,-0.025921643,-3.3602536,1.6917511,1.392401,-0.29935014,-21.498846
ffa27e250d5a376,5837,2,0.6656668,0.6396699,-0.025996923,-4.0641155,0.804843,0.8139006,0.009057581,1.1128609
dbe9df155db4afab,1745,3,0.28226218,0.25620946,-0.026052713,-10.168521,0.24898334,0.31582937,0.06684603,21.165236
794167cdb5fac2bd,4478,80,0.57353514,0.547387,-0.02614814,-4.776902,0.39100066,0.6926323,0.30163166,43.548595
39f0ad56b8f974db,831,2,0.095004246,0.06864492,-0.026359327,-38.399532,0.1239695,0.0708915,-0.053078003,-74.87217
9e4b4e13e22bd312,3933,1,0.037119813,0.010500886,-0.026618928,-253.49222,0.037119813,0.010500886,-0.026618928,-253.49222
3892ae876a43ce98,2886,29,0.13654913,0.1097344,-0.026814729,-24.436028,0.23599716,0.17284873,-0.063148424,-36.533924
b7bd691bf14176f2,2381,6,0.1744337,0.1475878,-0.026845887,-18.189774,0.15650824,0.026734348,-0.12977389,-485.42004
b4fffcf90de26b83,189,8,0.3266558,0.29976308,-0.026892722,-8.971325,0.60231256,0.46634215,-0.13597041,-29.156792
7fbc207f3525b569,2196,3,0.16264217,0.13566454,-0.026977628,-19.885542,0.15443587,0.10572416,-0.04871171,-46.07434
9ae28d81f3d8f225,4400,46,0.7349677,0.7079372,-0.027030528,-3.81821,1.2133795,1.1857754,-0.027604103,-2.327937
1044d84e5cd4f368,5788,16,0.10074244,0.0736677,-0.02707474,-36.752525,0.24277352,0.18906008,-0.05371344,-28.41078
f3903e4b5621e79f,2631,80,0.39743927,0.3703055,-0.027133763,-7.3273993,0.62897736,0.47923324,-0.14974412,-31.246605
921c53384403a50f,3887,16,0.6500148,0.62280124,-0.027213573,-4.369544,1.6584218,1.5320231,-0.12639868,-8.2504425
cf076a68436cd130,5952,80,2.6897569,2.6624784,-0.027278423,-1.02455,6.711347,6.672385,-0.038961887,-0.58392745
3ed9279f29656974,1518,2,0.11635793,0.08899213,-0.027365804,-30.750814,0.16710423,0.10014052,-0.06696371,-66.86975
482bb8eebd4efb04,2893,1,0.2251522,0.19766557,-0.027486622,-13.905619,0.2251522,0.19766557,-0.027486622,-13.905619
80692b4d67f29a10,3656,80,1.0158578,0.98825675,-0.027601063,-2.7929041,1.7841865,1.8401406,0.0559541,3.0407512
c5e79c87c080a08d,2824,7,0.08168898,0.05391454,-0.027774438,-51.515675,0.10336869,0.09052121,-0.012847483,-14.192788
c62f5ef7690218ee,6919,44,0.19382343,0.1658372,-0.027986228,-16.875725,0.6314647,0.54806066,-0.083404064,-15.218036
50de009ee00260d1,309,78,1.8709034,1.8425759,-0.028327465,-1.5373839,3.9682214,3.4517255,-0.51649594,-14.963414
ae75f5871c946d8d,9224,80,1.2177379,1.189358,-0.028379917,-2.3861542,3.104893,3.2322636,0.1273706,3.9406006
8eddc6a836ef84ea,2054,2,0.13332546,0.10477717,-0.028548285,-27.246666,0.15637283,0.14825168,-0.008121148,-5.4779463
bff132635f6e4ccf,2356,6,0.118131846,0.08956921,-0.028562635,-31.888899,0.20427966,0.11977586,-0.0845038,-70.55161
643bf89ce99c51e3,3290,1,0.21336718,0.1845427,-0.028824478,-15.61941,0.21336718,0.1845427,-0.028824478,-15.61941
d1ba692da5ec4174,3110,60,0.90356296,0.87472034,-0.028842628,-3.2973542,2.2795994,2.0756295,-0.20396996,-9.826897
96b09568ab334eec,3711,11,0.08831512,0.059356906,-0.028958216,-48.786602,0.07309307,0.036488563,-0.03660451,-100.317764
158e6dd8e2e94e5,3058,12,0.1719095,0.1429361,-0.0289734,-20.270178,0.570338,0.46775305,-0.10258496,-21.931435
ade163b121c634ee,3262,80,0.57454723,0.5455653,-0.028981924,-5.312274,1.7150522,1.5315698,-0.18348241,-11.980022
b6acb9cde6e65f88,2852,78,0.5331117,0.5040423,-0.029069364,-5.7672467,1.8487611,1.7013224,-0.14743865,-8.66612
94930392dfaf56ce,2040,4,0.07045818,0.04129676,-0.02916142,-70.6143,0.05285648,0.061108965,0.008252487,13.504542
855028a6d78335e5,5482,80,1.5456927,1.516476,-0.029216647,-1.9266145,3.9822826,3.8483868,-0.13389587,-3.4792728
e8bd155578a9dcf1,1054,10,0.2920823,0.26270714,-0.029375166,-11.181716,0.37751487,0.3596438,-0.017871082,-4.969106
ae8befe549dad062,4217,16,0.21199928,0.18259403,-0.029405251,-16.10417,0.8003931,0.56944823,-0.23094487,-40.555904
b87d5def8199d0d0,1642,21,0.3024023,0.2729842,-0.029418081,-10.776477,0.4787894,0.46684924,-0.011940151,-2.5576034
62c6dba0b26d05f7,5949,17,0.103534326,0.07402938,-0.029504947,-39.85573,0.28029907,0.21417078,-0.066128284,-30.876425
571acc76c0b537d0,3924,80,1.776289,1.746706,-0.029582977,-1.6936438,3.4145472,3.608297,0.1937499,5.3695664
4717f45609391ae,4967,80,1.7696869,1.7400539,-0.029633045,-1.7029958,4.7925377,4.968922,0.17638445,3.5497527
3f76c2a9a9a88e7d,679,9,0.08798555,0.058253143,-0.02973241,-51.040012,0.093856834,0.10747394,0.013617106,12.670146
ab8a6426cda1c7b4,7181,12,0.07690073,0.047104288,-0.02979644,-63.256325,0.11332018,0.073833875,-0.039486304,-53.479927
30b6d51dff3bbd4d,5724,24,0.27425238,0.24428266,-0.029969722,-12.26846,0.6100265,0.6617114,0.051684916,7.8107944
f90ea331c124b0b,4526,80,0.20218107,0.1721257,-0.030055374,-17.461294,0.23990645,0.13304447,-0.10686198,-80.3205
e5212375be0bb797,5005,80,0.25506157,0.22490835,-0.030153215,-13.406889,0.30470636,0.20105347,-0.103652894,-51.55489
202cc7b6567707ec,1318,28,0.17679025,0.14655341,-0.03023684,-20.631958,0.04431539,0.14398669,0.0996713,69.22257
41b06c3124c53484,5182,27,0.22313051,0.1924731,-0.03065741,-15.928154,0.45294824,0.5282597,0.07531145,14.25652
2c7c738676119cf9,4403,15,0.09276912,0.061960388,-0.030808736,-49.723278,0.20407352,0.0704886,-0.13358492,-189.51279
be33b18083420bc6,976,73,1.6629237,1.6320771,-0.030846596,-1.8900208,3.3636508,3.3143265,-0.049324274,-1.4882141
6543bb094e751830,5321,79,0.78652644,0.7552186,-0.031307817,-4.14553,2.0560498,2.1759043,0.11985445,5.5082593
7e17e3b9a5a08d57,1693,1,0.1404516,0.109135225,-0.03131637,-28.695015,0.1404516,0.109135225,-0.03131637,-28.695015
e1ae5adcc0084a9e,2402,27,0.15986986,0.1284901,-0.03137976,-24.421926,0.35629198,0.3116276,-0.044664383,-14.332615
43ed0a2b8acfd833,1904,5,0.26212153,0.23064971,-0.03147182,-13.644855,0.210788,0.37207898,0.16129099,43.34859
d9ea70a8b0342650,6863,80,0.63290054,0.60132647,-0.03157407,-5.2507367,1.5635672,1.3595157,-0.2040515,-15.009132
748c59e4282991d4,5396,80,0.5207015,0.48903137,-0.031670153,-6.476098,1.4519235,1.4786776,0.02675414,1.8093288
d766b1721934c651,3881,35,0.17431222,0.1424207,-0.031891525,-22.39248,0.25603753,0.4827948,0.22675726,46.96763
24a9679d8d4e8a56,7142,10,0.08810337,0.056171678,-0.03193169,-56.8466,0.0810032,0.08924734,0.008244142,9.23741
3db634be5295c26f,1828,7,0.14393353,0.11196918,-0.031964354,-28.547457,0.13210377,0.10007421,-0.03202956,-32.00581
cd9060984a9421cf,10,79,3.0152967,2.9832113,-0.03208542,-1.0755329,8.070438,7.750204,-0.3202343,-4.1319466
c1f838c60065ba7e,1097,5,0.124479815,0.0923136,-0.032166213,-34.8445,0.22644421,0.20658971,-0.0198545,-9.610595
a844b0ceae4774e,2860,80,3.7429554,3.710786,-0.032169342,-0.86691445,9.603643,10.004052,0.40040874,4.0024657
dee74fe806619507,3176,21,0.17336424,0.1410396,-0.032324642,-22.918842,0.4763574,0.3160157,-0.16034171,-50.738525
e13f76b63c431f1c,3993,80,0.701006,0.66864544,-0.032360554,-4.839718,2.1060846,1.9631106,-0.14297402,-7.2830343
81d95daf56d00a8c,6557,79,0.46273383,0.43024474,-0.03248909,-7.5513043,0.8251282,0.83898956,0.013861358,1.6521491
68621d4b1baafa53,4819,80,0.70137346,0.66877985,-0.032593608,-4.8735933,2.8382137,2.2726426,-0.56557107,-24.886053
933dc203d0eca6dd,884,76,1.1618358,1.1291127,-0.03272307,-2.8981223,2.9145477,2.7256052,-0.18894243,-6.9321275
ed399c7da2b32bd2,5259,5,0.11032115,0.07755609,-0.03276506,-42.24692,0.18770842,0.12863964,-0.059068784,-45.918026
f9888173cf0faa4f,2730,3,0.07140355,0.038576726,-0.032826822,-85.09489,0.022094727,0.0074372785,-0.014657448,-197.08081
2bb417e09eb4d870,2,78,0.19596328,0.16310391,-0.03285937,-20.14628,0.1031146,0.099678636,-0.003435962,-3.4470394
47b05d3eba342021,5050,80,1.4613633,1.4283822,-0.032981157,-2.308987,3.759782,3.9533055,0.1935234,4.8952303
b8bb5876f630d4b3,3680,51,1.0438846,1.0107968,-0.03308785,-3.2734423,2.07783,1.8910762,-0.18675387,-9.875534
1949a1ccce0c8558,3096,47,0.38346404,0.35013142,-0.033332616,-9.52003,1.1866505,0.92760307,-0.25904745,-27.92654
8a0db6815445bc56,6014,20,0.11133665,0.07783036,-0.03350629,-43.05041,0.13958398,0.15439034,0.01480636,9.590212
34f0ee01e0bff189,1119,19,0.6673466,0.633584,-0.033762574,-5.3288236,1.5216169,1.3626091,-0.15900779,-11.669361
b0e70644085d3f11,533,5,0.12705964,0.09314414,-0.033915497,-36.411842,0.22122644,0.05087565,-0.17035079,-334.8376
c096b0635c7b0701,7402,80,0.7669077,0.7329649,-0.03394282,-4.630893,1.5562927,1.3785825,-0.17771018,-12.89079
b6a4ae17cf0c118d,8101,18,0.14652294,0.11234564,-0.034177296,-30.421558,0.25426516,0.26449254,0.010227382,3.8667943
c199fdf8fe819308,5030,70,0.901984,0.8677988,-0.03418517,-3.939297,1.9985926,2.0254393,0.026846647,1.3254728
47c641a51bac8390,4518,80,0.98794955,0.9537358,-0.03421372,-3.5873373,4.0269017,3.511582,-0.5153198,-14.674863
128fee491c845784,4212,80,0.29918548,0.26489085,-0.034294635,-12.946704,0.75611407,0.56212115,-0.19399291,-34.51087
ee396621e2feb8c2,8855,26,0.87682635,0.8425017,-0.034324646,-4.0741334,1.63763,1.4090759,-0.22855413,-16.220144
5ca47664a522b9eb,1858,42,0.20345198,0.169122,-0.03432998,-20.298944,0.42027205,0.36911026,-0.051161796,-13.860844
4df85062a23c01e,6154,25,0.2263627,0.19197023,-0.034392476,-17.915525,0.28072903,0.18791154,-0.092817485,-49.394245
fca2e83948e206de,4495,3,0.2049272,0.17033677,-0.034590438,-20.307087,0.31778744,0.21739006,-0.10039738,-46.18306
bb8575fb15031ee3,3151,2,0.100129195,0.065535694,-0.0345935,-52.785736,0.17358553,0.10952884,-0.064056695,-58.483864
6d312f56013ec2f7,599,2,0.13933893,0.10456693,-0.034771994,-33.253334,0.14721498,0.14212005,-0.0050949305,-3.5849485
37a442a7faf78c6d,7827,80,2.2699316,2.2350914,-0.034840107,-1.5587777,4.3993816,4.60636,0.20697832,4.493316
e6fade751927b347,2235,1,0.0514581,0.016580006,-0.034878097,-210.36238,0.0514581,0.016580006,-0.034878097,-210.36238
bf22a813db884ab1,5845,47,0.27440244,0.23946072,-0.034941718,-14.591837,0.8224505,0.6819956,-0.14045495,-20.594702
7b0378e415f5222d,5518,27,0.42561188,0.39066052,-0.03495136,-8.946733,1.0352691,0.83799875,-0.1972704,-23.540655
aa624a036199de79,4528,4,0.5788856,0.5437519,-0.03513372,-6.4613514,0.6103668,0.5159579,-0.09440893,-18.297798
35cb77cffef25b1f,7077,78,0.24836113,0.21313354,-0.03522758,-16.528408,0.52862036,0.5888812,0.060260832,10.233105
b849d42d2a93c8c8,1410,27,0.32868007,0.29269984,-0.035980225,-12.292533,0.552755,0.5878397,0.035084724,5.9684167
7ecb46eef68663e1,1471,26,0.80213064,0.766135,-0.035995662,-4.6983447,2.0372508,1.8607081,-0.17654264,-9.487927
2d2b10ef01cefe8a,3903,79,1.5240743,1.4879382,-0.03613615,-2.4286056,2.5352414,2.6814213,0.14617991,5.451583
7147cc17d4a34709,1777,67,0.7546384,0.71847445,-0.036163926,-5.0334325,1.6362356,1.5805057,-0.055729866,-3.5260782
3c37f6dcd94b6149,965,10,0.15911269,0.12252007,-0.036592625,-29.866638,0.42719007,0.13280791,-0.29438215,-221.66011
3f5b40af637715a1,7700,12,0.13423425,0.097622156,-0.036612093,-37.503876,0.20337255,0.17792517,-0.025447384,-14.302296
fd164d9e70749cc4,2643,53,1.4109226,1.3740544,-0.036868215,-2.6831698,2.2107954,2.1080942,-0.10270119,-4.871755
e647a98f49496c1f,3332,80,2.8693495,2.832425,-0.036924362,-1.3036307,7.55663,7.3691955,-0.18743467,-2.543489
69e0549e253b5522,3496,46,0.30664018,0.2695838,-0.037056386,-13.745777,0.6306424,0.6994283,0.068785906,9.83459
9045b0a89fafee15,7489,12,0.15752767,0.12022286,-0.03730481,-31.029716,0.45858213,0.2627443,-0.19583783,-74.53552
1a3edf0542025ce4,3272,19,0.1824273,0.14506897,-0.03735833,-25.752115,0.42640013,0.21226536,-0.21413477,-100.88069
f6df84cbb8d36cc7,2842,28,0.6010891,0.56362736,-0.037461758,-6.646547,1.1874753,1.0663062,-0.12116909,-11.363442
a51f20166cb0f334,1633,33,0.25374013,0.21592502,-0.03781511,-17.513075,1.0220891,0.7083083,-0.31378084,-44.300037
b470c2a6d8c64b3,4021,79,0.6244756,0.58653724,-0.037938356,-6.4681926,1.0802443,1.6975825,0.6173382,36.365726
51896db931b001a1,5153,45,1.1544238,1.1164627,-0.037961125,-3.400125,2.613167,2.6108332,-0.0023338795,-0.08939213
f798a165bd744db8,3064,3,0.112542234,0.07457778,-0.037964456,-50.905853,0.22563115,0.10728481,-0.11834634,-110.31043
689c67b8d53ca47b,728,23,0.34805778,0.31008485,-0.037972927,-12.245979,0.7273197,0.65295243,-0.074367285,-11.389388
cad1991a046d2a2f,3004,3,0.07379889,0.035540573,-0.038258314,-107.64687,0.109217,0.036832884,-0.07238412,-196.52037
350f38f20cd2a20d,1796,17,0.12380227,0.085517354,-0.038284913,-44.76859,0.24660385,0.2027858,-0.04381804,-21.608042
441ef0291d6b2d23,5079,39,0.23942304,0.20087041,-0.038552627,-19.192785,0.7358637,0.5499789,-0.18588477,-33.798527
14c8dce57c85484a,7480,53,0.3610455,0.32238373,-0.038661778,-11.992472,0.40717688,0.39810532,-0.009071559,-2.2786832
cdaa6bdec9c6ad20,4750,80,1.1045418,1.0658152,-0.03872657,-3.6335163,2.1018317,2.3647032,0.2628715,11.116469
aaf900a192311a59,7095,80,0.34181818,0.30302164,-0.038796544,-12.8032255,0.7241697,0.4081996,-0.31597006,-77.40578
ff8726f2cc854a1e,3256,5,0.35005563,0.31119153,-0.038864106,-12.488806,0.3669485,0.18698303,-0.17996545,-96.24694
3e1a360fa4468e73,3312,80,0.17480484,0.13574342,-0.039061412,-28.775915,0.40290895,0.26639402,-0.13651493,-51.24549
ebd9718392aa8ef6,5341,80,0.5805311,0.54146767,-0.039063454,-7.214365,0.5600705,1.0060346,0.4459641,44.3289
db4a883a75cf8e7e,4333,29,0.3958997,0.35672548,-0.03917423,-10.981618,0.6085778,0.51065654,-0.09792125,-19.17556
536d96dcda848abe,1076,16,0.09847241,0.05927599,-0.03919642,-66.12529,0.05703963,0.06572282,0.0086831935,13.211839
9df01fbcf1078102,5661,80,0.41599303,0.37678397,-0.039209068,-10.406246,1.113803,0.86791235,-0.24589068,-28.33128
1f579d1fc81acc90,4443,38,0.5111259,0.47185922,-0.039266706,-8.321699,0.2714352,0.24011724,-0.031317964,-13.042781
dd6b4f2cca1deccd,4981,24,0.15691645,0.11751149,-0.039404966,-33.532864,0.73487365,0.68304944,-0.051824212,-7.5871835
124a2703dbcf1079,3764,80,0.82111347,0.78138506,-0.039728403,-5.084357,0.7545468,0.6259031,-0.12864369,-20.553291
af9c883a107b243f,4616,4,0.11551951,0.07561672,-0.03990279,-52.769806,0.14957993,0.11804395,-0.031535976,-26.715452
e96f887c9a205e3d,1110,10,0.123966694,0.0839525,-0.040014192,-47.662895,0.18703674,0.16335544,-0.023681298,-14.496792
b94c75287e8b3055,983,13,0.10941264,0.06922554,-0.040187098,-58.052414,0.23066387,0.101806656,-0.12885721,-126.570526
3aee1fa9bb5a6db6,2636,25,0.3181635,0.27794203,-0.040221483,-14.471176,0.5966216,0.5327437,-0.06387788,-11.990358
5fabf8532c0a5d0b,8356,80,0.9626673,0.9222843,-0.04038298,-4.378583,0.9938053,1.1928462,0.19904089,16.686216
6a5806205da41995,816,5,0.4344514,0.3939734,-0.04047799,-10.274296,0.45555726,0.5221182,0.066560954,12.748253
aef5762ab1bd440e,4234,80,1.25555,1.2149862,-0.04056382,-3.3386242,3.5652711,2.8040707,-0.7612004,-27.146265
51a742674d23f1e3,1420,1,1.206232,1.1655879,-0.04064405,-3.487,1.206232,1.1655879,-0.04064405,-3.487
1e9380eed97e68fe,9256,77,0.5235794,0.48285204,-0.040727377,-8.434753,1.2246038,1.3139689,0.089365125,6.80116
ad1e9cf0e264ff20,3734,80,0.60714453,0.5661151,-0.041029453,-7.247546,1.1286126,0.67645615,-0.45215648,-66.84195
9306bdd8e64207f7,3121,46,0.18855143,0.146937,-0.04161443,-28.321272,0.49242294,0.27676168,-0.21566126,-77.92309
24ac161e8bd97456,3502,75,4.1416545,4.1000347,-0.041619778,-1.0151079,17.69231,17.203573,-0.4887371,-2.8409047
23e068b72b527501,2215,42,0.8817298,0.8399296,-0.0418002,-4.9766316,1.9341677,2.2703285,0.33616078,14.806703
822382d35785df8a,7229,28,0.20490076,0.16296954,-0.041931212,-25.729477,0.24071562,0.23304997,-0.007665649,-3.2892725
31dacbbc13bea3a5,3524,80,1.0403235,0.9982575,-0.042065978,-4.21394,2.0058475,1.7797896,-0.22605789,-12.701384
d4f6d2ce5b528d30,4588,8,0.0923671,0.050244544,-0.042122554,-83.83508,0.1106819,0.026539557,-0.08414234,-317.045
f29634528cc51bf5,7496,16,0.23520532,0.19306388,-0.042141438,-21.827717,0.5806313,0.38387355,-0.19675776,-51.255882
ac711d334f5e8abe,7645,80,0.67745143,0.6351346,-0.042316854,-6.662659,1.3113729,1.0672543,-0.24411857,-22.873514
4eaa0e9a7507b01d,3128,11,0.1417951,0.09944782,-0.042347282,-42.582417,0.33247134,0.12912154,-0.2033498,-157.48712
68eec33d5f8e46dd,5423,80,2.1575522,2.1151805,-0.04237175,-2.0032215,6.736157,6.5271835,-0.20897341,-3.2015865
ad1258b23c7a7ddd,4712,14,0.28532213,0.24259059,-0.04273154,-17.614674,0.88800657,0.2088617,-0.67914486,-325.16486
82b96bfc082a9294,4344,22,0.39993775,0.35702476,-0.04291299,-12.019612,0.33121344,0.2813589,-0.049854547,-17.7192
7afb3ba04344788,3269,73,0.88544905,0.8422488,-0.043200254,-5.129156,2.3052983,2.1639652,-0.1413331,-6.5312095
cf9ad5867d590905,1378,13,0.17845011,0.13494729,-0.043502823,-32.2369,0.38769627,0.30830088,-0.07939538,-25.752565
ae46ff09af5fc0f0,4799,10,0.096819736,0.053297132,-0.043522604,-81.66031,0.08037985,0.060298286,-0.020081565,-33.303707
d8f37ed4e0f6f486,2296,20,0.11252274,0.06884233,-0.043680415,-63.449936,0.34192353,0.06285993,-0.2790636,-443.94516
c5ba8ee2dd99472a,1153,9,0.32789248,0.28394535,-0.04394713,-15.477321,0.3327411,0.22820814,-0.10453297,-45.805977
3a63c56ea83c9d83,2211,75,1.8009701,1.7569888,-0.043981314,-2.503221,6.102592,5.6849117,-0.41768026,-7.3471727
49ac03a25a9239be,5383,54,0.23695965,0.19238676,-0.04457289,-23.168377,0.2882299,0.34880236,0.060572445,17.365835
62f5e0c5be338288,2357,35,0.5254292,0.48055202,-0.04487717,-9.338671,0.9977009,0.75750244,-0.2401985,-31.709269
283fa5e32253501c,91,21,0.37237975,0.32734987,-0.04502988,-13.755888,0.6759576,0.6242442,-0.051713407,-8.2841625
3017617462537e1e,2384,32,0.7956151,0.7505797,-0.045035362,-6.0000772,3.9357123,3.7307167,-0.20499563,-5.494806
4112e28897d9eb54,938,29,0.79847723,0.7533555,-0.04512173,-5.989434,2.2853236,1.9035263,-0.3817973,-20.05737
630a136f079dcbbd,2479,8,0.13055472,0.08518277,-0.04537195,-53.26423,0.26116022,0.10278501,-0.1583752,-154.08394
e84fe0ade6c027b5,4227,14,0.16485143,0.1194409,-0.04541053,-38.019245,0.6914449,0.59667605,-0.09476882,-15.882793
1625c6cfb6120cae,7177,80,1.7168357,1.6712329,-0.0456028,-2.7286918,5.1590295,5.061951,-0.09707832,-1.9178044
636afd07d22b1014,532,16,0.23025402,0.1846503,-0.045603722,-24.697346,0.68398565,0.32147896,-0.3625067,-112.76218
15a2ab1ba789ae99,3987,69,0.47556862,0.42995888,-0.045609742,-10.607931,1.5903794,1.7142205,0.12384117,7.224343
8ec8744b10b790b4,5285,30,0.19674459,0.15111403,-0.04563056,-30.19611,0.32897118,0.31186995,-0.017101228,-5.4834485
617e506d58d2ff61,1231,9,0.31914133,0.2734892,-0.04565212,-16.692476,1.187125,0.7569777,-0.4301473,-56.824303
69631fcf7858ad7b,2481,7,0.5751565,0.52927095,-0.045885563,-8.669579,0.5760436,0.3262435,-0.24980012,-76.56862
cd1b831c416970dc,1525,16,0.3604001,0.31435847,-0.046041638,-14.646222,0.6866012,0.636297,-0.050304234,-7.905779
6a25ccda7317dc1,6883,22,0.12554,0.07942771,-0.04611229,-58.055668,0.25788978,0.2243282,-0.033561572,-14.960924
27412533994c42f6,2148,80,0.577783,0.53133446,-0.04644853,-8.741862,1.2051388,1.1420025,-0.06313634,-5.528564
1981cb8b7f073066,4832,47,0.24169956,0.19521882,-0.046480745,-23.809563,0.48787245,0.48829395,0.00042149425,0.08631978
90aec5aabb70051,2434,33,0.5324836,0.4859792,-0.04650438,-9.569212,0.5460251,0.5971163,0.051091194,8.556322
4f2fb28c6706ef41,2326,6,0.18261646,0.13601111,-0.04660535,-34.26584,0.422943,0.3307193,-0.092223704,-27.885796
6ef4b73c60e06ce6,1028,80,5.4887404,5.4420385,-0.046701908,-0.85816944,11.610727,11.298204,-0.3125229,-2.7661288
b37087dc79c6c96f,2061,7,0.09709813,0.050391324,-0.046706803,-92.68819,0.10935324,0.105273455,-0.0040797815,-3.8754132
a853758c9d4989e1,5669,14,0.20510352,0.15829065,-0.046812862,-29.57399,0.56480217,0.2924341,-0.27236807,-93.138275
5c6a973edf15d1b3,2894,46,0.25094584,0.20401509,-0.046930745,-23.003567,0.40806028,0.3712396,-0.03682068,-9.918306
1efbaa0806a5735d,2899,29,0.34160405,0.29454896,-0.047055095,-15.975306,0.26772067,0.45158812,0.18386745,40.715744
e706de5409498b4c,2890,80,3.6041431,3.556984,-0.047159195,-1.3258197,9.253069,9.040783,-0.212286,-2.348093
ad9bf7444e52f823,2728,80,4.973657,4.9263477,-0.0473094,-0.9603341,11.362432,11.275367,-0.08706474,-0.77216774
80bf3c7a6cdb269a,8889,32,0.70026267,0.6528605,-0.047402143,-7.2606845,2.1044261,2.034093,-0.07033324,-3.4577203
6cef75f37c44e4b4,3551,80,0.9745079,0.92694294,-0.047564983,-5.131382,2.346891,2.1764982,-0.17039275,-7.8287573
5cf34c501a361dbb,5937,80,0.37168658,0.32402992,-0.047656655,-14.707486,0.884328,0.7889703,-0.095357716,-12.08635
a52d9d350eb7ac5b,724,11,0.26230776,0.21464755,-0.047660217,-22.203941,0.4286125,0.35326365,-0.075348854,-21.329353
5fce75210d0c3e5b,995,1,0.09659959,0.048891265,-0.04770832,-97.58046,0.09659959,0.048891265,-0.04770832,-97.58046
505e01a15509a6e6,6493,80,1.9251537,1.8770978,-0.048055887,-2.5601163,3.9943564,4.437823,0.44346642,9.992883
83a4bd2a403fd464,5865,80,1.065379,1.017188,-0.04819107,-4.737676,1.441515,1.3208715,-0.1206435,-9.133629
1d9573113c4e56,7997,42,0.21845853,0.17024058,-0.048217952,-28.323418,0.36827186,0.31643036,-0.051841497,-16.383224
fb814560a8895f3f,5446,25,0.21419857,0.165565,-0.048633575,-29.37431,0.220041,0.48497415,0.26493314,54.6283
ee26493a15d2eaf9,3820,6,0.26924476,0.22060882,-0.048635945,-22.046238,0.6101031,0.5290502,-0.0810529,-15.320456
9395d2b12b5855d3,3959,80,1.0178016,0.9691466,-0.048655033,-5.0203996,3.078156,3.0127666,-0.065389395,-2.1704102
4081898ef207c0d6,6943,24,0.51745147,0.4685836,-0.04886785,-10.4288435,1.5334507,1.2257031,-0.3077476,-25.107843
fe4bc1bbe85fc2e4,3730,22,0.22653109,0.17747404,-0.04905705,-27.641817,0.60230845,0.4961608,-0.10614765,-21.393799
8de18fde32b7961a,9394,48,0.38014576,0.33105826,-0.049087495,-14.827448,0.6355946,0.7182306,0.082636,11.505497
9ebc2f4cab75c74b,6864,80,0.97893226,0.92974186,-0.049190402,-5.290759,2.5866268,2.5130286,-0.07359815,-2.9286633
940a4ec5be94e3f6,557,47,1.5833586,1.5338358,-0.049522877,-3.228695,3.7165997,3.2780082,-0.43859148,-13.379817
9227e4fd04a6a708,5430,80,0.49371466,0.4440593,-0.049655348,-11.182143,0.55118006,0.22011752,-0.33106256,-150.40263
3e3e72f6c74681b5,1185,17,0.18844998,0.13857813,-0.049871847,-35.98825,0.42904782,0.29871482,-0.130333,-43.63125
f61d950202ec7c11,2140,4,0.25372675,0.20349988,-0.050226867,-24.681522,0.21657516,0.24539715,0.02882199,11.745039
ae7138edf067bc7c,286,48,1.0131252,0.9628446,-0.05028057,-5.222086,2.959956,2.8670282,-0.092927694,-3.2412548
2dfd688971e90e28,4432,24,0.24029809,0.18983705,-0.05046104,-26.581236,0.3415321,0.3734608,0.03192869,8.549408
3f2d8202ae51da96,5462,47,0.6611459,0.6104836,-0.05066234,-8.298722,0.97460556,1.2157859,0.2411803,19.8374
75649fe146147ce2,549,7,0.37932754,0.32861337,-0.050714165,-15.432776,0.43006086,0.4432622,0.013201326,2.9782205
5b23fb99591e75b5,8127,79,0.23573081,0.1847679,-0.05096291,-27.582125,0.6895792,0.40305984,-0.28651935,-71.08605
4f5af97faefff26,795,16,0.43927386,0.3880149,-0.05125895,-13.210562,0.8736808,0.7175005,-0.15618026,-21.76727
fe032e77347833d9,822,36,0.25784683,0.20621774,-0.051629096,-25.036207,0.57592267,0.24506207,-0.3308606,-135.01094
722a5ca534f276b8,7596,77,0.44086844,0.38896978,-0.05189866,-13.342593,0.89251924,0.87281674,-0.019702494,-2.257346
309789b6e8c11cf2,4585,42,0.3498834,0.2979594,-0.05192402,-17.426542,1.1640462,0.7820886,-0.3819576,-48.83815
5997aa2ffcbccc1b,2609,7,0.19305384,0.14097686,-0.05207698,-36.94009,0.32291913,0.22642481,-0.09649432,-42.616497
8ddb64a52d499206,5168,10,0.16456607,0.112421155,-0.052144915,-46.38354,0.20315145,0.1912592,-0.011892244,-6.2178674
390d581caf8c34a9,7289,70,1.0408897,0.9884925,-0.05239725,-5.3007236,3.8364832,3.6665964,-0.16988683,-4.633366
405bafb01b161bb7,4884,24,0.15069179,0.09827239,-0.0524194,-53.340923,0.519313,0.15016533,-0.36914766,-245.82748
9a7c901dc63d1482,3213,79,6.033249,5.98068,-0.052568913,-0.8789789,20.438696,20.113665,-0.32503128,-1.6159724
6522a2e11c5147a9,1113,9,0.12572461,0.07312068,-0.05260393,-71.941246,0.23802224,0.049341932,-0.1886803,-382.39343
cb43757974ff16f5,2495,51,0.41916353,0.36650613,-0.052657396,-14.367398,1.0062584,0.65564835,-0.35061002,-53.475315
2795cd11d1d3cede,1188,36,0.40490514,0.3519726,-0.05293253,-15.038821,0.92991424,0.49297276,-0.43694147,-88.634
9406b51cb0f367e7,6209,80,0.47292677,0.41997114,-0.052955627,-12.609349,0.87830853,0.7456799,-0.13262862,-17.786268
af2d8477908c8832,6080,80,0.7924819,0.7391508,-0.053331077,-7.215182,1.8501202,1.8202639,-0.029856324,-1.6402196
838870a343d21297,2368,80,0.74188364,0.68826187,-0.05362177,-7.7908964,1.4817516,1.315009,-0.16674256,-12.6799555
d71458a268696449,769,80,0.7126931,0.6589265,-0.05376661,-8.159728,1.4506495,1.4336758,-0.016973734,-1.1839311
84734d0b7d6d4a1c,4287,80,1.2560248,1.2021077,-0.05391717,-4.48522,0.43535963,0.8911394,0.45577976,51.145733
cd5afa9cb8aa8751,5287,2,0.13511431,0.08110471,-0.0540096,-66.59244,0.12547979,0.079258986,-0.0462208,-58.316166
727870b260a2dabb,5470,1,0.14140022,0.08735323,-0.05404699,-61.871765,0.14140022,0.08735323,-0.05404699,-61.871765
e8bc6e30a94bb9b6,1737,1,0.11857653,0.06447208,-0.054104447,-83.91919,0.11857653,0.06447208,-0.054104447,-83.91919
6a027ebad85f92e7,5773,2,0.1492463,0.09509265,-0.05415366,-56.948315,0.20102872,0.101235226,-0.099793494,-98.57586
b4908c67f2aaa15b,5066,80,1.6582989,1.6037648,-0.054534078,-3.4003787,5.5304003,5.314203,-0.21619749,-4.0682955
97c1e6a479693d2a,3793,8,0.14539294,0.09075977,-0.05463317,-60.195362,0.19103818,0.100466534,-0.09057164,-90.151054
2536125fb84bd84c,4448,80,0.5211804,0.4665156,-0.05466479,-11.717677,1.2416242,1.3142142,0.07258999,5.5234523
df9959bc4d5fe9a7,3722,39,0.53050935,0.47579062,-0.054718733,-11.500591,0.8387848,0.7649251,-0.07385969,-9.655807
6ef553f26110e9ab,4004,78,1.0366023,0.98187685,-0.05472541,-5.573551,1.3159494,1.4247878,0.10883832,7.638915
4b79e8280400c6dc,5941,23,0.20559916,0.15078843,-0.054810733,-36.34943,0.32462442,0.32045537,-0.004169047,-1.3009758
4a8cd804b0026b14,4327,7,0.35696223,0.3021365,-0.054825723,-18.146011,0.44237742,0.37063217,-0.07174525,-19.357534
415bd0d4b93f10b8,1103,61,2.0781357,2.0233035,-0.05483222,-2.7100344,5.2752705,5.2695813,-0.005689144,-0.107961975
a0ef46c2014721b6,2974,2,0.10096041,0.045979507,-0.054980904,-119.57698,0.11773655,0.046404704,-0.071331844,-153.71684
ccea38ac811b92e7,5586,80,0.4365371,0.38115206,-0.055385023,-14.530952,1.7342503,1.713727,-0.02052331,-1.1975834
37bf7149576148f6,2430,7,1.04204,0.9866477,-0.055392265,-5.6141887,1.2304208,1.1595075,-0.070913315,-6.1158133
eb8e0ee54cfa6fb,5475,25,0.22586448,0.17038527,-0.055479214,-32.561035,0.30431727,0.53621614,0.23189887,43.247276
5b35fe3b4d49a4be,996,2,0.15825829,0.10276498,-0.05549331,-54.000217,0.19273771,0.07980869,-0.112929024,-141.49966
21bd5b69bbdf80d3,1998,80,1.7818911,1.7263912,-0.05549991,-3.2147932,3.2976997,3.2198348,-0.077864885,-2.4182882
ded3ddeb964a0f3b,3337,35,0.96948874,0.9139366,-0.055552125,-6.0783343,1.4204009,1.24481,-0.17559087,-14.105837
ad334dd99e5ffdd9,2558,3,0.24004482,0.1840381,-0.056006715,-30.432129,0.24592705,0.18945312,-0.056473926,-29.808918
aca368d01177b7be,6749,80,0.51343596,0.45736942,-0.056066543,-12.258481,0.91015667,0.67912996,-0.23102671,-34.018044
a19a67a241acc229,4065,3,0.296238,0.2397368,-0.05650121,-23.568018,0.7944306,0.6003539,-0.19407672,-32.327053
f8877af04c68817b,1199,8,0.84768414,0.7909764,-0.05670774,-7.169334,0.9426698,0.9249064,-0.017763436,-1.9205657
1e0fe472274af14a,4520,54,0.41867155,0.36174628,-0.056925267,-15.736241,0.96435905,0.87398,-0.09037906,-10.34109
908176a332e623ec,1716,4,0.2137807,0.1566933,-0.057087407,-36.43258,0.29349765,0.24114026,-0.05235739,-21.712421
2c9520d7e98dd149,668,80,3.1399498,3.0827773,-0.057172537,-1.854579,8.622577,8.451099,-0.17147732,-2.0290532
df8dcf4e1ba1236,7612,80,1.6004534,1.5430638,-0.057389617,-3.7191994,3.2032995,3.1070902,-0.09620929,-3.0964432
f309aa75b92d2da4,353,29,0.69793147,0.64018905,-0.057742417,-9.019588,2.0100577,1.8200881,-0.18996954,-10.437382
8a8f63ac1dc53ed6,5878,19,0.62840277,0.5706338,-0.05776894,-10.123645,0.9822436,0.9772888,-0.004954815,-0.506996
bab09f3794d3ddc8,1071,12,0.18090515,0.12298721,-0.057917938,-47.092648,0.32053864,0.094635986,-0.22590265,-238.70692
2d129da061cb3f3c,1418,22,0.21992727,0.16175273,-0.058174536,-35.965103,0.42323557,0.23142114,-0.19181442,-82.88544
f5054faedc0a882b,3019,13,0.11142131,0.053079743,-0.058341566,-109.91305,0.228008,0.047666855,-0.18034115,-378.3366
7e36f06d49a254fb,7885,80,1.0728167,1.0144383,-0.058378458,-5.754757,1.1513995,1.7033193,0.5519198,32.402603
66dd9ab5f281c412,3147,22,1.1913177,1.132558,-0.05875969,-5.1882277,1.3096367,1.5746373,0.26500058,16.82931
45827cf239b0f8f5,1604,80,1.2036002,1.1447082,-0.05889201,-5.144718,2.7746377,2.5655963,-0.20904136,-8.147866
ebba71ebe50d242a,2986,12,0.17678155,0.11778837,-0.058993183,-50.08405,0.64513946,0.046489403,-0.59865004,-1287.7129
d4865e32836b906f,3501,80,2.0818245,2.0225549,-0.059269667,-2.9304357,5.647433,5.5854344,-0.061998367,-1.1100008
a1707105bf2ad5a0,3028,75,1.0767108,1.0170264,-0.059684396,-5.86852,2.214994,1.2242503,-0.99074364,-80.92655
be4b2d278fe50102,2822,12,0.48858157,0.4288205,-0.059761077,-13.936153,0.6882078,0.5407944,-0.14741343,-27.258686
c383cb6f7fdae5df,3475,6,0.110045165,0.050270572,-0.059774593,-118.90573,0.15867563,0.027638616,-0.13103701,-474.10846
53102f17ef3ff847,5448,80,0.65963405,0.599714,-0.059920073,-9.991442,1.0775439,1.2727867,0.19524288,15.339795
f8de3ac18717d804,9527,19,0.24753335,0.18760659,-0.059926763,-31.942781,0.5646045,0.4786404,-0.08596411,-17.960062
bfdec07db6e0868f,392,9,0.1956803,0.13567959,-0.060000718,-44.222363,0.54810303,0.29853797,-0.24956506,-83.59575
89b88645b5a082bc,376,18,0.20238823,0.14186457,-0.06052366,-42.662983,0.32954392,0.084910765,-0.24463315,-288.10617
4ad0ea44b91c3d87,979,78,2.1211674,2.0604918,-0.06067562,-2.9447155,5.782206,5.5934525,-0.1887536,-3.3745456
47986ce4b09d49a0,2954,64,2.545889,2.4850576,-0.06083131,-2.4478831,6.906701,6.510664,-0.3960371,-6.0828986
d757be8da860ef83,7819,32,0.15146452,0.090512365,-0.060952157,-67.34125,0.42878127,0.19830713,-0.23047414,-116.22081
566de0a7b8fa1302,931,15,0.31085858,0.24980243,-0.061056152,-24.441776,0.97774,0.73747385,-0.24026614,-32.579617
687aaca9f505201,5211,32,0.24365968,0.18259801,-0.061061665,-33.440487,0.3635322,0.45050165,0.086969465,19.305027
9673bb77340134b3,4358,40,0.8503817,0.78918236,-0.061199307,-7.7547736,1.535052,1.6563264,0.12127447,7.321894
3648fc15b4cae051,1436,3,0.16789956,0.106669806,-0.061229758,-57.40121,0.2909641,0.1639651,-0.12699899,-77.45489
144b7150470bc99b,2391,5,0.16446534,0.103130326,-0.061335012,-59.473305,0.06486978,0.01663026,-0.048239514,-290.0707
13fe5bb300932fc7,4728,80,0.5233551,0.46196723,-0.061387897,-13.288366,1.1646153,0.76104504,-0.40357023,-53.028427
2d30b16854b2c165,3282,5,0.16657503,0.10516934,-0.06140569,-58.38744,0.27808034,0.06055475,-0.2175256,-359.22137
fd4749f9e8ba125b,96,80,2.222925,2.1614423,-0.061482668,-2.8445206,4.6348915,4.2520585,-0.382833,-9.003474
c4e99ed711c48002,4583,45,2.3560448,2.2944121,-0.061632633,-2.6862059,5.1606765,5.121421,-0.03925562,-0.76649857
edd0bbf35bef633b,4331,12,0.15848243,0.09668402,-0.061798416,-63.917923,0.3021798,0.20943011,-0.0927497,-44.28671
a1c20fb319cd2723,5457,22,0.54461265,0.48278725,-0.061825395,-12.80593,1.2057961,1.3622515,0.1564554,11.48506
243e6c36ed6007d7,1827,9,0.18546183,0.12351775,-0.061944082,-50.14994,0.48513502,0.30055016,-0.18458486,-61.415653
1e816be2998c9ea2,1980,80,0.6004276,0.538445,-0.06198263,-11.511414,1.2248966,1.4430519,0.21815538,15.11764
f029915d772709dd,3694,80,2.0596852,1.997682,-0.062003255,-3.10376,4.540388,4.6448812,0.10449314,2.2496407
53b8051de7d27fe3,3005,10,0.8356961,0.7735668,-0.06212932,-8.031539,1.660286,1.5266014,-0.13368452,-8.757002
6dc97fdf6ff61b78,4564,3,0.24006633,0.17792791,-0.062138423,-34.92337,0.36449346,0.35704297,-0.007450491,-2.0867212
f9996ef8c3d159f5,5578,80,0.2721763,0.20976517,-0.06241113,-29.752857,0.16343933,0.30499446,0.14155513,46.41236
331e15b5448927b1,5841,80,4.6322517,4.5698395,-0.062412262,-1.365743,10.795592,10.779663,-0.015929222,-0.14777106
4851ed8383298e9,6644,80,1.6163248,1.5538362,-0.062488556,-4.0215664,4.305382,4.2934027,-0.011979103,-0.27901188
c179127aa3054598,6102,80,3.67743,3.6146579,-0.062772036,-1.7365968,8.590307,8.244954,-0.34535313,-4.1886606
d04114fa9f733302,4352,80,1.1162355,1.0534286,-0.062806845,-5.962136,2.9243767,2.791466,-0.13291073,-4.761324
59ce0e0bff0b1338,475,29,0.3275347,0.26468617,-0.06284854,-23.744549,1.0073943,0.46780425,-0.53959006,-115.34526
de1b3b7cd7a2736,1354,15,0.27108327,0.20802024,-0.063063025,-30.315813,0.87806875,0.66117895,-0.2168898,-32.803493
2db695e9619867ac,3075,24,0.13536794,0.072219945,-0.063148,-87.438446,0.2718883,0.04090125,-0.23098704,-564.7432
391f5d3837a9d8f,4017,10,0.19212362,0.12880853,-0.06331509,-49.154427,0.37983644,0.16335148,-0.21648496,-132.52708
781c25bd0b595e84,419,5,0.15653944,0.09251786,-0.06402158,-69.19916,0.20078889,0.08568582,-0.115103066,-134.33153
a346499ddd500ea5,3215,39,0.31847447,0.25425512,-0.064219356,-25.257841,0.76871026,0.7102039,-0.05850637,-8.237968
112cbf9d5060c9ae,2797,39,0.20655635,0.14169943,-0.06485692,-45.770767,0.53795373,0.24535829,-0.29259545,-119.25231
42e1c1236fb34167,3013,77,2.0189755,1.9539427,-0.06503284,-3.328288,5.82416,5.7465377,-0.07762241,-1.3507683
25379cf5eb16d18,6486,80,3.7689133,3.7037263,-0.06518698,-1.7600377,8.4620695,8.274703,-0.18736649,-2.264329
964532ae71bf18c5,2616,5,0.5963314,0.53112495,-0.06520647,-12.277049,1.048252,1.1675866,0.11933458,10.220619
e0187a0fcb7f9c44,690,68,0.66232663,0.5964794,-0.06584722,-11.03931,0.7962064,0.8079986,0.011792183,1.459431
58e908325a16fae6,2249,80,0.5235492,0.45724076,-0.06630844,-14.501865,1.0345697,0.6931181,-0.34145164,-49.263126
bc22a78f4750d3f5,1539,10,0.258709,0.1922735,-0.066435516,-34.552612,0.6270841,0.49722767,-0.12985641,-26.116085
8af7abce202ab15e,4791,80,0.552915,0.48635992,-0.06655505,-13.68432,1.1747478,0.91165656,-0.26309127,-28.858593
603930813c75d921,994,77,0.5402,0.47363132,-0.06656867,-14.0549555,1.1380396,1.1028142,-0.03522539,-3.1941366
de8ebb8abf597392,60,40,1.4561591,1.3895526,-0.06660652,-4.7933793,3.7833083,3.5468645,-0.23644376,-6.666275
2be686e7bf08d6c7,3170,41,2.741764,2.6751494,-0.06661463,-2.4901273,5.661894,5.656749,-0.005145073,-0.090954594
39f8e5c36e51ceb0,2972,31,0.7763707,0.7097185,-0.06665218,-9.391354,2.207983,1.9589884,-0.24899459,-12.710365
42539b58bed987d2,2034,4,0.14235368,0.075691506,-0.06666218,-88.070885,0.28197554,0.14374907,-0.13822646,-96.15816
17312208c72cf146,805,7,1.6234697,1.5565454,-0.06692433,-4.299543,2.2736576,2.0607936,-0.21286392,-10.329221
c282531be78ae41e,2541,27,0.14565243,0.07839861,-0.06725382,-85.78446,0.6322092,0.29041386,-0.34179533,-117.6925
c9ac0d80a81bcff2,4844,38,0.18934187,0.12198742,-0.067354456,-55.214264,0.26140198,0.111698,-0.14970398,-134.02565
8311589cf4944879,4573,21,0.5778222,0.51046,-0.06736219,-13.19637,1.3587457,1.2410761,-0.11766958,-9.481255
7ced182428acbe4f,4151,77,3.9876127,3.920162,-0.06745076,-1.7206116,9.413657,9.280738,-0.13291931,-1.4322063
f25107e1584e9b1a,5539,79,0.6379425,0.5704253,-0.06751722,-11.836295,1.1738449,1.5555832,0.3817383,24.539883
65c320f7c9f5347,4856,41,1.1846852,1.1170806,-0.06760466,-6.0519056,2.9276822,2.9742725,0.04659033,1.5664445
ae8e5b256255bb6e,2056,21,0.1500347,0.082425416,-0.06760928,-82.024796,0.2920757,0.13813683,-0.15393886,-111.43939
22c5e108de905201,3331,80,0.60051787,0.5324427,-0.06807518,-12.785448,2.2516851,1.2698326,-0.98185253,-77.32142
54e7ee570dcd34e7,3255,80,4.3491025,4.2809496,-0.068152905,-1.5920043,8.531774,8.187881,-0.3438921,-4.200013
6c71125c7a762cec,7963,80,0.916801,0.84837323,-0.06842774,-8.06576,2.0081484,2.203126,0.19497752,8.8500395
42fe0aa628d3de8f,1942,14,0.31692934,0.24824886,-0.06868048,-27.66598,0.561168,0.45350847,-0.10765955,-23.73926
18870e3982437bcd,1170,13,0.24787886,0.17911722,-0.06876165,-38.389187,0.59819394,0.7381367,0.13994277,18.958921
5994c6beb1c4eacc,1390,18,0.9841313,0.9152442,-0.068887055,-7.526631,1.237668,1.178036,-0.059632063,-5.06199
59f32e428ef61146,2705,80,0.31271878,0.24371958,-0.0689992,-28.310898,0.7564838,0.6677226,-0.08876121,-13.293126
19fe8bf08806c93a,2386,14,0.24563871,0.17605162,-0.0695871,-39.52653,0.47203445,0.1913521,-0.28068236,-146.6837
d380b487da60e07d,4560,6,0.3845593,0.31459576,-0.069963545,-22.23919,0.6447894,0.4944146,-0.1503748,-30.414715
6cd1153ce304b78c,66,80,1.1829871,1.1129587,-0.070028424,-6.2920957,1.6120696,1.8276306,0.21556103,11.794562
6c77fa52ce5aa0ac,6181,62,2.7625246,2.6921825,-0.070342064,-2.6128266,6.7880907,6.2353945,-0.5526962,-8.863853
96101d595c7e9c8c,2259,13,0.15477921,0.08433816,-0.07044105,-83.522156,0.42272174,0.22584209,-0.19687966,-87.175804
e2d3e85576159e8c,3635,15,0.27039596,0.19969946,-0.0706965,-35.401447,0.74025214,0.30812144,-0.4321307,-140.24689
f8c71d067e47ae3d,5910,51,1.137765,1.0667797,-0.07098532,-6.654168,2.90043,2.840109,-0.060320854,-2.123892
1f77911524d9da47,3613,16,0.3565571,0.28533316,-0.071223944,-24.96168,0.8637802,0.5627299,-0.3010503,-53.49819
288922fafd731cf3,5368,80,0.25060314,0.1791445,-0.07145864,-39.888824,0.6062751,0.29254243,-0.31373265,-107.24347
d910e29bd945cbda,2507,61,1.1370457,1.0653514,-0.071694374,-6.729646,1.659332,1.6232033,-0.03612876,-2.2257693
9223577ed76bab8a,1746,21,0.51493293,0.44232267,-0.07261026,-16.415676,0.8036713,0.7117593,-0.09191197,-12.913349
87abd5643a07dfa8,4969,24,1.1596364,1.0869352,-0.072701216,-6.6886435,2.459352,2.0993097,-0.36004233,-17.15051
46c7423473c5c097,4919,3,0.30428478,0.2310391,-0.073245674,-31.702719,0.12607661,0.11056277,-0.015513837,-14.031701
2b96eb90883f3d1d,6570,80,2.0089633,1.9353611,-0.0736022,-3.8030214,6.154563,5.952078,-0.20248508,-3.4019227
a164ff00545fe38b,3866,80,0.42795816,0.35434833,-0.07360983,-20.773296,0.8976862,0.77689046,-0.12079573,-15.548618
2dbeb8e410ba738a,6903,40,0.51564294,0.4419993,-0.073643655,-16.661488,0.9873267,0.39821073,-0.589116,-147.94075
46af2364a2925e00,2976,80,2.6805432,2.6062832,-0.07426,-2.8492682,7.682151,7.1641383,-0.5180125,-7.230633
b074b93fb6ab73da,35,13,0.20398687,0.12970185,-0.074285015,-57.273674,0.2840446,0.17496896,-0.109075636,-62.339993
7743c4b19213b6ce,3830,28,1.0381172,0.9638262,-0.07429099,-7.7079244,2.5647428,2.4297438,-0.13499904,-5.556102
40c67a7d8ed9a713,1781,80,3.3133645,3.238999,-0.074365616,-2.2959445,9.194892,8.946486,-0.24840546,-2.77657
9e65ca1a5bbd85a7,1286,80,1.4637496,1.3890717,-0.074677944,-5.3761044,3.5409253,3.4689217,-0.0720036,-2.075677
430b8605d8a9c537,3629,15,0.35559505,0.28090504,-0.074690014,-26.589064,0.6285119,0.49574044,-0.13277146,-26.782455
2042a5a316697abe,3238,3,0.33004352,0.25534055,-0.07470298,-29.256216,0.5182251,0.25305966,-0.26516542,-104.78376
2db20518212cdfeb,5560,80,3.9389446,3.864209,-0.07473564,-1.9340476,9.000118,8.907969,-0.09214878,-1.0344533
2fa7654efb12f923,4149,79,0.51091254,0.43602425,-0.07488829,-17.175257,1.2873961,1.3491184,0.06172228,4.5750084
879a3cd766b726e0,4482,80,1.1901846,1.1151803,-0.07500434,-6.725759,4.6065793,4.1840916,-0.42248774,-10.097478
ea45019a3370148,4475,80,2.0726514,1.9976343,-0.075017095,-3.7552967,4.8645787,5.0302224,0.16564369,3.2929697
b43b490d857d75d,3433,34,0.38089427,0.3056212,-0.07527307,-24.62953,0.19370063,0.40720198,0.21350135,52.431316
c1fa221228b2c59d,5503,80,1.3927051,1.3172753,-0.0754298,-5.7261987,3.4454787,3.387552,-0.057926655,-1.7099857
1af73ba621124c0,4961,34,0.32105434,0.24451752,-0.07653682,-31.301159,0.59386563,0.38805336,-0.20581228,-53.037106
de4768a5a263df99,2044,14,0.20251009,0.12589073,-0.07661936,-60.861797,0.4947812,0.29335302,-0.20142817,-68.664085
ed6a1a73dd52b08b,4897,14,0.34121063,0.26451263,-0.076698005,-28.99597,0.25380528,0.16158569,-0.09221959,-57.071632
6d8232b031fa36da,1860,80,0.89082956,0.8138932,-0.076936364,-9.452883,1.6729586,1.5395825,-0.13337612,-8.663136
a668c88288bc6af,2948,14,0.12852256,0.0514267,-0.07709586,-149.91406,0.31075802,0.07951941,-0.2312386,-290.79517
7d81a27f9667fef4,6897,11,0.17456278,0.097198725,-0.07736406,-79.5937,0.32478976,0.13174531,-0.19304445,-146.52852
e7463b4d769c7a0e,3382,37,1.9676926,1.8899126,-0.07778001,-4.115535,3.9867058,3.862944,-0.12376189,-3.203823
943e944a1811dfe9,7291,80,1.1861476,1.1075158,-0.07863176,-7.099832,3.4856932,0.80762964,-2.6780636,-331.59552
c8d4b8f2d72bc5d,2690,25,1.0741402,0.99544036,-0.07869983,-7.9060316,2.3952909,2.161334,-0.23395681,-10.824648
23a8baaa4a5709dd,2415,8,0.1498911,0.070759416,-0.07913168,-111.83201,0.22098868,0.09110543,-0.12988324,-142.56366
f249bffd63f61e2,4854,6,0.14225592,0.06286025,-0.07939567,-126.305046,0.16657446,0.031560548,-0.13501391,-427.7933
e85e406d663827ee,5767,73,0.7324056,0.65292025,-0.07948536,-12.173823,1.4017249,1.2600117,-0.14171326,-11.24698
5e8fb00a7887bc02,778,80,0.5928252,0.5133385,-0.07948667,-15.48426,1.9296821,1.2775395,-0.65214264,-51.046772
646cdf4f8474fe8b,1965,11,0.40884668,0.3293505,-0.079496175,-24.137257,1.2599773,1.0896671,-0.17031026,-15.629569
4f21831705e8d4e,1806,44,2.3842568,2.3047588,-0.07949805,-3.4493003,4.1095695,3.9698822,-0.1396873,-3.518676
8e9c9754ca72df33,5859,80,0.23595378,0.15579966,-0.08015412,-51.446915,0.70218873,0.13886967,-0.5633191,-405.64584
36ccca11a6a7c8d9,5916,10,0.19761677,0.11743002,-0.080186754,-68.28471,0.2518249,0.17142515,-0.08039974,-46.900784
cc0e1b625f5f9534,4803,80,1.8832668,1.8026317,-0.08063507,-4.473186,7.3207884,7.2178097,-0.10297871,-1.4267306
a8d54eb3ead207fe,5754,80,0.6547786,0.57397425,-0.08080435,-14.078043,0.7702863,0.7148739,-0.05541241,-7.7513547
2f9e9202da09dca7,1369,26,0.2276689,0.14680108,-0.08086781,-55.086662,0.42121503,0.39593145,-0.025283575,-6.3858466
7ddf36fa7d583c8f,3515,55,1.7534627,1.671836,-0.08162665,-4.882456,5.3563514,5.0587726,-0.2975788,-5.882431
f841659bc796612d,159,2,0.17632467,0.09412706,-0.08219761,-87.326225,0.20686895,0.1202444,-0.08662455,-72.040405
a56ce9f1cb56c196,753,11,0.14326844,0.060313486,-0.08295495,-137.53964,0.21568263,0.13235664,-0.08332598,-62.955647
2f029b200ad905,431,39,1.1511428,1.068089,-0.08305383,-7.7759275,3.705766,2.5168972,-1.1888688,-47.235493
b855b1b9bb6220ac,3710,28,0.31879506,0.23445424,-0.08434081,-35.97325,0.5712525,0.4834448,-0.087807715,-18.162924
1f6441a4929f1bd,3506,4,0.24110407,0.15664896,-0.0844551,-53.913605,0.3216281,0.19610694,-0.12552115,-64.006485
e80fd9b8fa56b223,6455,36,0.22282627,0.13829795,-0.08452833,-61.12045,0.48704886,0.30433735,-0.18271151,-60.03585
4a0d772f4672cfbf,8113,44,0.9382585,0.85273397,-0.08552456,-10.029454,3.393252,3.2094388,-0.1838131,-5.727266
60db4c6beab1c738,494,65,1.0327517,0.94697607,-0.085775614,-9.057844,1.4024272,1.3116193,-0.090807915,-6.923344
1d04c8f82cd7e720,777,80,1.365875,1.2800847,-0.08579028,-6.7019215,3.1023488,2.726385,-0.3759637,-13.789824
395938bcf621226e,5991,80,0.7834436,0.6975958,-0.085847855,-12.306246,1.6295505,1.5704583,-0.059092164,-3.7627335
414230c97f8b899,2177,80,2.8760133,2.7899616,-0.0860517,-3.084333,11.186715,10.820217,-0.366498,-3.3871596
29b1da2534dbf53a,3858,61,2.663764,2.5777066,-0.086057425,-3.338527,7.005626,7.0909133,0.085287094,1.2027661
48170246219df8a5,3105,39,0.5537539,0.46766886,-0.08608505,-18.407267,0.6768614,0.3934202,-0.28344122,-72.04542
890232521446683b,4125,80,4.8682265,4.78147,-0.086756706,-1.814436,12.378635,11.953586,-0.42504978,-3.555835
9209668b4b905dcc,4391,80,1.4066957,1.3189571,-0.08773863,-6.652122,1.9032934,1.5539064,-0.34938693,-22.484425
e44ff4b39dfbccb6,255,14,0.19778815,0.109403856,-0.08838429,-80.787186,0.34340063,0.13916777,-0.20423286,-146.75299
5988d28ffa1fd406,4293,80,0.4248641,0.3357156,-0.08914852,-26.554775,0.72139484,0.47840524,-0.2429896,-50.791584
cd5214891fadd301,304,32,0.35587388,0.2667089,-0.08916497,-33.43157,1.0067153,0.47285753,-0.53385776,-112.90034
c0e239e366b5bb2e,4645,27,0.47345975,0.38406733,-0.08939242,-23.275196,1.1577086,0.9148483,-0.24286032,-26.54651
8b918fffa79982d4,4093,2,0.42981267,0.3403301,-0.089482576,-26.29288,0.45252162,0.38681662,-0.065705,-16.986086
74ccf3de4ac48229,2814,15,0.19803886,0.10811667,-0.08992219,-83.17144,0.5792226,0.35268003,-0.22654259,-64.2346
d724db54337ed25a,6589,26,0.21856308,0.12786101,-0.09070207,-70.93802,0.18378131,0.22206774,0.038286433,17.240881
85bb622666243b57,4270,25,1.2999053,1.2085774,-0.091327906,-7.556645,3.764856,3.506341,-0.25851512,-7.372789
6682ec4d8e52e8ed,5107,80,0.4649988,0.37342614,-0.09157267,-24.522299,1.3609724,1.3735006,0.012528181,0.9121351
a55ef7a748528cc9,1679,6,0.3043321,0.21224566,-0.09208645,-43.38673,0.65877545,0.48900634,-0.16976911,-34.71716
abaa1c053708483f,981,28,0.18411927,0.09194504,-0.09217423,-100.249275,0.3456414,0.19507127,-0.15057014,-77.18725
40da284bba3b018d,2830,3,0.19856833,0.10597315,-0.09259518,-87.37608,0.3085047,0.20260738,-0.10589732,-52.267258
354a8e8a0a38c0c4,3372,79,0.7170498,0.623622,-0.09342778,-14.981476,0.935666,0.5942998,-0.34136623,-57.44007
fb01f480f80bdfae,6291,80,1.1646229,1.0709738,-0.09364915,-8.744299,2.950852,2.7507517,-0.20010018,-7.2743816
75148ec5e140ed97,3197,80,0.4021573,0.30847314,-0.09368417,-30.370283,0.9402801,0.6429387,-0.2973414,-46.247242
65c7052a2925b3a,3760,80,3.0309632,2.936638,-0.094325066,-3.2120087,7.730587,7.482116,-0.24847078,-3.3208623
78903292a4fb02bb,4581,64,0.5921543,0.49766412,-0.0944902,-18.98674,1.5918906,1.0765452,-0.51534534,-47.87029
c789e7b2e343159c,4615,7,0.2163175,0.12149155,-0.09482595,-78.051476,0.11497157,0.1451323,0.030160733,20.781544
ec10ec90dfe9b67,2423,10,0.35546827,0.26039392,-0.095074356,-36.51174,0.40964353,0.26697332,-0.14267021,-53.43988
ce2653e93ad980c6,6605,7,0.28351784,0.18815164,-0.095366195,-50.685818,0.35003757,0.2350775,-0.114960074,-48.903053
76fd5b92c081f7d4,2400,27,0.28816605,0.19262022,-0.09554583,-49.603218,0.6303737,0.57291454,-0.057459176,-10.029275
6f5cc5254bef09db,283,9,0.62705475,0.5307432,-0.09631157,-18.14655,1.7212447,1.4805185,-0.24072623,-16.25959
3b66f07bcd613b27,1112,26,0.23250793,0.1360258,-0.09648213,-70.92928,0.71446776,0.32572788,-0.38873988,-119.344986
752ed0966928e3d9,6676,18,0.20454948,0.10778909,-0.096760385,-89.76826,0.36241728,0.15091465,-0.21150263,-140.14717
fd68f5e156b22e7a,5733,80,0.7822112,0.685125,-0.09708619,-14.170581,1.0411234,1.1034914,0.062368035,5.651882
3702fa68f9c5f583,3495,11,0.27409843,0.17593399,-0.09816444,-55.796177,0.6994485,0.2657004,-0.43374813,-163.24707
833feb5630e67d72,859,80,1.3390492,1.2406774,-0.09837186,-7.928883,2.5250316,2.3248703,-0.20016122,-8.609565
54c78944b4db99b0,763,19,0.22333467,0.12484342,-0.09849125,-78.89182,0.4906564,0.21098286,-0.27967355,-132.55748
a3d1e2b566a84dbd,804,31,0.5610231,0.46228087,-0.09874225,-21.359795,0.8309221,0.5911495,-0.23977262,-40.560402
c5c2f57a2d034a75,2563,4,0.16590077,0.06705852,-0.09884225,-147.397,0.36101785,0.11205204,-0.24896581,-222.18767
7ed16e7004cdcb63,2114,80,0.5396191,0.44064936,-0.09896973,-22.459974,0.8773701,0.44258046,-0.43478966,-98.239685
e36255df617c5161,4620,78,1.2142397,1.1151752,-0.09906447,-8.883309,2.4153225,2.7996957,0.3843732,13.729106
58250441d5364751,666,13,0.41472307,0.31528172,-0.09944135,-31.540474,0.6138901,0.45184812,-0.16204199,-35.86205
51909f1c90b12d03,3565,26,0.20253101,0.10302128,-0.09950973,-96.59144,0.33266434,0.16662915,-0.16603519,-99.64355
1001ebb6d3905d92,197,35,0.82008195,0.719947,-0.10013497,-13.908659,2.1486607,1.9486847,-0.19997597,-10.262099
d302075a86db5705,3154,80,0.45653266,0.35628814,-0.10024452,-28.1358,1.091114,0.8920042,-0.19910985,-22.321629
6d46c9e86cd55779,3982,6,0.20221353,0.10159815,-0.100615375,-99.032684,0.31403068,0.082867675,-0.231163,-278.95438
ec9d1e4cf7e20507,5627,34,0.43665454,0.33540982,-0.10124472,-30.185377,1.0220239,0.50867003,-0.5133539,-100.92081
5b3c36c2a7f534,1957,63,0.54865277,0.44665852,-0.101994246,-22.83495,1.2121588,0.7923767,-0.4197821,-52.977592
2a3fe6058686389d,1943,80,1.1296283,1.0275797,-0.102048635,-9.93097,2.6353335,2.2818973,-0.35343623,-15.488701
3adb267cc17722d8,77,57,0.832397,0.73030424,-0.10209274,-13.979481,1.7431519,1.6887597,-0.05439222,-3.2208383
8fed56ddc35e702c,5374,80,0.7262825,0.6241405,-0.10214198,-16.365221,1.743405,1.5044268,-0.23897815,-15.884997
425967ad832285b,2226,2,3.5601926,3.457552,-0.10264063,-2.9685926,4.298131,4.044959,-0.25317192,-6.258949
972b3dc15546f0c3,219,2,0.3453819,0.24230853,-0.10307336,-42.538063,0.52104384,0.4350986,-0.08594525,-19.753052
85c50f2a6567556d,3705,12,0.20691566,0.10383764,-0.10307802,-99.26846,0.4754536,0.09768676,-0.37776682,-386.7124
84f4c637e6f474dd,8562,80,0.22522672,0.12186332,-0.103363395,-84.81912,0.4994082,0.25821376,-0.24119443,-93.40882
5817c25d15e6e98e,3838,15,0.3000253,0.19639787,-0.10362744,-52.764034,0.7755722,0.50313276,-0.27243942,-54.148613
67d10c8011a20c1c,4007,80,1.1606778,1.0570447,-0.103633046,-9.804036,3.431971,2.1333778,-1.2985933,-60.87029
ca7b4a1d5db00144,2460,28,0.7796122,0.67561966,-0.10399252,-15.392169,1.6197778,1.5886256,-0.031152248,-1.960956
c6b9abb19becc7ca,5302,73,1.693954,1.5899037,-0.10405028,-6.544439,4.065448,3.511896,-0.5535519,-15.762197
a436fe9388b49c99,3860,29,1.4058338,1.301662,-0.10417187,-8.00299,2.930077,2.780905,-0.14917207,-5.3641553
13a15b8f3facfef6,595,80,1.021785,0.917467,-0.10431802,-11.370221,2.5069098,2.3059187,-0.20099115,-8.716316
73130a8804a42521,204,47,1.2938157,1.1893551,-0.1044606,-8.782961,3.7609837,3.240696,-0.52028775,-16.054815
11b1f787fb6fe7f9,6137,80,0.66186106,0.55671376,-0.1051473,-18.887138,1.4582437,1.4617038,0.0034600496,0.23671347
debc044704efed98,1183,80,0.5762028,0.47089115,-0.10531166,-22.364332,1.3579266,0.7051705,-0.6527561,-92.56713
3bf2e8b9fa8ae439,5914,80,1.1050966,0.9988694,-0.10622716,-10.63474,2.2595563,2.4218285,0.16227221,6.700401
a9fcff37c94a928e,2932,79,2.7820172,2.6754992,-0.10651803,-3.9812393,8.57648,8.29817,-0.27830982,-3.35387
baf009c578bb0354,6752,80,0.38486856,0.27830514,-0.10656342,-38.29014,1.6627139,1.443344,-0.21936989,-15.198726
9a420a65d6043d55,3472,80,2.5748885,2.4680724,-0.10681605,-4.327914,6.0983043,5.7958484,-0.3024559,-5.2184925
b223d504aa68593b,6667,75,1.7343612,1.6269122,-0.107448936,-6.6044703,3.1466022,2.6732585,-0.4733436,-17.706615
14af575205c6a26f,922,1,0.6387364,0.5312386,-0.10749781,-20.235317,0.6387364,0.5312386,-0.10749781,-20.235317
5611e6bb1949d77d,6510,80,0.5725039,0.46496964,-0.10753429,-23.127165,1.1657276,0.6038414,-0.5618862,-93.05195
e23ad00a5f2fc2fb,4974,67,1.438634,1.3310972,-0.10753679,-8.078809,5.222205,5.308199,0.08599377,1.6200178
11e6fb488ced09a2,7793,80,7.2790804,7.170523,-0.108557224,-1.5139374,16.788326,16.93628,0.14795303,0.8735864
cef30ab99fc02280,4725,80,2.728528,2.6199405,-0.1085875,-4.144655,5.69191,5.3777537,-0.31415606,-5.8417706
85ee2459c88d7288,6227,38,0.18769911,0.078937545,-0.108761564,-137.78178,0.42639878,0.13679093,-0.28960785,-211.71567
11b94fa7dae252a1,2387,80,0.4111476,0.3021546,-0.108992994,-36.07193,0.86577225,0.36952278,-0.49624947,-134.2947
3482ea3d5997eb8e,1433,36,0.8210655,0.7119517,-0.10911381,-15.3260145,2.2690935,1.8474432,-0.4216503,-22.82345
d7a37a7419b34b4f,1009,78,6.407705,6.298411,-0.10929394,-1.7352622,11.148748,9.762064,-1.3866844,-14.204828
5c7e6e1b380fd48f,5533,80,0.6427973,0.5334491,-0.10934818,-20.498333,1.4853888,1.2200023,-0.26538646,-21.752947
9058e610266b650b,190,17,0.22769424,0.11803478,-0.10965946,-92.904366,0.46339512,0.1338675,-0.32952762,-246.15953
3b631ad20b8b12e2,2426,79,0.6979829,0.58824646,-0.10973644,-18.65484,1.3994441,1.0746869,-0.32475722,-30.218777
502c958998989db6,1152,1,0.20108652,0.091218464,-0.10986806,-120.44498,0.20108652,0.091218464,-0.10986806,-120.44498
6150c56ea3bd570c,3717,15,0.47440425,0.3630337,-0.11137053,-30.677738,0.82925975,0.68938607,-0.13987368,-20.289602
27daac0ca8ce34de,4987,80,1.739135,1.6274652,-0.11166978,-6.861577,5.010377,4.209331,-0.8010459,-19.030241
27609a9cb91b1886,2496,14,0.34663895,0.23442231,-0.11221664,-47.869434,0.6671536,0.4324641,-0.2346895,-54.26797
85bd080596354cd2,5674,80,0.59061867,0.47686666,-0.11375201,-23.854048,0.4020773,0.35349438,-0.04858291,-13.743617
2dd4b2438032e32f,575,14,0.5297314,0.41518775,-0.11454365,-27.588398,1.4623188,0.8828303,-0.57948846,-65.63985
62688632678ca7a4,1049,24,0.3377644,0.22305687,-0.114707544,-51.425247,0.5219387,0.26875794,-0.25318074,-94.204
40abc21a35bc227b,1450,13,0.32859024,0.2131581,-0.11543214,-54.153297,0.81699693,0.666664,-0.15033293,-22.550028
b0bf089e5584d329,5325,80,0.3919526,0.27642804,-0.11552456,-41.79191,0.7822394,0.37646583,-0.40577355,-107.784966
676e863f6917fbdc,2788,21,2.0158665,1.9000951,-0.11577141,-6.0929275,2.9039974,2.7303076,-0.17368984,-6.3615484
dc8f3e172bce25c1,2603,46,0.3588539,0.24225788,-0.11659603,-48.12889,0.41107315,0.4744359,0.06336275,13.355387
7a69931fc8677e33,7998,80,0.39972162,0.28233254,-0.11738908,-41.578304,0.7832768,0.50977707,-0.27349973,-53.65085
a28d1f33bc8eef5a,1601,1,0.2209412,0.103423454,-0.11751775,-113.627754,0.2209412,0.103423454,-0.11751775,-113.627754
6bcef0c1a3e00ecc,478,29,0.36166686,0.24370982,-0.11795704,-48.40061,0.80928415,0.4930403,-0.31624386,-64.14159
388b19d660b9b98f,4371,79,2.0872846,1.969061,-0.11822355,-6.004057,5.199841,4.6089196,-0.5909214,-12.821257
5f4dab8fdd34daf5,3289,25,0.8151228,0.69674295,-0.11837983,-16.990461,2.0859165,1.7010689,-0.38484764,-22.62387
bada90aa8764daac,7540,40,0.79055727,0.671947,-0.11861026,-17.65173,1.8859718,1.9325993,0.04662752,2.4126844
54cb1dfe2ef11202,5178,72,2.3984532,2.2791667,-0.11928654,-5.2337785,5.124162,4.644533,-0.47962904,-10.326744
551181f8acec5c7f,4552,80,0.6053467,0.48573083,-0.11961585,-24.625954,1.9399298,1.4004009,-0.53952897,-38.526752
332b35199f32787d,5896,80,0.41188496,0.29213735,-0.11974761,-40.990173,0.8544216,0.4769569,-0.3774647,-79.14021
dff1d7843f06a3cd,5435,59,0.6142361,0.49448067,-0.11975545,-24.218428,1.4064628,1.4522998,0.045837045,3.1561694
89eb7badda813bec,3727,18,0.3725379,0.25271496,-0.11982295,-47.41427,0.70206916,0.49400648,-0.20806268,-42.117397
42e3bc41d3c0c1e2,6163,69,0.7625234,0.6425072,-0.12001622,-18.679358,2.269746,2.0636048,-0.20614123,-9.989376
3841a45c6449482a,496,80,0.8360772,0.71572167,-0.12035555,-16.815971,3.0474062,2.9336252,-0.113780975,-3.8785112
8eb28a6f089429d0,1932,80,1.3732346,1.2527597,-0.120474935,-9.616763,2.5316894,2.4916131,-0.040076256,-1.6084462
3159b1e1f9e86b7a,5371,80,2.2785363,2.1577003,-0.12083602,-5.6002226,5.8769274,6.1513653,0.2744379,4.4614143
43b0be990c5b7559,5135,80,1.5610793,1.4393996,-0.12167966,-8.453501,4.2023935,3.895373,-0.30702043,-7.881669
ef7423435459f063,298,80,2.2716544,2.1494985,-0.122155905,-5.6829953,2.8518603,2.330918,-0.5209422,-22.349228
8f1297e2ddb0c8f9,3139,12,0.38837335,0.26599506,-0.12237829,-46.007732,0.5011374,0.33869582,-0.16244155,-47.960896
793658a8187e66c1,1654,80,1.8921925,1.7697487,-0.122443795,-6.918711,6.877243,6.313433,-0.5638099,-8.930321
ba1669ca1c4874ca,4242,70,0.6539471,0.5297791,-0.12416804,-23.4377,2.3332922,1.4621987,-0.8710935,-59.574223
3013aa1bc20cb786,7341,80,1.0793701,0.95402205,-0.12534809,-13.138909,2.548255,2.1322432,-0.4160118,-19.510525
f14ea608956a8e97,1035,77,5.018814,4.892894,-0.1259203,-2.5735343,10.61057,10.122524,-0.4880457,-4.821383
804f3a37a3df0e9c,3297,80,0.8025528,0.6762195,-0.1263333,-18.682291,2.0348613,1.9441202,-0.09074116,-4.6674666
775f4a330880252a,4139,80,2.909745,2.7827191,-0.12702584,-4.5648103,8.310142,7.817936,-0.49220562,-6.2958517
f25efc3441ef6940,1963,80,4.0092688,3.8820634,-0.12720537,-3.2767463,9.189249,9.065247,-0.12400246,-1.3678885
2a2f187e9319eee0,1918,80,1.1281112,1.0004647,-0.12764657,-12.758727,2.3655105,1.8680962,-0.49741423,-26.626799
9c10ef4b9084c2af,2066,21,0.56649673,0.438711,-0.12778574,-29.127544,1.0999115,0.71737677,-0.38253468,-53.324097
a1e64b6b091f8d0e,5398,80,1.591904,1.4639032,-0.12800086,-8.743806,4.188401,4.0796776,-0.10872364,-2.6650057
5f5312f1997bdf70,4484,20,0.3009143,0.17279093,-0.12812336,-74.14935,0.59728444,0.387031,-0.21025345,-54.324703
ea15cd100baa5515,853,33,0.44670418,0.31834802,-0.12835616,-40.319447,1.2077405,0.7990773,-0.40866327,-51.141895
115f889cc0f6cab5,681,46,1.480631,1.3511587,-0.12947226,-9.582313,4.6475444,3.9382513,-0.7092931,-18.010357
3d23440ce0e8896f,4498,80,0.9697121,0.84018576,-0.12952632,-15.416389,3.2124603,3.477925,0.26546478,7.632849
540c66dcaf576acd,3306,77,2.081851,1.9519669,-0.12988412,-6.654013,5.6584544,5.220656,-0.4377985,-8.385891
8a3db1372312d2dc,4673,80,0.64023554,0.5099593,-0.13027626,-25.546404,1.1990318,1.1233761,-0.0756557,-6.734672
6e0adb821b34e184,6248,44,0.29356602,0.16308433,-0.13048169,-80.00872,0.5907073,0.41895926,-0.17174804,-40.99397
2b19537e4d14c179,3578,79,1.090056,0.95928025,-0.13077569,-13.632688,2.9723709,2.4822252,-0.49014568,-19.746222
a25ad58b772077ef,4512,59,0.23363699,0.102817744,-0.13081925,-127.234116,0.27524558,0.27685374,0.0016081631,0.580871
f8848e87a4bde9cf,436,80,1.8032513,1.6719515,-0.13129973,-7.8530827,5.3787556,4.673197,-0.7055588,-15.097989
43fbfff6e36a3b08,5007,80,0.5795217,0.44793743,-0.13158429,-29.375595,1.144218,0.9944705,-0.14974749,-15.058012
6af066e5102bbb95,2605,15,0.39536795,0.2636668,-0.13170114,-49.949837,0.7976587,0.5225041,-0.2751546,-52.66075
9085b49403a99f59,4066,80,2.9508295,2.8178594,-0.1329701,-4.7188334,8.334163,7.781371,-0.5527916,-7.1040382
daa4284e9ca4f6c4,3491,80,2.348828,2.2157855,-0.13304257,-6.0043073,7.1004915,6.2541604,-0.8463311,-13.5322895
849b14d76f6f88cc,5185,80,1.4939338,1.3608787,-0.13305509,-9.777145,3.5746217,3.304683,-0.2699387,-8.168369
aaf43c5a36f2fbaa,2268,80,1.2666637,1.1327593,-0.13390434,-11.821075,2.0128846,1.9588481,-0.054036498,-2.7585855
60449543fc4c47ad,8165,31,0.32261816,0.18621483,-0.13640332,-73.25051,0.77343756,0.28079125,-0.4926463,-175.44931
fed9fda4e4c95d92,4089,80,0.6449515,0.50700796,-0.13794357,-27.207378,1.3034248,0.96639335,-0.33703148,-34.875187
37535c328704833,8281,80,0.31681043,0.17865053,-0.1381599,-77.33529,0.49042717,0.5522977,0.061870545,11.202391
6fc1189f135213c2,3431,74,1.6425052,1.5042737,-0.13823152,-9.189253,3.876842,3.340982,-0.53586006,-16.039
1d102a1b18afb404,1825,25,0.84521055,0.7053703,-0.13984025,-19.825083,2.1780949,1.7877913,-0.3903036,-21.83161
354f32307b783cbd,3083,30,0.39005148,0.2500096,-0.14004189,-56.014603,0.92717624,0.526258,-0.40091825,-76.18283
2843c3da69a197c3,6771,75,0.41054323,0.27030253,-0.1402407,-51.882862,0.49683553,0.47723454,-0.019600987,-4.107202
c3fe2a9e8a52ac44,5862,7,0.42974386,0.2878997,-0.14184415,-49.2686,0.46203643,0.11928089,-0.34275556,-287.35162
a01b1093d42fa029,4571,80,1.2548074,1.1122758,-0.14253151,-12.8144045,3.7768247,3.1890247,-0.5878,-18.431969
cbecd55aacbb8624,7773,79,0.84697175,0.70440626,-0.14256549,-20.2391,1.9013181,1.7233114,-0.17800665,-10.329337
90878020956c61b8,3053,80,1.9524841,1.8098392,-0.14264488,-7.8816323,3.9268832,3.9118721,-0.015011072,-0.38373116
5d339d1290c3e98b,2964,80,0.9104668,0.76777804,-0.14268875,-18.584637,1.9136444,1.6716073,-0.24203718,-14.479309
4ca33f4945cc688c,1207,80,3.0073144,2.8641696,-0.14314485,-4.9977784,5.8913074,5.650068,-0.24123955,-4.2696753
586fef4caab44378,399,75,1.0688288,0.925601,-0.14322782,-15.474035,3.0813143,2.5935805,-0.48773384,-18.805426
84d22d60f0ddb106,5157,80,0.7748944,0.6315712,-0.14332324,-22.693127,1.2860295,1.0306536,-0.25537586,-24.77805
2d5c5f3b8a84cb29,1992,54,2.3423998,2.1986983,-0.14370155,-6.5357556,8.426552,8.468254,0.04170227,0.49245417
43609c5f5310cac0,7473,22,0.21290277,0.06851386,-0.14438891,-210.7441,0.39144087,0.11931085,-0.27213,-228.08487
e1584e1d72a9fdd8,1569,24,0.39119625,0.24646652,-0.14472973,-58.721863,0.7656963,0.5305543,-0.235142,-44.32006
91c5d23bdcd2521b,5948,28,0.5357865,0.3903363,-0.1454502,-37.26279,1.5214894,0.8123239,-0.70916545,-87.30082
bacdc946e8a3fb77,3679,16,1.0175276,0.8715976,-0.14592999,-16.742819,0.97670865,0.6222778,-0.35443085,-56.957012
406a81d30090ad5e,1868,17,0.6014508,0.45410922,-0.14734158,-32.446285,1.1752738,0.87796813,-0.29730564,-33.86292
4868b57f033d8fb5,5498,80,2.636475,2.4891326,-0.14734244,-5.9194293,6.9518104,6.56588,-0.38593054,-5.877819
a45a182fb5dd7188,2930,38,0.6869976,0.5393656,-0.147632,-27.371416,1.6218345,1.184419,-0.43741548,-36.930805
bf90360f4a773367,2996,1,0.24806854,0.10004273,-0.14802581,-147.96259,0.24806854,0.10004273,-0.14802581,-147.96259
f4aa18b560ff8cbf,737,39,0.4225348,0.27378494,-0.14874986,-54.330914,1.1184528,0.52632666,-0.59212613,-112.50165
f8223127ecd4cc35,380,55,1.5687596,1.4198272,-0.14893234,-10.489469,4.2978735,4.0491924,-0.24868107,-6.141498
29cd2aca8ae5e222,7205,80,0.40170407,0.25275522,-0.14894885,-58.930077,1.1056364,0.46807113,-0.63756526,-136.2112
3be0625d8dd4e997,2569,77,3.0546832,2.905363,-0.14932013,-5.1394653,8.436503,7.901245,-0.5352583,-6.774354
70b0c69fdbfa28dc,1203,66,0.75358754,0.6034015,-0.15018606,-24.889906,1.4370728,1.094563,-0.34250975,-31.291918
650f0b6b8a97fc5f,2647,55,1.8258667,1.6745332,-0.15133345,-9.037352,3.7713215,3.9279578,0.15663624,3.9877274
a049c21253ea1323,2421,29,1.7193561,1.5666585,-0.15269756,-9.746703,4.587568,4.2370434,-0.35052443,-8.272854
a389eb111e69b21e,1364,74,2.62224,2.469355,-0.15288496,-6.191291,2.5342295,2.6337872,0.09955764,3.7800186
5f785fbc9906b91d,2783,80,0.7074925,0.5543705,-0.15312195,-27.620867,1.6462699,1.4388802,-0.20738971,-14.413272
1d66e85aab722ecb,1323,80,1.0419513,0.88868535,-0.15326595,-17.246368,1.1177405,0.9173526,-0.2003879,-21.844152
d163f9529373c35e,6372,80,0.71406883,0.5606709,-0.15339792,-27.359707,1.4247252,1.165141,-0.2595842,-22.27921
6dc4608dfaf2c55c,3614,80,4.479027,4.3220263,-0.15700054,-3.632568,9.983568,9.4539,-0.52966785,-5.6026382
33a6fd97046e24fc,4401,24,0.4289036,0.2716934,-0.1572102,-57.86309,0.8546469,0.7466035,-0.10804343,-14.471327
5b885cf9a0da858,5094,5,0.95519984,0.79682803,-0.1583718,-19.87528,1.1638368,0.694771,-0.46906585,-67.51373
421fb9b93c0e066,1764,19,0.32140306,0.16301048,-0.15839258,-97.167114,0.7862226,0.21842419,-0.5677984,-259.95215
71d94bf5b21cea9a,5165,80,1.0736207,0.91388303,-0.15973765,-17.479004,1.8516092,1.8524928,0.00088357925,0.047696773
d7784dcf5dcf4cae,4314,80,4.7149296,4.555074,-0.15985537,-3.509391,9.97948,9.467949,-0.5115309,-5.4027634
aad6866c4601f72d,5827,80,2.6054587,2.4443748,-0.16108394,-6.589985,2.6959143,2.2274866,-0.46842766,-21.029427
511942791e9b7a64,3669,80,1.917258,1.7560152,-0.16124284,-9.182315,4.416047,4.1027427,-0.31330442,-7.6364627
4e878fdac9d2443a,3535,80,4.2813787,4.118182,-0.16319656,-3.96283,10.569809,10.06656,-0.50324917,-4.999217
4558e8d59bfcc429,5303,80,0.6762799,0.51067805,-0.16560185,-32.427837,1.6968763,1.1893306,-0.5075457,-42.674904
44cbf2e236a80063,4837,80,1.4334346,1.2673695,-0.1660651,-13.103132,1.6310507,1.1536349,-0.4774158,-41.383614
7e578c49b782927,697,13,0.78205067,0.6139901,-0.16806054,-27.371862,1.5259395,1.1943371,-0.33160233,-27.76455
8f1b20aca1f92903,3449,80,3.619763,3.4513268,-0.16843605,-4.880327,8.089163,7.5167317,-0.5724311,-7.6154256
70866efe646d247e,6395,80,1.4173017,1.2485065,-0.16879511,-13.519761,3.1817765,2.4234066,-0.7583699,-31.293547
9bcb0df9ff00e9ed,3721,80,11.357596,11.188318,-0.16927814,-1.51299,26.978655,26.444393,-0.5342617,-2.0203211
6f4d3acc436f4e85,1814,80,1.1210237,0.9508669,-0.17015678,-17.89491,2.525294,2.1592116,-0.36608243,-16.954449
362c5a5fafd55282,2711,16,0.3554916,0.18520501,-0.1702866,-91.944916,0.9004218,0.31159613,-0.5888257,-188.97081
bed574d0a50a4f9c,5216,80,1.896829,1.7249826,-0.17184639,-9.96221,4.76598,4.3732677,-0.39271212,-8.979833
84666f13f7b8c622,1193,45,2.292772,2.1207173,-0.17205477,-8.113046,5.4640837,4.9722714,-0.49181223,-9.891098
59482d571cdd56e2,4207,35,0.49915656,0.32638437,-0.1727722,-52.935196,0.6572435,0.41938242,-0.23786107,-56.716984
da3b55ad3c690b14,1516,80,4.5111628,4.3381286,-0.17303419,-3.9886827,9.448987,8.90692,-0.5420666,-6.0859036
914e0247ceb77f1a,4665,80,1.3389382,1.1651367,-0.17380154,-14.916838,2.5427887,2.7341602,0.19137144,6.9992766
140557ee693e5c10,3370,80,3.4592304,3.2840075,-0.17522287,-5.335642,8.799799,8.26945,-0.5303488,-6.41335
f56232a3e86ea498,1302,23,1.1606681,0.9838335,-0.17683464,-17.974041,1.9846114,1.6813891,-0.3032223,-18.034035
92b4c149075b12ad,5332,80,0.5263495,0.34762663,-0.17872286,-51.412304,0.89327073,0.7572833,-0.13598746,-17.957277
1b9ad2f79c354287,6435,80,0.55178535,0.36996648,-0.18181887,-49.144688,1.00601,0.5524807,-0.45352936,-82.08963
4f4d9a4191ac7d82,4734,55,2.4921312,2.3102996,-0.1818316,-7.8704767,5.0601044,4.64197,-0.4181342,-9.0076885
2520a4d46fb11778,3205,77,0.892775,0.71082413,-0.18195087,-25.59717,2.1149938,1.7725304,-0.34246337,-19.320593
c03944ebe9e67e1a,2561,78,3.9589436,3.7760003,-0.18294334,-4.8448977,9.249058,7.8115234,-1.4375343,-18.40274
e25893efbe394a0a,1078,80,2.3529835,2.1687055,-0.18427801,-8.497144,7.1684446,6.548036,-0.62040854,-9.474727
49c2cb4fb49f15c6,3142,42,0.37974986,0.19518168,-0.18456818,-94.56224,0.65230024,0.599912,-0.05238825,-8.7326565
8935bb8e9fc14b7e,972,80,3.5708523,3.3858178,-0.18503451,-5.4649873,7.760942,7.2385993,-0.5223427,-7.2160745
5e444422b804633f,3200,64,1.405346,1.2201557,-0.18519032,-15.177597,2.8973417,2.4259021,-0.4714396,-19.433578
85d7c9fcd00bd497,4824,80,0.61020267,0.42493343,-0.18526924,-43.59959,1.3266933,1.3608648,0.034171462,2.511011
d5dd95e4b465ce75,3421,30,0.54242533,0.3568401,-0.18558523,-52.00795,1.7125878,1.0649275,-0.6476604,-60.817326
e6580bf7d74a975b,1084,21,0.66404,0.47817075,-0.18586928,-38.8709,1.3863684,1.0743048,-0.31206357,-29.047955
335aa55cbc4b85a5,7789,80,0.5106444,0.32288164,-0.18776274,-58.152187,0.99378717,0.5166468,-0.47714037,-92.353294
3398d766cb3eae22,5487,80,0.37997785,0.19190523,-0.18807262,-98.00286,0.8301544,0.05569243,-0.774462,-1390.6055
3e5d1d645a5e3952,1118,80,0.7062228,0.5177802,-0.18844259,-36.39432,0.9306406,0.66859466,-0.26204592,-39.193542
9ecd1d0022e53995,5833,80,1.9038023,1.7151797,-0.1886226,-10.99725,4.8056993,4.435656,-0.37004328,-8.34247
af248098668fc645,5525,80,1.5060004,1.3172833,-0.18871713,-14.326237,6.068046,5.4699917,-0.5980544,-10.93337
34ab67d08700af67,1681,80,2.5082328,2.3195114,-0.18872142,-8.136257,6.244729,5.6642613,-0.5804677,-10.247897
3d5e8bc41d70b125,1205,80,1.0721786,0.88276815,-0.18941045,-21.45642,2.6981409,2.1690772,-0.5290637,-24.39119
4eaff6e0b6fb7317,2239,80,3.2296066,3.0390575,-0.19054914,-6.2700076,8.445258,7.847416,-0.5978422,-7.618332
7cf28734f852eb40,6874,80,0.87571466,0.6846765,-0.19103813,-27.901953,1.7494321,1.9468704,0.19743836,10.14132
375c59480e8b00ef,2925,80,1.4449974,1.2539486,-0.19104886,-15.235782,3.9926631,2.8121052,-1.180558,-41.98129
81eb0a7368564a5a,3190,80,5.0999284,4.9080253,-0.19190311,-3.909986,15.825205,15.106798,-0.7184067,-4.755519
81ae3683086bf3f5,421,17,0.31006652,0.11778075,-0.19228578,-163.25739,0.49311692,0.057801034,-0.43531588,-753.1282
b964d621d112abf0,1665,29,0.8525062,0.65975016,-0.19275606,-29.216522,2.3224864,1.7841833,-0.53830314,-30.170843
b071bce16ac1c142,5839,31,0.6240793,0.43081465,-0.19326463,-44.860275,1.9062543,1.0493596,-0.85689473,-81.65883
c099e24e752583c6,1092,38,0.66484755,0.47104704,-0.19380051,-41.142498,2.9060278,2.0451722,-0.8608556,-42.092083
a7f2b83b8075bb25,5451,80,0.6110042,0.41653824,-0.19446594,-46.686214,1.1158049,0.80075413,-0.31505078,-39.34426
d81a5107df67b86a,6786,76,0.5055273,0.3101155,-0.19541183,-63.0126,1.0713648,0.7780946,-0.29327017,-37.69081
44b68b1335ce40ad,4256,80,0.7191404,0.52098715,-0.19815326,-38.03419,1.4096191,1.0683019,-0.34131718,-31.949505
49938895120cf963,3523,80,4.074469,3.8758702,-0.19859886,-5.123981,9.58898,9.028797,-0.5601826,-6.2043986
75119e44f77d9df7,1218,80,1.9083074,1.7083489,-0.19995856,-11.704785,5.891513,5.1533546,-0.7381582,-14.323839
747c50ebcc7e497c,743,46,0.8248248,0.62472254,-0.20010227,-32.030582,2.3090367,1.2174354,-1.0916014,-89.66401
b3539269583a3de2,2461,35,0.6223239,0.42168188,-0.20064199,-47.581364,1.3358016,0.74714893,-0.5886527,-78.78652
bc31a2ec4d79176d,1461,44,0.76982665,0.56887996,-0.20094669,-35.323215,2.925292,1.0642972,-1.8609948,-174.85669
61d4298ff60f931a,4056,80,6.259504,6.057408,-0.20209599,-3.3363442,12.94911,12.3592,-0.5899105,-4.773048
3445d5b3a95546c7,6623,80,0.5598918,0.35709548,-0.20279634,-56.79051,1.9509848,1.3103468,-0.640638,-48.89072
5713b1ea60c9216f,3835,80,0.6566261,0.45290732,-0.20371878,-44.980236,1.1680571,0.7171103,-0.4509468,-62.883884
8669a94d09aa09ec,1322,29,0.7231984,0.5191849,-0.20401353,-39.294968,1.3961551,1.1479911,-0.24816406,-21.617247
54ae7d66f0ecf371,5413,79,0.37579387,0.17042497,-0.2053689,-120.504,0.63791233,0.1632191,-0.47469324,-290.8319
1a9669e9ca094684,2669,80,0.7748254,0.5684475,-0.20637792,-36.305542,1.6762242,1.3972765,-0.2789477,-19.963673
e9ab410aede6fe14,4998,27,0.50943863,0.30230835,-0.20713028,-68.51623,1.6823646,1.0385417,-0.6438229,-61.99298
e9a1da016103f442,1135,30,1.2971427,1.0887593,-0.20838344,-19.139532,2.5981581,2.138111,-0.460047,-21.516516
ff9bd86f85acd052,2111,49,0.5799727,0.36981833,-0.21015435,-56.826378,0.47518572,0.38320714,-0.09197858,-24.002314
38a9a2fb8002d641,1174,29,1.3748459,1.1639608,-0.21088505,-18.117882,3.6987429,3.1671884,-0.53155446,-16.783165
4c5136fa48837999,3604,68,2.9144933,2.7028978,-0.21159554,-7.8284698,7.584654,6.8985553,-0.6860986,-9.94554
4313befc6c556452,1386,51,0.7059645,0.4943247,-0.21163979,-42.81392,0.9696709,1.1877857,0.21811485,18.363148
109d18e8d879f639,5659,79,0.6120495,0.39970583,-0.2123437,-53.124992,1.5097218,1.4439042,-0.065817595,-4.5583076
ce6ecffdb9826bfa,3607,18,0.48653337,0.27401215,-0.21252123,-77.55905,1.0712011,0.69388634,-0.37731475,-54.377026
d68103a897b0d6a5,6755,78,5.0685654,4.8554955,-0.21306992,-4.388222,11.567961,10.947703,-0.6202574,-5.6656394
45a9e2b39859c358,7687,80,0.5398163,0.32595438,-0.21386194,-65.61101,0.9867267,0.360628,-0.6260987,-173.61343
d634f5e631a37565,5867,80,1.6246598,1.4106805,-0.21397924,-15.168512,4.0227966,3.4361258,-0.5866709,-17.073614
2a5dfdd0257394aa,3021,80,0.7814685,0.5670612,-0.21440732,-37.810265,1.3251317,1.45858,0.13344836,9.149198
aac9a2adca4e5406,880,80,3.3677354,3.1503367,-0.21739864,-6.900807,8.183951,7.734767,-0.44918442,-5.8073425
176019b147ca9674,327,43,0.72557336,0.5075218,-0.21805155,-42.963974,2.5443087,1.7697972,-0.77451146,-43.762722
b80cd2e462ab0cbd,764,33,0.35523936,0.13707414,-0.21816522,-159.15855,0.78626055,0.42119363,-0.36506692,-86.67437
45517d01831aeb43,2153,44,1.053206,0.8348309,-0.21837509,-26.158003,2.7281265,1.9078274,-0.82029915,-42.99651
72160b171393e301,3007,80,0.8130342,0.5946025,-0.21843165,-36.735744,1.7560158,1.4558628,-0.30015302,-20.616848
4b04dde232cdfb48,2773,50,0.80027014,0.58077234,-0.2194978,-37.79412,2.0975366,1.4979314,-0.5996052,-40.028885
ef4f779ca37a8f06,5342,80,1.3614159,1.139872,-0.22154391,-19.43586,3.6542387,3.3183522,-0.33588648,-10.122087
97bc5cec36403a5a,3818,80,2.967947,2.7462635,-0.2216835,-8.072186,5.6782336,5.0687647,-0.60946894,-12.024013
dd41e685cf6fd178,2597,80,5.1309714,4.9090424,-0.22192907,-4.5208225,10.960032,10.323684,-0.6363487,-6.1639695
62d72486a59ff5c1,5556,78,0.76206785,0.5392768,-0.22279108,-41.312935,1.1905814,0.75959444,-0.430987,-56.73909
a0f47a0e073b299f,5275,80,0.7265723,0.50183195,-0.22474033,-44.78398,1.2209425,0.72968197,-0.49126053,-67.325294
3c04d80eec7f307f,7259,80,4.8082075,4.582224,-0.22598362,-4.9317455,10.558735,9.906307,-0.6524277,-6.5859823
456cbd11db722f89,5245,80,0.67948925,0.453468,-0.22602126,-49.842827,1.1574156,0.8805935,-0.27682215,-31.435862
18784268c8f4f40a,2373,80,0.6828991,0.4549729,-0.22792622,-50.09666,1.1176596,1.0805713,-0.037088275,-3.4322839
4333f38aa7b965be,762,30,0.47159252,0.24312812,-0.2284644,-93.96873,1.184693,0.40432635,-0.78036666,-193.00415
6afae45261484d1d,6666,28,0.46505877,0.23610166,-0.22895712,-96.97395,0.7694676,0.72010016,-0.049367428,-6.8556333
7852bc0ab71ad69d,371,80,1.9498552,1.7194808,-0.23037446,-13.397908,4.115979,3.493255,-0.6227243,-17.826477
1455dc96ec6d507b,7039,80,0.5101789,0.27940947,-0.23076946,-82.59185,0.9777751,0.38083088,-0.5969442,-156.74785
7ef9cbaa964a58a1,1603,77,3.5480258,3.316888,-0.23113775,-6.9685125,8.993656,8.157038,-0.8366184,-10.2564
d5bd78f9ed84fd33,1579,41,1.6489645,1.4166466,-0.23231792,-16.399145,3.0319214,2.693964,-0.33795738,-12.544985
cae7a8172bf9927f,5925,80,0.77370155,0.54028934,-0.2334122,-43.201332,1.6813474,1.46109,-0.2202574,-15.074868
a540704af740fe42,4642,79,4.6647425,4.429573,-0.23516941,-5.3090763,10.453971,9.7779875,-0.6759834,-6.9133186
29ed159ddf87956c,233,32,1.6183289,1.3828847,-0.23544419,-17.025583,4.6888328,3.964233,-0.72459984,-18.278439
34645b194b671e15,5141,80,0.7201039,0.48378906,-0.23631486,-48.846672,0.30327728,2.0976827,1.7944055,85.542274
b0e4b4e88b6c7548,3477,80,0.7213627,0.48496246,-0.23640025,-48.74609,1.5684031,0.7260664,-0.8423367,-116.01373
5fe861f8e75d1c00,2639,80,5.5321302,5.294846,-0.23728418,-4.481418,13.333901,12.697295,-0.6366062,-5.0137153
95ad5409f838a9c3,5210,80,0.9058608,0.6645476,-0.24131316,-36.312397,1.4316796,1.1247058,-0.30697381,-27.2937
2d903761dbcd3128,4766,80,2.1762242,1.9340649,-0.24215937,-12.520747,3.5317698,4.29194,0.76017046,17.711582
da803d80110fdfe4,2698,23,0.32642987,0.0833667,-0.24306318,-291.55908,0.67841095,0.08575428,-0.5926567,-691.1103
5e22f86a8733606f,1605,14,0.39625928,0.15106794,-0.24519134,-162.30534,0.83784395,0.30845156,-0.52939236,-171.62901
be8941129a0ee510,1857,24,0.68251896,0.4342684,-0.24825057,-57.16524,1.4165249,0.8889773,-0.5275476,-59.3432
3c4b46a046ff1d2e,1521,80,3.3714619,3.1219416,-0.2495203,-7.9924717,8.577701,7.854838,-0.7228627,-9.202771
48b920063c9f98cc,5296,73,0.6889121,0.43908274,-0.24982935,-56.89801,1.9525803,0.35770527,-1.5948751,-445.8629
d436f71d2a07f758,3508,80,0.6389514,0.38889334,-0.25005808,-64.29992,1.1836133,0.68495435,-0.49865896,-72.80178
3a8acdc997dd77e6,5965,79,0.82564807,0.57520914,-0.25043893,-43.53876,1.8733038,1.6410198,-0.23228395,-14.154853
6291af1024b23c5f,954,49,0.97727334,0.71866345,-0.2586099,-35.98484,1.8603276,1.6072748,-0.25305283,-15.744217
7208487d18d7ef8d,3911,80,3.2409337,2.9808164,-0.2601173,-8.7263775,7.7060804,7.136088,-0.56999254,-7.987465
404d66cbdc8e6746,1675,79,0.7122473,0.45205906,-0.26018825,-57.556255,1.5749356,0.8273207,-0.74761486,-90.36578
c84dd7255bf16ec0,950,64,3.3584678,3.0980556,-0.26041222,-8.405666,8.062259,7.1407037,-0.92155504,-12.905662
f661ae1ad8f781c,1871,35,0.9357084,0.67416435,-0.26154405,-38.795296,3.135587,1.998245,-1.137342,-56.91704
526928794c15e7b3,1370,74,0.6604185,0.39611098,-0.26430753,-66.725624,0.67655486,0.27556545,-0.4009894,-145.51514
9bcd1abf22672635,6347,80,0.5818218,0.3174861,-0.2643357,-83.25898,1.1619827,0.5508023,-0.61118037,-110.961845
d6265a4ea23e4e45,4133,19,0.35933423,0.094987065,-0.26434717,-278.29807,0.61921763,0.22689742,-0.39232022,-172.90642
d946b788424a9419,7579,80,0.6936753,0.42884922,-0.26482606,-61.75272,1.3106954,0.910055,-0.40064043,-44.02376
4b7e211f2078d82,2630,11,0.89255595,0.6272324,-0.26532358,-42.300682,1.6808727,1.0705621,-0.61031055,-57.008423
ecbab94e75374df1,4029,78,2.1503098,1.8847643,-0.2655455,-14.089055,5.268857,4.843688,-0.425169,-8.777795
e091f8297ec81386,1610,20,1.1166543,0.8501002,-0.26655406,-31.355604,2.2972322,1.7023925,-0.5948397,-34.941395
fb1fb5e16deacbc3,1589,26,0.991299,0.7233547,-0.26794428,-37.041893,1.6104392,1.3093762,-0.30106294,-22.992853
42eae842f73b5e24,4279,80,1.3141996,1.0462519,-0.26794767,-25.610245,0.40121627,3.0113494,2.6101332,86.67653
1266ac6a3af4c59d,8322,80,0.97767,0.70725644,-0.27041358,-38.23416,1.2187654,1.6596812,0.44091582,26.566298
c483ab0df9d734fb,18,80,2.2017422,1.9277537,-0.2739885,-14.212836,6.0060496,4.702718,-1.3033319,-27.71444
3d89c55e2a701795,2193,80,0.60195005,0.32718533,-0.27476472,-83.97831,1.3707359,0.8719274,-0.4988085,-57.207573
290a03792c3e1973,2057,80,1.1267849,0.85037744,-0.27640748,-32.504093,3.0057833,0.9569417,-2.0488415,-214.10306
1a2bc3012c9defca,3118,59,0.48295364,0.20566621,-0.27728742,-134.824,1.2269202,0.35209522,-0.874825,-248.46263
7af3c558a614eea1,3647,80,0.65108466,0.3730876,-0.27799705,-74.512535,1.2608503,0.80403495,-0.45681536,-56.81536
9ce900c037d9fa0f,943,67,1.6978999,1.419337,-0.2785629,-19.626268,4.971299,4.2040696,-0.76722956,-18.249687
104a30760e62a0f3,2277,62,0.65020263,0.36994287,-0.28025976,-75.757576,1.6390936,0.7527966,-0.88629705,-117.73393
61ae992bed9451c1,3390,80,0.7514478,0.46998563,-0.28146216,-59.887398,1.7814327,0.9445519,-0.83688086,-88.60084
f490cef3f6a23242,3783,34,1.0776019,0.7958458,-0.2817561,-35.403355,3.2254164,2.4698,-0.7556164,-30.594236
d8ca683e93d2c235,587,80,1.3266237,1.0445465,-0.2820772,-27.004751,3.5199666,2.74862,-0.77134657,-28.063047
e60caaac027b456c,1101,80,4.867581,4.584485,-0.28309584,-6.1750846,10.074765,9.386947,-0.6878185,-7.3273935
6a6b2df6c8bc700c,4071,31,0.55376846,0.2687074,-0.28506106,-106.08605,1.5346966,0.8746275,-0.6600691,-75.4686
4445005a3f5ede84,1033,31,0.77983767,0.4943523,-0.28548536,-57.749374,2.7888768,1.9554905,-0.8333863,-42.617764
c496204b8d856928,4600,80,0.82596475,0.5387017,-0.28726304,-53.32506,1.5958507,1.2470008,-0.3488499,-27.975113
6b0d4ef9d4d3762a,279,51,0.5365764,0.24926795,-0.28730845,-115.26089,0.9085396,0.503844,-0.40469557,-80.321594
d6fa8777fbae9835,375,39,1.4433844,1.1548264,-0.288558,-24.987133,3.8705153,3.113329,-0.7571864,-24.320797
7f0b9b025f518085,6945,80,0.7550541,0.4663177,-0.2887364,-61.918385,0.39706755,0.72176707,0.32469952,44.986744
8dc731485ce596ba,6642,80,0.63320076,0.3436632,-0.28953758,-84.25039,0.88840294,0.4208481,-0.46755484,-111.09824
fe4a6425278fbd5b,967,38,0.56624675,0.2765456,-0.28970113,-104.757095,2.1045203,1.1477585,-0.95676184,-83.35916
245329f6a1df07fc,4361,57,0.58336186,0.29272896,-0.2906329,-99.28396,1.053715,0.6497507,-0.40396428,-62.1722
6b0f83e03ae22575,3898,30,1.1117742,0.82030433,-0.29146987,-35.53192,2.6154168,1.9253145,-0.6901022,-35.84361
ae177dcb1ce8a209,1265,68,1.258759,0.96007943,-0.2986796,-31.109884,1.9320047,1.6160226,-0.3159821,-19.553074
678b869051a27d15,1164,30,0.751253,0.45194596,-0.29930705,-66.22629,2.3976743,1.4999706,-0.89770377,-59.848095
fc51aa53ed0bdabc,4407,80,1.1480964,0.8479368,-0.30015963,-35.39882,2.400854,2.078002,-0.32285213,-15.536661
816e8b25bd1ccea9,2213,54,0.8730293,0.5704143,-0.302615,-53.05179,2.9903872,1.9991379,-0.9912493,-49.58384
fd6d87597742d2f5,6059,80,2.2931304,1.9898264,-0.30330396,-15.242735,5.347132,4.8799634,-0.4671688,-9.573203
7d0f3adf4e00dcb5,2532,55,1.4421548,1.1355793,-0.30657542,-26.997269,3.264273,2.4082592,-0.8560138,-35.54492
677bcf1f34563856,2246,41,0.6997991,0.3897432,-0.3100559,-79.553894,1.7865882,1.1169236,-0.6696646,-59.956177
bd215df686bf6eb9,348,54,3.7334626,3.422641,-0.31082153,-9.081336,8.571442,8.500732,-0.07070923,-0.83180165
8198c1fe5d77ee7d,2729,27,0.7104745,0.39779648,-0.312678,-78.60251,1.1207165,0.77102804,-0.3496884,-45.353527
42a5b632e2178c87,1742,62,0.711652,0.39546782,-0.31618416,-79.95193,1.5814563,0.6075522,-0.97390413,-160.29967
712488884ad5fb32,6697,80,0.64787084,0.3277736,-0.32009724,-97.65803,1.5439838,0.71735066,-0.82663316,-115.234184
a43289aed8196b45,1229,79,0.7782718,0.45788175,-0.32039005,-69.97222,1.3076286,0.8305149,-0.47711372,-57.44794
29e4f244518fc4e8,3974,70,2.0622618,1.7411284,-0.32113338,-18.44398,5.0310607,4.771693,-0.25936747,-5.4355435
810d237a31402b17,936,20,0.5055642,0.17289826,-0.33266595,-192.40561,0.9301194,0.3658996,-0.56421983,-154.20073
a0fcbb879e02b8d6,1306,78,5.11139,4.778027,-0.33336306,-6.977002,12.475703,11.490543,-0.9851599,-8.573658
3d15f0c39b17bdc5,882,24,0.5546991,0.21896584,-0.3357333,-153.32678,1.9786578,0.28191224,-1.6967456,-601.8702
bef67c058b034df0,570,55,0.91474706,0.5775048,-0.33724225,-58.396442,2.7625453,1.6861316,-1.0764138,-63.839252
b8c8852dccf6c0ff,395,58,0.6331759,0.29591712,-0.3372588,-113.97069,1.5035613,0.73851115,-0.7650501,-103.593575
70a08fec927ab145,3295,22,0.569696,0.22824393,-0.34145206,-149.59962,1.5283805,0.47974822,-1.0486323,-218.57973
f5a2abb68d80d6a0,3023,60,1.0431609,0.70161366,-0.34154725,-48.680244,3.4919703,2.3403172,-1.151653,-49.20927
d2617bce3548ef2d,2308,80,1.6647139,1.3227328,-0.34198105,-25.854128,4.777096,4.064246,-0.7128496,-17.539528
c1001f245939d514,984,68,1.3375597,0.98882866,-0.34873104,-35.267086,4.032934,2.7483943,-1.2845399,-46.737835
c27060b1a28de977,4658,80,0.6675194,0.31386408,-0.3536553,-112.67785,1.4998416,0.69667715,-0.8031644,-115.28503
919e18bfc10fcf63,4686,69,2.3184311,1.9639815,-0.35444963,-18.047504,5.359576,4.6448607,-0.7147155,-15.387231
dab4a1cb5666dba0,2687,80,2.84729,2.4922624,-0.35502768,-14.245197,8.1094,7.2753396,-0.8340602,-11.46421
5158c00f0a10756c,2026,80,0.7251226,0.37006983,-0.35505274,-95.94209,1.2395394,0.82062054,-0.41891885,-51.049034
63c4d5ad9666dac,5174,77,4.960062,4.604621,-0.3554411,-7.7192264,9.979523,9.041052,-0.93847084,-10.380107
f46f8ed28ba5bf44,2782,80,2.4730334,2.1168675,-0.3561659,-16.825138,6.058165,4.4767647,-1.5814004,-35.324627
b8be26c313900da6,665,19,0.635597,0.2780944,-0.35750258,-128.5544,1.5335394,0.62444526,-0.90909415,-145.58429
32736d73a9b6e4e,2576,75,0.8217155,0.46085516,-0.36086032,-78.30233,1.8038038,0.8552976,-0.9485062,-110.89779
9c3978d39991cce7,1790,32,1.3210585,0.9599269,-0.3611316,-37.620743,3.25401,2.364039,-0.889971,-37.646206
316e9e9dd3100f06,3576,50,1.7479527,1.3834764,-0.36447632,-26.344961,5.3059626,3.8226395,-1.4833231,-38.80364
f76c852ec071aaac,6906,80,0.59959334,0.23490593,-0.3646874,-155.24829,0.43146494,0.4523715,0.020906568,4.621548
241375080418ecc2,131,80,0.81344795,0.44833374,-0.3651142,-81.43804,1.6796671,0.8676717,-0.8119954,-93.58325
bbaaa0e75e574939,2767,80,2.075391,1.7030748,-0.37231624,-21.861414,6.240884,5.008142,-1.2327418,-24.614754
c6e4be7a1bc2a172,746,80,0.7857273,0.4128089,-0.37291843,-90.336815,2.4845448,0.3107019,-2.173843,-699.65546
6864a5d51ccb83b2,3267,74,1.1481825,0.77348006,-0.37470245,-48.44371,3.1280048,1.9074851,-1.2205197,-63.9858
c2021891ac9856c5,788,80,0.919536,0.54408467,-0.37545133,-69.00605,2.0210638,1.2506613,-0.77040255,-61.599617
995de580fc744e1a,7860,80,0.646441,0.27076513,-0.37567586,-138.74602,1.3622397,0.97098863,-0.3912511,-40.294094
6f818b16f5296362,5291,80,3.2598991,2.8841755,-0.3757236,-13.02707,9.602239,9.142646,-0.45959282,-5.0269127
a6005fd6737bcd34,3739,80,3.8988094,3.521687,-0.3771224,-10.708572,10.694189,9.944689,-0.7495003,-7.5366893
c15adb29098afeea,3742,63,0.7550544,0.37476933,-0.38028508,-101.47177,1.7438784,0.8415466,-0.90233177,-107.22304
62cae07816284f9a,4373,80,1.0570592,0.6763989,-0.3806603,-56.27749,1.9892564,0.7509213,-1.2383351,-164.90878
738f93b854729af8,5134,71,0.6101113,0.22853293,-0.3815784,-166.96867,1.382341,0.45625776,-0.92608327,-202.9737
7e83a0e1d5f5d078,2499,42,0.46144104,0.07832155,-0.3831195,-489.1623,1.0388919,0.22260383,-0.8162881,-366.69992
c4c38d07bd27d113,2446,29,0.70850736,0.3237533,-0.38475406,-118.84174,1.3088168,0.7225833,-0.5862335,-81.13023
16a51855eaab114a,1146,80,0.5778917,0.19119568,-0.38669604,-202.25146,1.0687354,0.13469572,-0.93403965,-693.44415
c042f73599c9d2c0,5115,80,4.509898,4.122683,-0.38721514,-9.392309,9.844467,8.925616,-0.9188509,-10.294538
b966b3703b02792a,1629,68,1.2594578,0.86581296,-0.39364487,-45.465347,4.3858247,2.165219,-2.2206056,-102.558014
3223a26c5347fdda,528,80,0.49286112,0.09567678,-0.39718434,-415.13138,0.9830615,0.13923809,-0.84382343,-606.0292
8044a300a0366d64,548,80,1.5566213,1.158265,-0.39835632,-34.3925,4.2641425,3.32624,-0.93790245,-28.197077
c55d04b715e73d35,3814,80,2.332871,1.9295123,-0.4033587,-20.904697,4.9881434,4.32136,-0.66678333,-15.429941
9743e141ccf9c4d4,3844,52,2.2641,1.860255,-0.40384507,-21.709126,5.6136303,4.35887,-1.2547603,-28.786364
6334bce96aba3562,4435,80,1.7810869,1.3770087,-0.40407825,-29.344639,4.7038884,3.858776,-0.8451123,-21.901045
d4c1f0be48ea8a73,7127,36,0.96586895,0.5604485,-0.40542042,-72.33856,2.5852466,1.5838455,-1.0014011,-63.22593
c1b272ceb6955519,3632,80,1.8327103,1.4239573,-0.40875292,-28.705418,4.548368,3.3441997,-1.2041683,-36.00767
6c1f7ab7ffc954c,642,27,1.5271765,1.1174117,-0.40976477,-36.670883,2.5638447,2.0626276,-0.5012171,-24.299932
7a522d41fbfecfb,7300,34,0.6490274,0.23701222,-0.4120152,-173.83711,1.7295524,0.41667995,-1.3128724,-315.07935
a93958fc2228a467,1348,38,1.7567103,1.3431804,-0.41352987,-30.787367,3.8719087,2.8199983,-1.0519104,-37.30181
f1beab5f56440ca1,1700,20,1.680199,1.265628,-0.41457105,-32.756153,2.6643155,2.3370616,-0.32725382,-14.0027895
f36084be457f7a78,3103,46,1.4867948,1.0703083,-0.4164865,-38.912758,4.2514215,3.1865804,-1.064841,-33.416416
56cc9524ae191022,1117,39,0.8686595,0.4502485,-0.418411,-92.9289,2.5473604,0.6487884,-1.898572,-292.63345
7d93f5961a44acf1,1759,80,0.8340618,0.4139037,-0.4201581,-101.51107,1.2955084,0.49575877,-0.7997496,-161.3183
c3dddabb295f5293,1503,80,1.5660117,1.1453106,-0.42070103,-36.732483,2.5226378,2.0851574,-0.43748045,-20.980692
a6353abc83c9d0c5,7122,80,1.9182955,1.4955434,-0.42275214,-28.267462,4.080553,2.762437,-1.318116,-47.71569
4f9db32a9095e8a7,1873,36,1.5406424,1.117788,-0.42285442,-37.829575,3.9034493,2.8590684,-1.0443809,-36.528713
a5c442237e79e506,4810,8,0.66083765,0.23655209,-0.42428556,-179.36243,1.5276357,0.38436395,-1.1432717,-297.44507
ecf898f892d39d69,963,58,0.8791486,0.45426273,-0.42488587,-93.533066,2.219041,0.7474646,-1.4715765,-196.87573
9c23bda9de1dae3f,1919,80,2.6229222,2.197629,-0.4252932,-19.352365,6.7824454,5.681642,-1.1008034,-19.37474
9cceb228d23674bf,2617,80,1.8533685,1.4260386,-0.4273299,-29.966223,5.255383,3.747027,-1.5083561,-40.254745
eebf117dbf924b12,7302,36,2.427308,1.998881,-0.4284271,-21.433348,5.308553,4.469275,-0.8392782,-18.778845
195d066fe61989e8,4720,35,1.8736594,1.4450881,-0.42857122,-29.657099,5.64819,4.6150513,-1.0331388,-22.38629
32884cf42ddbf084,4280,80,1.2710494,0.84074134,-0.43030804,-51.181976,2.5387652,1.6172583,-0.9215069,-56.979572
de9393c1bebb2d4d,7030,80,0.6083158,0.17439273,-0.4339231,-248.81949,1.1745054,0.4621677,-0.7123376,-154.12968
2a15747ac5e3caf2,2531,77,0.96371883,0.5291179,-0.43460095,-82.13689,1.7799809,0.8141372,-0.9658437,-118.63402
4db535bf5d41616b,2738,74,0.8941902,0.45787776,-0.43631244,-95.29016,1.859216,1.3056598,-0.5535562,-42.396664
5335ec6e90ee002a,4562,80,1.4044012,0.9665387,-0.43786246,-45.302113,0.9758587,2.3166425,1.3407838,57.876163
bd7a6228caedea49,3072,80,0.76969945,0.32616895,-0.4435305,-135.98183,1.3388121,0.7439344,-0.5948777,-79.96373
2ad45377db6e1c42,1793,80,0.80854815,0.36268383,-0.44586432,-122.93471,2.3128226,0.19667737,-2.1161451,-1075.9475
c9f07496af3cef1b,5523,33,1.1810219,0.7292329,-0.45178902,-61.95401,2.9843845,1.7056354,-1.2787491,-74.97201
372ec707c951f5c7,1448,71,0.9701178,0.5180953,-0.4520225,-87.24698,2.0674102,1.1245246,-0.94288564,-83.84749
7592e26d29a6c1df,2646,57,0.5631011,0.10656211,-0.456539,-428.42526,1.1320552,0.33440086,-0.7976543,-238.53235
29b4f45fb56ca5f1,61,45,1.9992768,1.5414364,-0.45784032,-29.702187,4.6379914,3.481208,-1.1567833,-33.229366
481ce4accabfe510,3417,22,0.5828258,0.12462489,-0.45820087,-367.664,1.0482925,0.29555178,-0.75274074,-254.68997
3f6875b548da3179,1083,45,2.2348425,1.7762045,-0.45863807,-25.821241,5.1935782,4.129857,-1.0637212,-25.756851
d9dbc0fdc5d5ce22,363,52,1.1754203,0.71154284,-0.46387744,-65.193184,2.4409244,1.3500892,-1.0908352,-80.79727
46209cc84115ca51,4743,73,2.382927,1.9185607,-0.4643662,-24.203882,8.482499,7.135973,-1.3465261,-18.869553
c52d13cf5c7de151,266,68,0.82472575,0.35697556,-0.4677502,-131.03143,1.819745,0.9499337,-0.86981124,-91.56547
1f77b08d8cf02c09,1484,27,0.6610373,0.19230492,-0.46873242,-243.74437,1.1255913,0.13805127,-0.98754,-715.34296
23748cf4ddf6c6ca,2755,48,3.3543882,2.884062,-0.4703262,-16.30777,7.179953,6.327082,-0.85287094,-13.479689
15f7844b9e4921a,8359,80,0.9139174,0.44296813,-0.4709493,-106.31674,0.8532793,0.52987355,-0.32340574,-61.03451
9b4558cf685c5c78,571,80,1.0795476,0.6071668,-0.47238082,-77.80083,2.2257662,1.1269518,-1.0988144,-97.50323
f0c80122e3794aef,4337,72,0.93820435,0.46468693,-0.47351742,-101.90031,1.8114944,1.1818551,-0.62963927,-53.27551
f824473349c72041,439,80,0.7909772,0.31469887,-0.4762783,-151.34415,1.8183769,0.2569578,-1.5614191,-607.6559
cd04ffdce1d2619b,1102,60,1.0514016,0.57179147,-0.47961015,-83.8785,3.642779,0.84272116,-2.800058,-332.26385
71ce1c45c1aeb77b,3731,64,3.2108152,2.7285092,-0.482306,-17.67654,6.8258686,6.6536036,-0.17226505,-2.589049
9662e4e1b2dbd06a,2823,48,1.1182271,0.6349969,-0.48323023,-76.099625,2.9224236,1.6731741,-1.2492495,-74.663445
3f64a41684deebce,3904,80,1.9083717,1.4249799,-0.48339176,-33.922707,4.503057,3.521905,-0.98115206,-27.85856
c3c8e8b89add2d74,886,80,1.0036508,0.5073563,-0.4962945,-97.819725,3.2928765,1.5976912,-1.6951853,-106.102196
900bde5f206d99,992,65,3.7114234,3.2148066,-0.49661684,-15.447799,8.453302,7.21867,-1.2346325,-17.103323
ed9fbf701ac08e08,966,30,0.9019438,0.39994705,-0.50199676,-125.51581,2.6649075,1.1621536,-1.5027539,-129.30768
48bcffa6d4523512,4805,80,0.99558985,0.4894066,-0.50618327,-103.427956,2.550047,1.3100628,-1.2399842,-94.65074
f59ad8b2014be0e,3122,74,2.3496249,1.8380793,-0.51154554,-27.83044,6.7084994,5.719647,-0.9888525,-17.288698
8b36d4e5343275a3,5331,80,1.4932473,0.9811262,-0.5121211,-52.197273,3.3288972,1.9519849,-1.3769124,-70.539085
fe633d065b98671d,2693,80,6.062808,5.55054,-0.51226807,-9.229157,16.203669,15.14014,-1.063529,-7.024565
e48d6fe9398c28e8,3888,80,1.1931775,0.6799194,-0.51325804,-75.48807,3.0001686,1.242142,-1.7580266,-141.53186
c34fe8e79cdf1161,1082,23,0.8111975,0.2964448,-0.51475275,-173.64201,1.4835416,0.59237736,-0.89116424,-150.43861
f8f19f96a5392f6a,38,80,1.6320171,1.1171888,-0.5148283,-46.08248,5.3469925,4.1695766,-1.1774158,-28.238258
b590950f49280a1f,998,80,3.2757416,2.7576828,-0.5180588,-18.786018,9.260918,8.177683,-1.0832348,-13.246231
fc6e5e632133a8ec,3631,36,0.70014703,0.18112855,-0.5190185,-286.54703,1.4796829,0.26288196,-1.2168009,-462.8697
fc4c1deb1f91629,524,80,3.0999475,2.5723362,-0.52761126,-20.510977,8.971963,7.9325824,-1.0393806,-13.102676
62f416405e5b3686,6357,76,0.74945664,0.21860485,-0.5308518,-242.83624,1.6000124,0.6430038,-0.9570086,-148.83405
4a2d2bf11c70dca,5045,80,1.0478145,0.5152787,-0.5325358,-103.349075,3.4661653,1.5903121,-1.8758532,-117.95503
a6c120f2594603dc,3412,33,1.3979743,0.8653307,-0.53264356,-61.553757,3.3739336,1.9216928,-1.4522407,-75.57091
874499c43fd68c90,6123,80,1.2247036,0.69159997,-0.5331036,-77.08265,4.1101727,2.4595988,-1.650574,-67.107445
72e910ebae2345a1,9309,75,2.5568845,2.022281,-0.5346036,-26.435673,5.661289,5.0529504,-0.60833883,-12.03928
5311d752859bd716,4427,32,1.3072389,0.7689683,-0.53827065,-69.99907,2.979822,1.7067838,-1.2730381,-74.58696
9e6376ccfeca17a2,7150,74,1.3050519,0.76407194,-0.54098,-70.80223,3.9998217,2.3179317,-1.68189,-72.559944
890d1b44b2aff18d,2949,76,1.0385593,0.4843965,-0.55416286,-114.40273,1.2712027,0.994767,-0.27643567,-27.788988
ec6f1afcebeb5c64,2503,38,1.4122357,0.85728455,-0.5549512,-64.733604,3.3585382,2.172167,-1.1863711,-54.616936
681149cbfdbbf010,751,48,0.79297584,0.23426835,-0.5587075,-238.49037,1.7907367,0.4658848,-1.3248519,-284.3733
1027c3898a5e4ad,2351,45,1.1287662,0.5694715,-0.5592947,-98.212944,3.5627909,2.3191068,-1.243684,-53.627716
adb3b4dff6e99331,2933,66,1.6483183,1.0848398,-0.56347847,-51.94117,3.474214,2.8017302,-0.6724839,-24.002453
9884a465d938da14,426,43,1.118013,0.5537915,-0.5642215,-101.88338,2.774351,1.3814329,-1.392918,-100.83139
9d8bdb4cd3ebff90,4702,75,0.9804113,0.4146365,-0.5657748,-136.45079,2.2781115,1.075754,-1.2023574,-111.76881
9f0aa07df928a69c,4593,41,3.074795,2.5058455,-0.56894946,-22.70489,5.964783,4.656681,-1.3081021,-28.090868
321c7b91e77175e2,1018,54,1.5202341,0.9512078,-0.5690263,-59.82145,2.5994208,1.6235524,-0.97586834,-60.10698
8feaee18760158b4,410,80,2.768208,2.1957183,-0.57248974,-26.073006,6.561817,5.6419086,-0.9199085,-16.304918
11892a15469cc297,8071,80,1.4953821,0.9173217,-0.5780604,-63.016106,3.3077226,2.6228385,-0.6848841,-26.112324
2209dc4169e85b90,5335,32,1.8694679,1.2913771,-0.5780908,-44.765453,4.8915367,3.554887,-1.3366497,-37.60034
3731adb0903d3908,970,61,1.2959248,0.7082845,-0.5876403,-82.966705,3.141524,1.5563666,-1.5851575,-101.84988
9e19ae45b281832c,4747,17,0.9795851,0.38980606,-0.589779,-151.30063,1.6791296,0.33266434,-1.3464652,-404.75192
ca76268bd722a772,782,80,1.1132756,0.5131442,-0.60013145,-116.95181,2.3868525,1.7029406,-0.6839119,-40.160645
805a22fec363f2fa,7101,80,3.271862,2.659851,-0.61201096,-23.009218,9.554952,8.494566,-1.0603857,-12.483107
7803609bb127901f,3217,80,0.96146595,0.34681815,-0.6146478,-177.22481,1.9994434,0.7407541,-1.2586893,-169.91998
54c96f039d90f80c,5327,32,1.6581696,1.0434332,-0.61473644,-58.914787,3.8008833,2.3330479,-1.4678354,-62.914932
7adea007fa84db23,639,35,0.9931088,0.3761433,-0.61696553,-164.02406,2.4974997,0.33935547,-2.1581442,-635.95386
40d1558badca8392,3323,31,1.2599708,0.6422307,-0.6177401,-96.18664,2.4879127,1.1954244,-1.2924882,-108.119606
b4006343858f36ff,3941,80,0.9631318,0.34293908,-0.6201927,-180.84633,2.6502833,1.0328841,-1.6173992,-156.59058
80c2960c10004fba,43,80,2.3052945,1.6793054,-0.6259891,-37.27667,4.864302,3.634444,-1.2298582,-33.838963
9e5337d2083a88e8,72,80,5.5494075,4.918355,-0.6310525,-12.83056,12.093986,10.85059,-1.2433958,-11.459247
3b28149a133e4549,1456,50,0.9745428,0.33962223,-0.6349206,-186.94908,2.067179,0.8614636,-1.2057154,-139.96127
f71920be7bc6060,1013,80,0.9428733,0.3054622,-0.6374111,-208.67102,1.7836668,0.7143734,-1.0692935,-149.68271
65db0e26b21472d1,4848,80,4.4265933,3.7887757,-0.6378176,-16.834398,10.8883,9.070425,-1.8178749,-20.041782
4e260387776cfa80,2720,80,1.1481282,0.5027874,-0.64534074,-128.3526,2.0756316,1.4186493,-0.6569823,-46.31041
6f82fd17e0ee8ee1,3435,80,0.8732562,0.22354563,-0.6497106,-290.63892,1.7264645,0.46620864,-1.2602558,-270.32013
276314c68b6fe3fd,1628,80,0.9568715,0.30190068,-0.6549708,-216.94911,1.8961844,0.64373815,-1.2524463,-194.55835
37bb93a445bb7604,7128,80,1.1820841,0.52175725,-0.66032684,-126.55824,0.85489035,1.8971202,1.0422299,54.93747
631a7975f570da30,3264,15,0.98633176,0.32388955,-0.6624422,-204.52719,1.7627083,0.38931644,-1.3733919,-352.77008
b47d00b3ac3e25f,1591,59,3.9221125,3.2588043,-0.66330814,-20.354342,9.282399,7.3759775,-1.9064217,-25.84636
cb93720b8ceaec51,3070,80,2.036761,1.370396,-0.666365,-48.62573,5.8893275,3.8634295,-2.025898,-52.437813
8473b874418b8d4f,1007,25,1.1274709,0.45739982,-0.670071,-146.49568,2.9609811,1.2838157,-1.6771654,-130.6391
ca9b3d6e07d80f4e,2876,80,1.0200905,0.34081563,-0.6792748,-199.30858,2.0351593,0.89279395,-1.1423655,-127.95398
225ab83c8908b388,402,80,0.95860815,0.2699509,-0.6886573,-255.10464,2.0632534,0.80888224,-1.2543712,-155.07463
610a2ead4bc106bb,1240,52,2.2213666,1.5285989,-0.69276774,-45.32044,6.86972,4.975492,-1.894228,-38.07117
12ff9dfb02d25dc2,3068,40,1.3597044,0.6620244,-0.69768,-105.38585,3.3519106,1.9218647,-1.4300458,-74.40929
34c42af8671a4af5,1795,70,1.229693,0.5210082,-0.70868486,-136.02184,3.0853531,1.521354,-1.5639992,-102.80311
dee356bbe5073234,2655,42,2.0339372,1.3230727,-0.71086454,-53.728306,4.3139653,2.3179717,-1.9959936,-86.10949
d00d190239106a13,4767,80,0.91121876,0.19981247,-0.7114063,-356.037,1.9473988,0.5047156,-1.4426832,-285.84082
3c4b000b954e00a2,4097,80,3.3830686,2.664325,-0.71874356,-26.976574,7.7498736,7.108406,-0.6414676,-9.02407
dceb3606d199ebf2,1226,73,1.4465685,0.72404003,-0.72252846,-99.79123,2.8527756,1.23585,-1.6169256,-130.8351
fdefcebcd4686bd0,4842,58,3.3347285,2.6099334,-0.7247951,-27.770636,7.1891117,5.3896008,-1.799511,-33.388577
b552b90f178d6b7d,6958,22,1.2710072,0.5430271,-0.7279801,-134.05962,2.2952712,1.4467282,-0.8485429,-58.652542
49b0e1cfeade339f,4493,64,6.1058555,5.372258,-0.7335973,-13.655287,13.817077,12.065737,-1.7513399,-14.514986
3505b3923696d4ce,2276,28,1.0737098,0.33780548,-0.73590434,-217.84854,2.8589876,0.91653967,-1.9424479,-211.93279
951fc0fc05aa1a69,1556,55,2.677871,1.9312999,-0.74657106,-38.656403,7.534028,5.523665,-2.010363,-36.39546
45d2279e714505af,3359,79,0.9577643,0.20762226,-0.7501421,-361.30136,1.9090939,0.6049397,-1.3041542,-215.58415
2ef0b3ed00df5367,3144,59,2.680346,1.9260616,-0.7542844,-39.162006,7.8652916,5.814729,-2.0505624,-35.26497
b5c9557cfce58a04,2501,80,0.8734209,0.1184577,-0.7549632,-637.3273,1.9648141,0.38804927,-1.5767648,-406.33105
eff5e927bf1ee8fa,2363,80,2.078034,1.3214133,-0.75662065,-57.25844,6.145044,4.1859546,-1.9590893,-46.80149
8b70b68b54a0eb68,1304,80,1.121753,0.35613406,-0.7656189,-214.98053,2.398688,0.9161835,-1.4825046,-161.81306
ddd2e5aac939ac37,1070,74,2.9812584,2.2103333,-0.77092505,-34.878223,7.0160584,5.009383,-2.0066752,-40.05833
3de1e6bfe947b2fd,2457,80,1.1310045,0.35979146,-0.771213,-214.35,2.3075197,0.67971677,-1.6278028,-239.48253
bb684a0f3c897624,537,79,3.8097541,3.0315328,-0.77822137,-25.670889,9.705328,7.7784824,-1.9268456,-24.771484
9d1338b8716d1882,598,43,1.634294,0.8503323,-0.7839617,-92.19474,4.6450524,2.2535834,-2.391469,-106.1185
57a6f5f979395b89,1785,78,1.1701254,0.38088784,-0.7892375,-207.20995,1.2813344,1.543815,0.26248062,17.002077
7ffb4392cf9871cb,1880,80,2.4851303,1.6883442,-0.79678607,-47.193344,6.5974207,4.3174586,-2.279962,-52.807964
1523ba865b8b0e92,6639,80,4.1918006,3.390704,-0.8010967,-23.626265,9.3228,7.267582,-2.0552177,-28.279251
5a62907c3b4d7361,876,71,3.1345146,2.3332474,-0.80126715,-34.341286,7.185392,5.1848702,-2.0005217,-38.58383
1a538fb13d872143,1567,79,1.7827361,0.9789046,-0.80383146,-82.1154,4.1635413,1.8994551,-2.2640862,-119.19662
1b57b7deb0244a4c,2039,47,2.5671823,1.7513803,-0.815802,-46.580513,4.456595,2.8709822,-1.5856128,-55.22893
5b788f5d4a51e108,2833,48,2.1970637,1.3809104,-0.8161533,-59.102554,5.2986236,3.3694866,-1.929137,-57.253147
2605cd2c1ded85a5,423,79,1.9312742,1.1079617,-0.8233125,-74.308754,2.993992,1.6913457,-1.3026464,-77.01834
928bdbaee4c6d0f,1583,80,3.7885349,2.9608305,-0.8277044,-27.955145,11.486406,9.498415,-1.9879913,-20.929716
530d841318411fbb,3024,80,4.149702,3.321254,-0.82844806,-24.943832,9.286296,7.3909454,-1.8953505,-25.644222
a7677a6ae79dab5a,4541,80,2.147657,1.3137109,-0.833946,-63.480175,6.285496,4.2733073,-2.012189,-47.08739
4b08ba915d740b8a,463,80,1.633856,0.7830865,-0.8507696,-108.64311,4.2014227,2.4468198,-1.7546029,-71.709526
73dc1e16821111b4,85,80,2.884018,2.0325446,-0.85147333,-41.891987,5.16868,3.7965658,-1.3721144,-36.140938
f9d5c3d9b24c0c79,715,79,1.4077985,0.5513185,-0.85648,-155.35121,2.0065188,0.3904847,-1.6160342,-413.8534
fa7d90d5b9a4fd78,5527,70,4.4187045,3.5593126,-0.8593919,-24.144884,12.137354,10.097828,-2.039526,-20.19767
62f94b5fedf7c44a,2806,80,3.472908,2.6091084,-0.8637996,-33.10708,6.414871,4.4312153,-1.9836559,-44.765507
c15456733235577,370,23,1.0687486,0.20018801,-0.86856055,-433.8724,2.167018,0.22753155,-1.9394864,-852.40326
497f80c65ec1628f,3964,80,2.5195603,1.6438402,-0.87572014,-53.272827,5.7747197,3.2084548,-2.5662649,-79.98444
b60ac71cfaa19b18,857,80,1.6849506,0.80083895,-0.88411164,-110.398186,0.93169916,0.47629023,-0.45540893,-95.615845
ff2c2f38130ca398,2318,78,2.2001398,1.2946311,-0.90550864,-69.94337,5.54011,2.5417247,-2.9983854,-117.96657
d747203e5a5e3fdb,4906,78,2.4118676,1.4947778,-0.9170898,-61.35292,4.663774,2.9516346,-1.7121394,-58.006477
e6d6988719cfa478,3029,80,1.4585928,0.5293683,-0.9292245,-175.53459,3.054553,1.4459106,-1.6086425,-111.25463
fa3979d5e62e10f9,2776,80,3.0864463,2.1498163,-0.93663,-43.56791,7.3472705,5.006949,-2.3403215,-46.74147
c17cc22dee3a7643,3374,75,1.4296043,0.48752543,-0.9420788,-193.23686,2.1542425,1.5813895,-0.57285297,-36.22466
a20d8c7378f31817,180,60,3.409275,2.4665818,-0.94269323,-38.21861,7.411346,4.8210936,-2.5902524,-53.727486
a97671afd070133c,4363,80,4.5470076,3.6013646,-0.94564295,-26.257906,11.201376,8.796318,-2.405058,-27.341642
440a691ed9430a23,4911,80,2.4881303,1.5387161,-0.94941425,-61.701714,6.3411837,4.12324,-2.2179437,-53.791283
658636c4b11847e5,1791,80,1.4187089,0.44752365,-0.97118527,-217.01317,2.8589976,0.63700175,-2.2219958,-348.82098
4b9db49c23be6a23,314,80,3.4732456,2.4968743,-0.9763713,-39.10374,8.127409,6.366438,-1.7609711,-27.660223
774820c6684e1e7f,224,80,2.8855164,1.9035244,-0.981992,-51.588093,6.359726,4.1802683,-2.1794577,-52.13679
209e882fbbb4e905,4163,24,1.2574997,0.27477348,-0.9827262,-357.6496,2.8169448,0.21686299,-2.600082,-1198.9514
5b892f10e7701ee1,1568,80,3.1673398,2.1656764,-1.0016634,-46.251762,7.645707,5.071748,-2.5739594,-50.750935
3d36bfd5c2568404,74,76,3.2370853,2.2339077,-1.0031776,-44.906853,7.7376866,5.504482,-2.2332048,-40.570663
49888767f74864b6,7377,80,3.7404492,2.7324812,-1.007968,-36.888374,7.914195,5.3223443,-2.5918508,-48.69754
e183f0f9d2fb93e,1505,80,1.5003879,0.4770599,-1.0233281,-214.50725,3.0555124,1.1266369,-1.9288756,-171.2065
cb053ec7b615b0f7,3552,79,2.3276453,1.2866411,-1.0410042,-80.90867,6.0030146,3.827247,-2.1757677,-56.84942
4ce5b37bb5b2183b,2301,80,1.2179129,0.15579328,-1.0621196,-681.74927,2.4040117,0.30115458,-2.102857,-698.265
34bbab769c725985,543,68,2.0538368,0.9883546,-1.0654821,-107.803635,4.607442,1.2930943,-3.3143477,-256.31137
ab9d88432ff0e78c,4957,80,3.8545144,2.786573,-1.0679414,-38.324547,8.505798,6.193832,-2.3119664,-37.326916
757a3cc8e225905f,1895,80,1.2658939,0.19392689,-1.071967,-552.7687,3.046143,0.552929,-2.4932141,-450.91037
6e80670f86eeffcb,5041,80,2.8397908,1.7600858,-1.079705,-61.343884,8.927972,6.5118346,-2.4161372,-37.103786
6f2047e25a284d46,1541,80,1.8923972,0.7993865,-1.0930107,-136.73119,4.577075,1.9492102,-2.6278648,-134.81691
153c226ed1df2525,1419,71,3.6611848,2.5645013,-1.0966835,-42.764008,9.337678,6.6328797,-2.7047982,-40.77864
1de89c8ae330e339,1393,79,4.132896,3.0283172,-1.1045787,-36.475,8.759032,6.1216507,-2.6373816,-43.082848
b8c3519f51fa6637,694,80,4.8720818,3.7598252,-1.1122565,-29.582664,11.372799,8.925968,-2.4468307,-27.412498
af980ce2fe0bdb12,580,80,1.691952,0.57640177,-1.1155503,-193.53693,3.8899963,1.3223835,-2.5676126,-194.1655
83155ff6e5e08cc5,4420,80,2.6115267,1.4768155,-1.1347113,-76.83501,6.715076,4.246325,-2.468751,-58.13853
a4d81232d3cfeea3,3540,80,1.3083631,0.15405525,-1.1543078,-749.28174,2.7428522,0.22388268,-2.5189695,-1125.1293
429653c956a3f431,1217,64,1.7011112,0.5382733,-1.162838,-216.03114,3.5545244,0.74729574,-2.8072286,-375.6516
75325b809c2b6ea7,1303,80,1.7102365,0.5327643,-1.1774722,-221.01186,3.8532412,1.3441905,-2.5090508,-186.65887
811d8f0a53cbbb5d,1109,78,2.697957,1.5200446,-1.1779125,-77.49197,6.736725,3.7678943,-2.9688306,-78.79283
2afb88d570881dd3,3376,73,3.8087497,2.628826,-1.1799238,-44.88406,8.31702,5.8121743,-2.504846,-43.096542
abd14e95111f993,2099,74,1.6487234,0.44074434,-1.207979,-274.07703,3.9108663,0.82015264,-3.0907135,-376.84613
2861b9779fb4bd5d,2922,80,1.7911412,0.5813072,-1.209834,-208.12302,3.933989,1.3994718,-2.5345173,-181.10529
1812e58bd7d09da0,820,80,1.3743287,0.13697502,-1.2373537,-903.34265,2.8175175,0.33632478,-2.4811928,-737.7371
e335ceee28bd293d,4260,30,2.6597414,1.4155508,-1.2441906,-87.89445,4.1157413,1.5436007,-2.5721407,-166.63252
645e080215e00c5,5232,80,2.9454603,1.668761,-1.2766993,-76.50582,4.8705134,2.5651338,-2.3053796,-89.87366
d20f262a26847523,1630,79,17.593058,16.258118,-1.33494,-8.210913,37.05649,36.578182,-0.47830963,-1.3076364
bd839cf530a045f4,4148,80,3.3659782,2.0295901,-1.3363881,-65.84522,7.549249,4.568068,-2.9811811,-65.26131
42e6e5fb62882736,4836,80,3.4934106,2.138206,-1.3552046,-63.38045,8.209687,5.1783795,-3.0313077,-58.53776
fc0f7f54f498699,911,80,3.3918495,2.0197756,-1.3720739,-67.932,6.7459865,2.7156403,-4.030346,-148.41235
efdbdb66a91f14de,2123,75,3.8009205,2.3929012,-1.4080193,-58.841515,6.581772,4.3485136,-2.2332582,-51.356815
cdc9e2c982974032,1038,80,2.3257189,0.68809927,-1.6376196,-237.99176,6.854105,3.2985556,-3.5555494,-107.7911
af2c6ce9474717b8,7881,71,2.6579819,0.93604547,-1.7219365,-183.95863,5.3974257,2.6194813,-2.7779443,-106.04941
e7a83275c1c9321b,2649,80,4.3745146,2.603456,-1.7710586,-68.02721,11.087175,7.1938367,-3.8933387,-54.120476
471398eeec8fbe22,4144,80,3.3393083,1.5564795,-1.7828288,-114.54239,8.309374,4.6957326,-3.6136413,-76.95586
e2ac17f99521911e,28,77,3.2755427,1.4107689,-1.8647739,-132.18138,7.9852986,3.9095504,-4.0757484,-104.251076
195117afd8cd0754,2396,80,2.2738492,0.33412325,-1.939726,-580.54205,5.5443087,0.8461648,-4.698144,-555.22797
c41b9145ea18b840,4464,80,3.2386336,1.085343,-2.1532907,-198.39725,4.4498053,0.5544483,-3.895357,-702.56445
c425a62ff15bbe60,5106,25,4.250591,1.7354212,-2.5151696,-144.93137,8.268707,4.3714,-3.8973074,-89.15468
8f5497ec9880287c,5740,8,2.919998,0.39561805,-2.52438,-638.08514,3.598696,0.28075504,-3.317941,-1181.7921
6c3475cc646c7619,2756,80,3.7285163,0.99208844,-2.7364278,-275.82498,7.925459,2.0079465,-5.9175124,-294.70468
39d04ff76d6abe83,113,68,4.696716,1.7333386,-2.9633772,-170.96355,8.558726,2.5085015,-6.050225,-241.18881
2a9ebb0f5a31258f,506,80,4.907197,1.1507585,-3.7564385,-326.43152,9.774428,1.5798601,-8.194569,-518.6895
